battery_power,blue,clock_speed,dual_sim,fc,four_g,int_memory,m_dep,mobile_wt,n_cores,pc,px_height,px_width,ram,sc_h,sc_w,talk_time,three_g,touch_screen,wifi,price_range,source,edge_case_type
633.0,1.0,2.6,1.0,6.0,1.0,27.0,0.6,84.0,2.0,19.0,461.0,905.0,1123.0,15.0,1.0,11.0,0.0,1.0,0.0,0,synthetic_train,
1660.0,0.0,1.6,1.0,4.0,0.0,48.0,0.9,167.0,7.0,10.0,756.0,1365.0,1556.0,14.0,11.0,4.0,0.0,1.0,0.0,1,synthetic_train,
1481.0,0.0,2.9,0.0,10.0,0.0,7.0,0.4,105.0,5.0,12.0,56.0,1944.0,3478.0,18.0,1.0,8.0,1.0,0.0,1.0,3,synthetic_train,
1158.0,0.0,2.1,0.0,13.0,0.0,58.0,0.1,166.0,1.0,7.0,1380.0,1565.0,640.0,10.0,2.0,17.0,1.0,1.0,1.0,0,synthetic_train,
1149.0,1.0,0.8,1.0,5.0,1.0,34.0,0.8,148.0,6.0,18.0,1801.0,966.0,662.0,16.0,3.0,13.0,1.0,1.0,1.0,0,synthetic_train,
1787.0,0.0,2.7,1.0,15.0,1.0,39.0,0.7,104.0,8.0,1.0,1542.0,1515.0,1386.0,8.0,3.0,20.0,1.0,0.0,1.0,2,synthetic_train,
628.0,0.0,1.7,0.0,12.0,1.0,13.0,0.6,136.0,2.0,5.0,606.0,1949.0,2513.0,19.0,1.0,16.0,1.0,0.0,0.0,2,synthetic_train,
1546.0,0.0,0.9,0.0,3.0,0.0,35.0,0.8,84.0,8.0,20.0,946.0,862.0,3275.0,6.0,18.0,8.0,0.0,0.0,1.0,3,synthetic_train,
802.0,1.0,0.9,0.0,18.0,1.0,2.0,0.9,164.0,7.0,10.0,1877.0,848.0,2361.0,16.0,15.0,16.0,0.0,1.0,1.0,1,synthetic_train,
641.0,1.0,2.2,1.0,0.0,0.0,58.0,0.6,116.0,6.0,3.0,834.0,558.0,2103.0,6.0,9.0,18.0,1.0,1.0,1.0,1,synthetic_train,
1289.0,0.0,0.6,1.0,13.0,0.0,49.0,1.0,126.0,3.0,8.0,1645.0,1762.0,3515.0,18.0,7.0,13.0,1.0,1.0,0.0,3,synthetic_train,
1963.0,0.0,1.2,0.0,8.0,0.0,30.0,0.7,99.0,1.0,5.0,1132.0,1748.0,898.0,19.0,3.0,16.0,1.0,0.0,0.0,1,synthetic_train,
1603.0,0.0,0.8,0.0,13.0,1.0,54.0,0.7,124.0,4.0,11.0,978.0,1120.0,3631.0,17.0,18.0,11.0,1.0,0.0,0.0,3,synthetic_train,
1641.0,1.0,1.6,0.0,15.0,1.0,53.0,0.4,127.0,7.0,4.0,1147.0,1807.0,1426.0,16.0,15.0,19.0,1.0,1.0,0.0,1,synthetic_train,
1576.0,1.0,1.5,1.0,13.0,1.0,9.0,0.1,107.0,5.0,8.0,438.0,1476.0,1288.0,12.0,14.0,6.0,1.0,0.0,1.0,0,synthetic_train,
1679.0,0.0,1.8,0.0,13.0,1.0,5.0,0.3,198.0,6.0,19.0,834.0,1967.0,3825.0,8.0,8.0,10.0,1.0,1.0,1.0,3,synthetic_train,
1269.0,0.0,1.2,0.0,16.0,0.0,17.0,0.8,113.0,7.0,1.0,596.0,1883.0,2673.0,19.0,0.0,6.0,1.0,0.0,0.0,1,synthetic_train,
692.0,1.0,0.6,0.0,14.0,1.0,2.0,0.7,101.0,3.0,16.0,1485.0,1938.0,1872.0,12.0,12.0,3.0,0.0,1.0,1.0,1,synthetic_train,
1759.0,1.0,2.0,0.0,16.0,0.0,38.0,0.4,146.0,1.0,1.0,1200.0,1088.0,1491.0,17.0,9.0,13.0,1.0,0.0,1.0,2,synthetic_train,
1175.0,0.0,1.4,1.0,8.0,1.0,35.0,0.7,118.0,8.0,9.0,783.0,1450.0,1908.0,15.0,5.0,4.0,1.0,0.0,1.0,1,synthetic_train,
1250.0,0.0,2.1,0.0,4.0,0.0,35.0,0.3,134.0,5.0,14.0,1612.0,750.0,3219.0,15.0,5.0,6.0,1.0,0.0,1.0,2,synthetic_train,
1056.0,1.0,0.8,0.0,4.0,1.0,6.0,0.3,167.0,5.0,20.0,888.0,1840.0,828.0,10.0,1.0,16.0,0.0,0.0,1.0,0,synthetic_train,
773.0,1.0,0.5,1.0,12.0,1.0,59.0,1.0,89.0,5.0,5.0,1869.0,976.0,908.0,11.0,16.0,6.0,0.0,1.0,0.0,1,synthetic_train,
1890.0,1.0,1.1,0.0,10.0,1.0,63.0,0.5,141.0,7.0,1.0,1187.0,1171.0,1395.0,11.0,3.0,18.0,1.0,1.0,1.0,2,synthetic_train,
1672.0,0.0,1.6,0.0,1.0,1.0,39.0,0.3,82.0,7.0,15.0,1736.0,1390.0,2060.0,14.0,15.0,2.0,0.0,1.0,0.0,2,synthetic_train,
1465.0,0.0,1.5,1.0,4.0,0.0,2.0,0.5,85.0,6.0,18.0,1935.0,1680.0,3305.0,15.0,18.0,10.0,1.0,0.0,1.0,3,synthetic_train,
1103.0,1.0,2.5,1.0,19.0,0.0,26.0,0.4,91.0,7.0,11.0,641.0,1596.0,1044.0,7.0,0.0,3.0,0.0,1.0,1.0,0,synthetic_train,
1734.0,1.0,1.4,0.0,14.0,1.0,47.0,0.8,99.0,3.0,1.0,511.0,1932.0,3198.0,8.0,11.0,3.0,1.0,1.0,0.0,3,synthetic_train,
1318.0,1.0,1.8,0.0,15.0,1.0,49.0,1.0,122.0,6.0,10.0,1638.0,1568.0,3653.0,5.0,1.0,17.0,1.0,0.0,1.0,3,synthetic_train,
1165.0,0.0,2.0,1.0,3.0,0.0,17.0,0.6,193.0,8.0,8.0,454.0,1693.0,1886.0,12.0,15.0,3.0,0.0,0.0,1.0,1,synthetic_train,
1175.0,1.0,0.6,0.0,1.0,1.0,53.0,0.6,189.0,2.0,9.0,1474.0,1358.0,3854.0,15.0,9.0,18.0,1.0,0.0,0.0,3,synthetic_train,
840.0,0.0,1.8,1.0,5.0,0.0,62.0,0.4,92.0,5.0,1.0,346.0,1123.0,3600.0,8.0,0.0,13.0,0.0,0.0,0.0,2,synthetic_train,
638.0,0.0,1.4,1.0,17.0,1.0,34.0,0.6,199.0,6.0,6.0,1705.0,1869.0,3239.0,15.0,14.0,11.0,1.0,1.0,0.0,3,synthetic_train,
1331.0,1.0,1.6,0.0,10.0,0.0,26.0,0.4,156.0,5.0,20.0,1352.0,1066.0,1679.0,5.0,14.0,19.0,1.0,0.0,0.0,1,synthetic_train,
1831.0,1.0,0.8,1.0,15.0,0.0,35.0,0.1,146.0,8.0,0.0,1021.0,1429.0,1381.0,17.0,17.0,9.0,1.0,0.0,0.0,1,synthetic_train,
595.0,1.0,2.5,0.0,9.0,1.0,3.0,0.9,175.0,4.0,19.0,880.0,937.0,3491.0,15.0,9.0,9.0,0.0,0.0,1.0,2,synthetic_train,
1787.0,1.0,2.9,1.0,9.0,1.0,34.0,0.5,138.0,2.0,10.0,1249.0,1223.0,1908.0,15.0,17.0,9.0,0.0,0.0,1.0,2,synthetic_train,
1741.0,0.0,0.6,0.0,12.0,1.0,3.0,0.5,112.0,2.0,12.0,762.0,1050.0,374.0,15.0,12.0,14.0,0.0,1.0,0.0,0,synthetic_train,
915.0,1.0,2.0,0.0,19.0,1.0,4.0,0.2,144.0,7.0,19.0,780.0,887.0,2940.0,10.0,9.0,18.0,1.0,0.0,0.0,2,synthetic_train,
1447.0,0.0,2.4,1.0,8.0,1.0,36.0,0.9,167.0,6.0,4.0,400.0,1730.0,1555.0,19.0,6.0,12.0,0.0,1.0,0.0,1,synthetic_train,
747.0,0.0,1.2,1.0,11.0,0.0,34.0,0.3,162.0,5.0,20.0,309.0,1650.0,3758.0,16.0,5.0,7.0,0.0,1.0,0.0,2,synthetic_train,
1637.0,1.0,2.5,0.0,18.0,1.0,64.0,0.5,100.0,4.0,5.0,1747.0,1551.0,3456.0,7.0,11.0,18.0,1.0,1.0,1.0,3,synthetic_train,
1550.0,1.0,2.1,1.0,7.0,1.0,33.0,0.9,193.0,4.0,7.0,1469.0,624.0,646.0,18.0,14.0,13.0,0.0,0.0,0.0,0,synthetic_train,
1031.0,1.0,2.8,0.0,16.0,1.0,63.0,0.5,114.0,8.0,9.0,869.0,874.0,3629.0,16.0,0.0,17.0,0.0,1.0,1.0,2,synthetic_train,
601.0,0.0,3.0,0.0,10.0,1.0,52.0,0.9,179.0,6.0,12.0,1631.0,826.0,3810.0,9.0,7.0,10.0,0.0,0.0,1.0,3,synthetic_train,
1956.0,1.0,0.6,0.0,17.0,0.0,23.0,0.3,117.0,8.0,6.0,1191.0,1566.0,3087.0,19.0,0.0,5.0,1.0,0.0,0.0,3,synthetic_train,
1168.0,0.0,1.6,0.0,9.0,1.0,60.0,0.7,87.0,7.0,16.0,1174.0,1837.0,1286.0,8.0,7.0,19.0,1.0,0.0,0.0,1,synthetic_train,
1839.0,1.0,1.9,1.0,12.0,1.0,32.0,1.0,200.0,7.0,0.0,220.0,1068.0,2763.0,14.0,15.0,14.0,1.0,0.0,1.0,2,synthetic_train,
1516.0,1.0,0.9,1.0,6.0,0.0,39.0,0.6,151.0,5.0,13.0,1055.0,995.0,3504.0,15.0,13.0,7.0,1.0,0.0,1.0,3,synthetic_train,
1667.0,1.0,1.3,1.0,12.0,1.0,8.0,0.7,105.0,2.0,13.0,211.0,1336.0,3308.0,19.0,2.0,18.0,1.0,1.0,1.0,3,synthetic_train,
1639.0,0.0,3.0,0.0,6.0,0.0,15.0,0.5,80.0,6.0,11.0,1341.0,1980.0,1869.0,13.0,13.0,2.0,1.0,1.0,0.0,2,synthetic_train,
791.0,0.0,0.5,1.0,12.0,1.0,34.0,0.8,95.0,6.0,12.0,132.0,1055.0,2904.0,19.0,0.0,19.0,1.0,0.0,0.0,1,synthetic_train,
1045.0,0.0,1.6,0.0,15.0,1.0,19.0,0.9,100.0,5.0,15.0,1008.0,917.0,1700.0,9.0,0.0,12.0,1.0,0.0,1.0,1,synthetic_train,
1200.0,1.0,2.6,1.0,8.0,0.0,39.0,0.7,192.0,1.0,18.0,720.0,1281.0,1207.0,17.0,17.0,13.0,0.0,0.0,1.0,0,synthetic_train,
1246.0,1.0,1.3,1.0,8.0,1.0,7.0,0.9,101.0,8.0,4.0,256.0,1872.0,2774.0,8.0,0.0,2.0,1.0,0.0,0.0,2,synthetic_train,
565.0,0.0,1.7,1.0,6.0,0.0,17.0,0.6,99.0,7.0,10.0,927.0,1593.0,2001.0,19.0,5.0,5.0,0.0,0.0,1.0,0,synthetic_train,
1319.0,1.0,2.9,1.0,14.0,1.0,43.0,0.6,181.0,3.0,11.0,393.0,1276.0,1097.0,16.0,2.0,15.0,0.0,1.0,0.0,1,synthetic_train,
731.0,1.0,1.7,0.0,11.0,1.0,40.0,0.4,186.0,4.0,7.0,479.0,1595.0,2729.0,14.0,11.0,12.0,0.0,1.0,1.0,2,synthetic_train,
1615.0,0.0,0.8,1.0,10.0,0.0,63.0,0.7,105.0,1.0,20.0,1745.0,522.0,1460.0,5.0,9.0,4.0,1.0,1.0,1.0,1,synthetic_train,
1524.0,0.0,0.6,1.0,0.0,0.0,58.0,0.9,158.0,8.0,10.0,685.0,1629.0,2456.0,12.0,15.0,14.0,1.0,0.0,1.0,2,synthetic_train,
1883.0,1.0,2.9,0.0,2.0,0.0,53.0,0.7,144.0,2.0,12.0,792.0,646.0,1608.0,7.0,18.0,16.0,0.0,1.0,1.0,1,synthetic_train,
1617.0,1.0,1.2,1.0,0.0,0.0,2.0,0.3,149.0,4.0,4.0,12.0,1086.0,3568.0,18.0,14.0,7.0,1.0,0.0,1.0,3,synthetic_train,
1049.0,0.0,1.8,0.0,17.0,0.0,39.0,0.6,117.0,4.0,8.0,589.0,1024.0,3439.0,10.0,8.0,15.0,0.0,1.0,1.0,2,synthetic_train,
1951.0,1.0,0.7,0.0,17.0,0.0,16.0,0.8,170.0,3.0,13.0,688.0,1535.0,2029.0,17.0,0.0,20.0,1.0,1.0,1.0,2,synthetic_train,
1116.0,1.0,1.6,1.0,1.0,0.0,18.0,0.9,186.0,6.0,8.0,1410.0,859.0,2915.0,18.0,17.0,11.0,1.0,0.0,0.0,3,synthetic_train,
988.0,1.0,2.8,1.0,0.0,0.0,15.0,0.2,167.0,8.0,16.0,233.0,857.0,922.0,6.0,10.0,6.0,1.0,1.0,0.0,0,synthetic_train,
1858.0,1.0,1.8,0.0,15.0,0.0,30.0,0.2,189.0,7.0,2.0,1823.0,1825.0,3989.0,16.0,4.0,20.0,0.0,0.0,0.0,3,synthetic_train,
1055.0,1.0,2.9,1.0,10.0,0.0,9.0,0.5,93.0,5.0,3.0,251.0,1215.0,1059.0,9.0,10.0,19.0,1.0,0.0,1.0,0,synthetic_train,
614.0,0.0,1.1,1.0,6.0,1.0,35.0,0.2,159.0,2.0,7.0,1280.0,1611.0,3501.0,6.0,7.0,10.0,0.0,1.0,1.0,2,synthetic_train,
1204.0,0.0,1.8,0.0,12.0,1.0,12.0,1.0,200.0,7.0,6.0,8.0,1374.0,3422.0,8.0,6.0,10.0,1.0,1.0,1.0,2,synthetic_train,
1693.0,0.0,2.6,0.0,4.0,0.0,33.0,0.5,144.0,3.0,17.0,1607.0,1429.0,922.0,13.0,8.0,17.0,1.0,1.0,1.0,1,synthetic_train,
784.0,1.0,1.6,0.0,3.0,1.0,41.0,0.6,193.0,8.0,18.0,1365.0,1529.0,288.0,17.0,14.0,2.0,1.0,0.0,0.0,0,synthetic_train,
1194.0,0.0,1.2,1.0,7.0,0.0,13.0,0.3,122.0,4.0,9.0,1642.0,1500.0,3014.0,15.0,3.0,7.0,1.0,0.0,1.0,3,synthetic_train,
694.0,0.0,2.6,0.0,17.0,1.0,8.0,0.5,188.0,5.0,10.0,1826.0,1867.0,3509.0,8.0,18.0,12.0,0.0,0.0,1.0,3,synthetic_train,
1529.0,1.0,1.5,1.0,15.0,0.0,52.0,1.0,193.0,4.0,6.0,1635.0,1676.0,2937.0,9.0,1.0,14.0,0.0,1.0,0.0,3,synthetic_train,
1213.0,0.0,1.8,1.0,3.0,0.0,48.0,0.5,155.0,4.0,11.0,1218.0,956.0,464.0,9.0,2.0,13.0,0.0,0.0,1.0,0,synthetic_train,
995.0,0.0,2.9,1.0,11.0,1.0,18.0,0.1,165.0,2.0,14.0,1644.0,754.0,2671.0,16.0,12.0,9.0,0.0,1.0,0.0,2,synthetic_train,
840.0,0.0,1.0,0.0,17.0,0.0,57.0,0.3,143.0,5.0,15.0,188.0,1767.0,1721.0,12.0,2.0,18.0,1.0,0.0,0.0,1,synthetic_train,
1346.0,0.0,1.3,0.0,19.0,1.0,15.0,1.0,118.0,4.0,20.0,1265.0,1058.0,3683.0,5.0,14.0,14.0,0.0,0.0,1.0,3,synthetic_train,
1504.0,0.0,0.6,1.0,15.0,0.0,60.0,1.0,144.0,7.0,12.0,1940.0,966.0,3251.0,6.0,13.0,12.0,1.0,0.0,0.0,3,synthetic_train,
1910.0,1.0,1.5,1.0,2.0,0.0,9.0,0.3,196.0,4.0,7.0,739.0,666.0,3246.0,6.0,8.0,19.0,1.0,0.0,1.0,3,synthetic_train,
1155.0,0.0,1.0,0.0,4.0,0.0,43.0,0.7,81.0,8.0,1.0,1913.0,1327.0,1781.0,19.0,8.0,3.0,1.0,1.0,1.0,1,synthetic_train,
741.0,0.0,2.2,1.0,4.0,1.0,3.0,0.2,104.0,3.0,14.0,993.0,1267.0,1461.0,12.0,18.0,15.0,0.0,0.0,1.0,1,synthetic_train,
1749.0,1.0,1.0,1.0,3.0,0.0,14.0,0.6,140.0,3.0,16.0,918.0,1741.0,3334.0,12.0,15.0,19.0,0.0,0.0,0.0,3,synthetic_train,
1444.0,0.0,2.2,1.0,3.0,1.0,27.0,0.2,121.0,1.0,11.0,588.0,1622.0,687.0,16.0,12.0,14.0,1.0,1.0,1.0,0,synthetic_train,
1550.0,1.0,1.2,0.0,6.0,1.0,7.0,0.8,155.0,6.0,19.0,211.0,1584.0,631.0,7.0,2.0,12.0,1.0,1.0,1.0,0,synthetic_train,
645.0,1.0,1.4,1.0,11.0,1.0,30.0,0.9,123.0,1.0,6.0,1718.0,1307.0,488.0,5.0,11.0,8.0,0.0,1.0,0.0,0,synthetic_train,
968.0,1.0,1.4,1.0,7.0,1.0,16.0,0.3,159.0,3.0,1.0,1413.0,1793.0,2170.0,9.0,0.0,7.0,0.0,0.0,0.0,1,synthetic_train,
1651.0,0.0,2.3,1.0,8.0,1.0,8.0,0.5,92.0,8.0,13.0,784.0,1973.0,538.0,8.0,4.0,12.0,0.0,1.0,0.0,0,synthetic_train,
1748.0,0.0,1.7,0.0,4.0,1.0,62.0,0.2,120.0,5.0,2.0,1885.0,1721.0,2436.0,16.0,13.0,19.0,0.0,0.0,1.0,3,synthetic_train,
1152.0,1.0,1.4,1.0,3.0,0.0,63.0,0.4,163.0,5.0,1.0,360.0,1021.0,882.0,17.0,7.0,10.0,0.0,1.0,0.0,0,synthetic_train,
1707.0,0.0,2.6,0.0,19.0,0.0,62.0,0.2,137.0,7.0,14.0,1527.0,914.0,3590.0,14.0,18.0,4.0,1.0,1.0,1.0,3,synthetic_train,
1762.0,1.0,1.9,1.0,11.0,1.0,11.0,0.3,166.0,7.0,9.0,886.0,501.0,1874.0,18.0,17.0,11.0,0.0,1.0,1.0,2,synthetic_train,
1081.0,0.0,1.0,0.0,4.0,0.0,26.0,1.0,156.0,8.0,12.0,1224.0,1988.0,606.0,11.0,1.0,3.0,1.0,1.0,0.0,0,synthetic_train,
1847.0,0.0,2.8,0.0,16.0,1.0,22.0,0.1,119.0,6.0,15.0,73.0,1598.0,2852.0,8.0,16.0,19.0,0.0,1.0,0.0,3,synthetic_train,
932.0,1.0,1.4,0.0,16.0,0.0,22.0,0.9,131.0,4.0,8.0,1197.0,1904.0,1523.0,9.0,16.0,12.0,0.0,0.0,1.0,1,synthetic_train,
859.0,1.0,0.6,0.0,19.0,0.0,28.0,0.2,196.0,2.0,12.0,1331.0,1680.0,1236.0,7.0,2.0,6.0,0.0,1.0,1.0,0,synthetic_train,
1523.0,1.0,1.7,0.0,3.0,0.0,34.0,0.6,196.0,3.0,11.0,1917.0,1144.0,2723.0,18.0,7.0,13.0,0.0,0.0,0.0,3,synthetic_train,
1455.0,1.0,0.8,0.0,12.0,0.0,32.0,0.5,84.0,6.0,12.0,678.0,717.0,3832.0,14.0,18.0,12.0,1.0,1.0,1.0,3,synthetic_train,
709.0,0.0,1.1,1.0,19.0,1.0,20.0,0.9,165.0,3.0,14.0,143.0,570.0,3923.0,16.0,0.0,11.0,1.0,1.0,0.0,2,synthetic_train,
1749.0,1.0,2.4,0.0,16.0,1.0,63.0,0.3,139.0,6.0,7.0,120.0,1687.0,1886.0,9.0,1.0,13.0,1.0,0.0,0.0,2,synthetic_train,
799.0,1.0,0.8,1.0,4.0,0.0,63.0,0.3,80.0,2.0,10.0,293.0,954.0,3431.0,15.0,9.0,19.0,0.0,0.0,1.0,2,synthetic_train,
1707.0,0.0,2.5,0.0,17.0,0.0,22.0,0.8,156.0,1.0,12.0,587.0,1068.0,1039.0,9.0,18.0,18.0,1.0,1.0,1.0,1,synthetic_train,
511.0,0.0,2.8,1.0,8.0,1.0,15.0,0.8,82.0,3.0,2.0,1629.0,1753.0,3424.0,11.0,5.0,6.0,0.0,1.0,0.0,3,synthetic_train,
1695.0,1.0,2.0,0.0,9.0,0.0,35.0,0.7,118.0,2.0,4.0,382.0,1221.0,3781.0,14.0,14.0,6.0,1.0,0.0,0.0,3,synthetic_train,
1680.0,0.0,2.3,1.0,11.0,1.0,25.0,0.1,163.0,7.0,1.0,284.0,1925.0,2191.0,19.0,13.0,20.0,1.0,1.0,1.0,2,synthetic_train,
1670.0,1.0,2.3,0.0,15.0,1.0,64.0,0.3,178.0,4.0,4.0,62.0,1319.0,2213.0,13.0,2.0,14.0,0.0,1.0,0.0,2,synthetic_train,
1497.0,0.0,3.0,0.0,2.0,0.0,29.0,0.9,129.0,4.0,9.0,751.0,1746.0,2368.0,15.0,5.0,2.0,1.0,0.0,1.0,1,synthetic_train,
1207.0,0.0,1.4,1.0,10.0,0.0,4.0,0.6,177.0,4.0,19.0,1183.0,688.0,529.0,13.0,11.0,12.0,0.0,0.0,0.0,0,synthetic_train,
1557.0,0.0,0.9,1.0,16.0,0.0,9.0,0.6,181.0,3.0,19.0,552.0,1094.0,3469.0,11.0,9.0,4.0,0.0,1.0,0.0,3,synthetic_train,
915.0,0.0,1.8,0.0,10.0,0.0,6.0,0.4,134.0,8.0,16.0,971.0,774.0,3016.0,18.0,4.0,2.0,1.0,0.0,1.0,2,synthetic_train,
1671.0,1.0,1.8,1.0,5.0,0.0,26.0,0.3,100.0,6.0,11.0,477.0,584.0,3511.0,19.0,3.0,5.0,1.0,0.0,0.0,3,synthetic_train,
1333.0,1.0,0.9,0.0,1.0,1.0,21.0,1.0,159.0,2.0,4.0,1568.0,1986.0,687.0,9.0,10.0,6.0,1.0,1.0,0.0,0,synthetic_train,
1188.0,1.0,2.0,0.0,10.0,0.0,55.0,0.8,81.0,2.0,7.0,50.0,1275.0,3258.0,18.0,15.0,3.0,1.0,1.0,1.0,2,synthetic_train,
1258.0,1.0,0.5,0.0,14.0,1.0,58.0,0.2,188.0,1.0,16.0,393.0,1030.0,1613.0,11.0,7.0,17.0,0.0,1.0,1.0,1,synthetic_train,
1353.0,0.0,2.8,1.0,10.0,1.0,10.0,0.9,126.0,3.0,19.0,1110.0,1064.0,3319.0,16.0,17.0,10.0,0.0,1.0,0.0,2,synthetic_train,
555.0,1.0,1.2,0.0,19.0,0.0,61.0,0.6,171.0,6.0,20.0,1651.0,861.0,3976.0,12.0,12.0,12.0,1.0,0.0,1.0,3,synthetic_train,
709.0,1.0,0.6,0.0,12.0,1.0,38.0,0.4,169.0,8.0,8.0,786.0,684.0,3548.0,16.0,7.0,18.0,0.0,1.0,1.0,3,synthetic_train,
868.0,1.0,0.8,0.0,10.0,0.0,21.0,0.5,137.0,4.0,10.0,136.0,1869.0,3682.0,18.0,13.0,17.0,1.0,1.0,0.0,3,synthetic_train,
671.0,1.0,1.1,1.0,1.0,1.0,27.0,0.8,197.0,1.0,10.0,1081.0,658.0,681.0,11.0,8.0,17.0,0.0,1.0,0.0,0,synthetic_train,
1159.0,1.0,1.2,0.0,11.0,1.0,29.0,0.4,176.0,1.0,1.0,530.0,1076.0,1486.0,15.0,14.0,5.0,0.0,1.0,1.0,1,synthetic_train,
1502.0,1.0,0.6,1.0,3.0,1.0,12.0,0.6,186.0,4.0,2.0,597.0,729.0,1351.0,12.0,18.0,16.0,0.0,1.0,1.0,1,synthetic_train,
1481.0,1.0,1.2,1.0,14.0,1.0,56.0,0.7,91.0,3.0,0.0,1808.0,1893.0,2178.0,16.0,14.0,20.0,0.0,0.0,1.0,3,synthetic_train,
1206.0,1.0,1.0,1.0,3.0,0.0,2.0,0.3,138.0,5.0,15.0,1846.0,808.0,3909.0,7.0,2.0,2.0,1.0,0.0,0.0,3,synthetic_train,
1782.0,1.0,1.4,1.0,18.0,0.0,6.0,0.9,195.0,1.0,4.0,507.0,1090.0,2823.0,15.0,1.0,18.0,0.0,1.0,1.0,2,synthetic_train,
1347.0,0.0,1.5,0.0,6.0,0.0,19.0,0.4,178.0,2.0,14.0,1159.0,1629.0,2295.0,13.0,15.0,18.0,0.0,0.0,0.0,2,synthetic_train,
618.0,0.0,1.3,0.0,8.0,1.0,11.0,0.5,134.0,5.0,7.0,1060.0,1354.0,3269.0,11.0,16.0,17.0,1.0,1.0,1.0,2,synthetic_train,
1647.0,1.0,1.3,1.0,2.0,0.0,5.0,0.7,88.0,3.0,16.0,1884.0,1072.0,916.0,10.0,10.0,9.0,1.0,0.0,1.0,1,synthetic_train,
1361.0,0.0,0.7,0.0,4.0,1.0,26.0,0.6,114.0,3.0,2.0,1855.0,1344.0,2728.0,15.0,4.0,5.0,0.0,1.0,1.0,3,synthetic_train,
1452.0,0.0,0.6,0.0,18.0,0.0,25.0,0.5,149.0,2.0,6.0,686.0,1154.0,2138.0,10.0,16.0,15.0,0.0,0.0,0.0,2,synthetic_train,
1348.0,1.0,1.0,0.0,5.0,1.0,9.0,0.7,157.0,1.0,4.0,49.0,933.0,1016.0,5.0,8.0,13.0,1.0,1.0,1.0,1,synthetic_train,
1330.0,1.0,2.4,1.0,10.0,1.0,53.0,0.9,191.0,3.0,9.0,4.0,1396.0,2673.0,19.0,5.0,15.0,1.0,1.0,1.0,2,synthetic_train,
635.0,1.0,3.0,1.0,19.0,0.0,57.0,0.8,91.0,3.0,11.0,9.0,1047.0,3401.0,11.0,6.0,6.0,0.0,0.0,1.0,2,synthetic_train,
1338.0,0.0,2.8,0.0,12.0,0.0,47.0,0.8,127.0,8.0,3.0,1532.0,1939.0,3356.0,7.0,5.0,5.0,1.0,0.0,0.0,3,synthetic_train,
1692.0,0.0,1.8,1.0,0.0,1.0,34.0,0.3,112.0,8.0,14.0,1450.0,1194.0,3411.0,8.0,5.0,19.0,1.0,1.0,1.0,3,synthetic_train,
955.0,1.0,1.8,1.0,7.0,0.0,61.0,0.5,196.0,4.0,20.0,1622.0,1633.0,3295.0,17.0,6.0,11.0,1.0,1.0,0.0,2,synthetic_train,
1404.0,1.0,1.3,1.0,7.0,0.0,24.0,0.6,100.0,3.0,0.0,273.0,851.0,2011.0,9.0,12.0,18.0,1.0,1.0,1.0,2,synthetic_train,
546.0,0.0,2.4,1.0,5.0,0.0,28.0,0.1,106.0,4.0,1.0,115.0,1467.0,440.0,9.0,0.0,19.0,1.0,0.0,0.0,0,synthetic_train,
1021.0,1.0,2.4,1.0,4.0,1.0,2.0,0.8,116.0,5.0,19.0,334.0,1338.0,3869.0,12.0,6.0,10.0,1.0,0.0,1.0,3,synthetic_train,
1155.0,0.0,2.6,0.0,10.0,0.0,46.0,0.4,92.0,4.0,13.0,1226.0,1615.0,1953.0,5.0,3.0,6.0,1.0,0.0,1.0,1,synthetic_train,
1974.0,1.0,2.7,1.0,7.0,0.0,7.0,0.4,157.0,7.0,19.0,17.0,1192.0,2624.0,13.0,12.0,19.0,1.0,1.0,0.0,2,synthetic_train,
821.0,1.0,1.6,0.0,5.0,1.0,43.0,0.3,143.0,8.0,14.0,1296.0,1578.0,332.0,5.0,18.0,15.0,0.0,0.0,1.0,0,synthetic_train,
914.0,1.0,2.4,0.0,8.0,0.0,51.0,0.4,147.0,4.0,15.0,1743.0,587.0,3582.0,17.0,14.0,14.0,1.0,0.0,0.0,3,synthetic_train,
1112.0,1.0,2.5,1.0,6.0,0.0,15.0,0.4,189.0,1.0,3.0,285.0,1534.0,3580.0,11.0,4.0,20.0,1.0,1.0,0.0,2,synthetic_train,
1988.0,0.0,1.3,1.0,4.0,0.0,40.0,0.6,132.0,1.0,10.0,1448.0,1629.0,3730.0,8.0,9.0,6.0,0.0,1.0,0.0,3,synthetic_train,
1780.0,0.0,2.8,0.0,9.0,0.0,21.0,0.6,117.0,7.0,7.0,1083.0,1244.0,906.0,11.0,0.0,8.0,1.0,0.0,1.0,0,synthetic_train,
552.0,0.0,0.7,1.0,18.0,0.0,27.0,0.3,125.0,4.0,17.0,1851.0,551.0,3411.0,7.0,7.0,2.0,1.0,0.0,0.0,3,synthetic_train,
850.0,1.0,3.0,0.0,10.0,0.0,35.0,0.3,176.0,3.0,0.0,476.0,1349.0,2594.0,9.0,5.0,9.0,1.0,0.0,1.0,1,synthetic_train,
1732.0,1.0,2.4,0.0,11.0,0.0,17.0,0.8,143.0,5.0,0.0,444.0,1671.0,802.0,6.0,9.0,10.0,1.0,1.0,0.0,0,synthetic_train,
587.0,1.0,0.7,0.0,19.0,1.0,52.0,0.2,100.0,8.0,11.0,32.0,1191.0,2391.0,15.0,7.0,10.0,0.0,0.0,0.0,1,synthetic_train,
1783.0,0.0,2.1,1.0,12.0,0.0,26.0,0.6,163.0,4.0,20.0,1382.0,641.0,2039.0,19.0,12.0,4.0,0.0,1.0,1.0,2,synthetic_train,
922.0,0.0,0.6,0.0,4.0,1.0,31.0,0.6,170.0,3.0,20.0,1700.0,1092.0,2597.0,12.0,10.0,17.0,0.0,1.0,0.0,2,synthetic_train,
1876.0,1.0,2.4,0.0,7.0,1.0,53.0,0.6,110.0,7.0,12.0,36.0,1990.0,569.0,6.0,17.0,11.0,1.0,0.0,1.0,0,synthetic_train,
940.0,1.0,2.5,1.0,9.0,1.0,16.0,0.9,147.0,1.0,9.0,964.0,905.0,2364.0,6.0,1.0,10.0,0.0,0.0,0.0,2,synthetic_train,
1151.0,1.0,2.0,0.0,9.0,1.0,30.0,0.7,148.0,7.0,5.0,1419.0,1293.0,2791.0,17.0,17.0,18.0,0.0,1.0,1.0,2,synthetic_train,
1492.0,0.0,2.6,1.0,2.0,0.0,64.0,1.0,101.0,5.0,20.0,1532.0,1032.0,2934.0,10.0,15.0,11.0,1.0,1.0,0.0,2,synthetic_train,
689.0,0.0,0.7,0.0,2.0,1.0,27.0,0.9,81.0,1.0,3.0,1824.0,1567.0,3135.0,9.0,13.0,18.0,1.0,1.0,0.0,2,synthetic_train,
1335.0,1.0,1.2,0.0,6.0,0.0,9.0,0.3,166.0,2.0,2.0,1417.0,1142.0,2599.0,6.0,15.0,6.0,0.0,0.0,1.0,2,synthetic_train,
1257.0,1.0,1.5,1.0,18.0,0.0,19.0,0.3,154.0,6.0,10.0,1805.0,1076.0,2881.0,14.0,0.0,18.0,1.0,1.0,1.0,2,synthetic_train,
1675.0,0.0,0.6,0.0,14.0,1.0,62.0,0.4,166.0,7.0,8.0,1948.0,1368.0,593.0,5.0,4.0,20.0,0.0,0.0,1.0,1,synthetic_train,
1994.0,1.0,1.6,0.0,16.0,0.0,49.0,0.5,125.0,2.0,10.0,1818.0,1357.0,3242.0,18.0,0.0,16.0,1.0,0.0,1.0,3,synthetic_train,
1496.0,0.0,1.2,0.0,3.0,0.0,52.0,0.6,142.0,6.0,18.0,858.0,1249.0,1628.0,8.0,15.0,18.0,1.0,1.0,0.0,1,synthetic_train,
1113.0,0.0,1.5,0.0,8.0,0.0,17.0,0.3,198.0,8.0,5.0,798.0,887.0,2305.0,6.0,6.0,16.0,0.0,1.0,1.0,1,synthetic_train,
1109.0,1.0,1.6,0.0,11.0,0.0,54.0,0.3,107.0,6.0,18.0,838.0,661.0,2301.0,15.0,6.0,13.0,0.0,1.0,1.0,2,synthetic_train,
1126.0,1.0,2.7,0.0,8.0,0.0,26.0,0.4,158.0,6.0,4.0,1864.0,1535.0,3909.0,10.0,11.0,16.0,0.0,0.0,0.0,3,synthetic_train,
1721.0,1.0,1.2,1.0,8.0,1.0,52.0,0.7,96.0,2.0,6.0,552.0,1009.0,1473.0,15.0,8.0,20.0,1.0,1.0,0.0,1,synthetic_train,
981.0,0.0,2.7,0.0,7.0,1.0,57.0,0.7,87.0,6.0,0.0,1475.0,1418.0,1694.0,5.0,12.0,13.0,0.0,0.0,0.0,1,synthetic_train,
750.0,1.0,1.6,0.0,1.0,0.0,15.0,1.0,195.0,6.0,14.0,1225.0,1063.0,3101.0,17.0,17.0,15.0,0.0,0.0,1.0,3,synthetic_train,
1001.0,1.0,1.3,0.0,17.0,1.0,61.0,0.3,95.0,1.0,18.0,121.0,1780.0,2630.0,9.0,6.0,3.0,0.0,0.0,0.0,2,synthetic_train,
534.0,1.0,1.8,1.0,18.0,0.0,41.0,0.5,159.0,3.0,18.0,953.0,1559.0,1445.0,16.0,16.0,20.0,1.0,1.0,1.0,0,synthetic_train,
659.0,0.0,1.5,1.0,1.0,1.0,48.0,1.0,142.0,8.0,3.0,381.0,1105.0,1544.0,19.0,10.0,16.0,0.0,0.0,0.0,1,synthetic_train,
635.0,1.0,1.1,1.0,8.0,1.0,49.0,0.7,177.0,8.0,16.0,1429.0,999.0,3357.0,13.0,7.0,5.0,0.0,1.0,0.0,2,synthetic_train,
1657.0,1.0,1.8,0.0,10.0,1.0,12.0,0.6,146.0,2.0,2.0,877.0,1622.0,3384.0,10.0,17.0,7.0,0.0,1.0,1.0,3,synthetic_train,
1583.0,1.0,0.9,1.0,15.0,0.0,48.0,0.6,164.0,6.0,13.0,699.0,511.0,805.0,9.0,9.0,6.0,1.0,1.0,1.0,0,synthetic_train,
1545.0,0.0,1.4,0.0,19.0,0.0,15.0,0.2,188.0,5.0,14.0,128.0,586.0,1752.0,15.0,2.0,8.0,0.0,1.0,1.0,0,synthetic_train,
1192.0,1.0,1.9,1.0,8.0,0.0,19.0,0.9,180.0,5.0,3.0,256.0,626.0,3135.0,5.0,5.0,18.0,1.0,0.0,0.0,2,synthetic_train,
1575.0,0.0,1.5,0.0,14.0,1.0,9.0,0.7,167.0,5.0,2.0,1498.0,1018.0,699.0,7.0,16.0,10.0,0.0,0.0,1.0,1,synthetic_train,
741.0,0.0,2.6,0.0,18.0,0.0,13.0,0.6,99.0,7.0,1.0,1691.0,1245.0,942.0,14.0,9.0,9.0,0.0,0.0,1.0,0,synthetic_train,
1850.0,1.0,1.1,1.0,16.0,0.0,63.0,0.6,100.0,4.0,14.0,570.0,938.0,849.0,5.0,10.0,16.0,1.0,1.0,1.0,0,synthetic_train,
1251.0,0.0,2.9,0.0,5.0,1.0,22.0,0.5,140.0,5.0,12.0,1623.0,782.0,2232.0,9.0,12.0,9.0,0.0,0.0,0.0,2,synthetic_train,
1907.0,1.0,2.5,0.0,16.0,1.0,26.0,0.3,159.0,6.0,2.0,1082.0,969.0,1943.0,14.0,3.0,18.0,1.0,0.0,1.0,2,synthetic_train,
728.0,0.0,2.9,0.0,8.0,0.0,32.0,0.8,160.0,5.0,10.0,688.0,1241.0,1455.0,8.0,1.0,16.0,1.0,1.0,1.0,0,synthetic_train,
1245.0,1.0,2.6,1.0,0.0,0.0,46.0,0.6,175.0,8.0,16.0,885.0,945.0,765.0,18.0,8.0,6.0,1.0,0.0,1.0,0,synthetic_train,
1544.0,1.0,0.9,1.0,15.0,0.0,38.0,0.1,92.0,2.0,4.0,1353.0,1360.0,2641.0,19.0,17.0,13.0,1.0,1.0,1.0,2,synthetic_train,
1243.0,1.0,1.8,1.0,16.0,0.0,35.0,0.5,100.0,8.0,12.0,1782.0,1072.0,3277.0,5.0,2.0,11.0,1.0,0.0,0.0,3,synthetic_train,
1169.0,0.0,0.9,1.0,6.0,1.0,54.0,0.9,98.0,6.0,6.0,965.0,1899.0,1052.0,7.0,13.0,8.0,0.0,0.0,1.0,0,synthetic_train,
749.0,0.0,2.5,0.0,9.0,0.0,33.0,0.4,145.0,8.0,5.0,679.0,1987.0,2750.0,18.0,18.0,19.0,0.0,0.0,1.0,1,synthetic_train,
1071.0,0.0,2.0,0.0,7.0,1.0,50.0,0.5,156.0,3.0,8.0,1492.0,1482.0,3233.0,5.0,1.0,9.0,1.0,0.0,1.0,3,synthetic_train,
858.0,0.0,1.2,0.0,2.0,0.0,59.0,0.7,93.0,4.0,7.0,1029.0,1331.0,2341.0,12.0,2.0,4.0,0.0,0.0,0.0,1,synthetic_train,
952.0,1.0,2.8,0.0,19.0,1.0,44.0,0.8,185.0,1.0,10.0,765.0,546.0,2402.0,19.0,16.0,9.0,0.0,0.0,1.0,1,synthetic_train,
1525.0,0.0,0.8,0.0,0.0,1.0,4.0,0.7,116.0,8.0,4.0,901.0,1433.0,880.0,13.0,2.0,11.0,0.0,0.0,0.0,1,synthetic_train,
1445.0,0.0,1.9,0.0,11.0,0.0,18.0,0.9,159.0,7.0,8.0,1050.0,1070.0,3839.0,9.0,14.0,4.0,0.0,0.0,0.0,3,synthetic_train,
1410.0,0.0,2.3,0.0,0.0,0.0,40.0,0.2,170.0,3.0,13.0,274.0,934.0,3836.0,5.0,15.0,16.0,1.0,0.0,0.0,2,synthetic_train,
1042.0,0.0,0.6,1.0,13.0,0.0,32.0,0.9,84.0,1.0,8.0,113.0,1689.0,2920.0,10.0,5.0,6.0,0.0,1.0,1.0,1,synthetic_train,
1939.0,1.0,2.0,0.0,18.0,0.0,19.0,0.9,184.0,6.0,13.0,1303.0,563.0,3634.0,13.0,5.0,3.0,0.0,1.0,0.0,3,synthetic_train,
631.0,1.0,2.5,1.0,12.0,1.0,23.0,0.6,197.0,6.0,2.0,342.0,890.0,2529.0,6.0,9.0,12.0,0.0,0.0,0.0,2,synthetic_train,
1013.0,0.0,0.7,0.0,12.0,0.0,6.0,0.7,195.0,5.0,2.0,1042.0,1660.0,2730.0,12.0,9.0,5.0,1.0,1.0,0.0,2,synthetic_train,
677.0,1.0,1.8,1.0,16.0,1.0,16.0,0.3,96.0,2.0,18.0,1533.0,1886.0,3359.0,11.0,16.0,16.0,0.0,0.0,1.0,2,synthetic_train,
1008.0,1.0,1.1,1.0,19.0,0.0,51.0,0.5,127.0,8.0,9.0,421.0,1271.0,398.0,9.0,11.0,3.0,1.0,0.0,1.0,0,synthetic_train,
1942.0,0.0,2.2,1.0,17.0,0.0,2.0,0.3,108.0,4.0,12.0,748.0,1292.0,1078.0,19.0,18.0,9.0,0.0,0.0,1.0,1,synthetic_train,
1049.0,0.0,0.8,0.0,4.0,1.0,54.0,0.1,134.0,6.0,15.0,1918.0,1949.0,1017.0,18.0,4.0,2.0,0.0,0.0,1.0,1,synthetic_train,
1862.0,0.0,2.8,0.0,11.0,1.0,23.0,1.0,197.0,7.0,3.0,68.0,638.0,2624.0,15.0,5.0,9.0,0.0,0.0,0.0,3,synthetic_train,
1242.0,0.0,2.7,1.0,16.0,1.0,52.0,0.3,172.0,5.0,20.0,1481.0,1220.0,1163.0,13.0,4.0,19.0,0.0,1.0,1.0,0,synthetic_train,
1549.0,0.0,1.0,1.0,5.0,0.0,18.0,0.6,173.0,1.0,8.0,328.0,862.0,1717.0,12.0,12.0,14.0,0.0,1.0,0.0,1,synthetic_train,
1186.0,0.0,1.3,0.0,13.0,1.0,54.0,0.4,131.0,8.0,18.0,1776.0,1214.0,2104.0,6.0,0.0,12.0,0.0,0.0,0.0,1,synthetic_train,
898.0,1.0,2.0,1.0,0.0,1.0,38.0,0.4,193.0,6.0,8.0,807.0,1858.0,3040.0,9.0,16.0,4.0,1.0,0.0,0.0,3,synthetic_train,
1646.0,0.0,2.3,0.0,17.0,0.0,55.0,0.5,191.0,8.0,8.0,13.0,1393.0,2192.0,5.0,14.0,7.0,0.0,1.0,1.0,1,synthetic_train,
1953.0,1.0,1.6,0.0,12.0,1.0,5.0,0.4,177.0,5.0,12.0,1407.0,1986.0,347.0,10.0,18.0,9.0,1.0,1.0,0.0,1,synthetic_train,
895.0,0.0,0.9,0.0,14.0,1.0,52.0,0.7,178.0,8.0,4.0,288.0,1257.0,2826.0,12.0,18.0,12.0,1.0,0.0,1.0,1,synthetic_train,
1668.0,0.0,0.8,1.0,16.0,0.0,19.0,1.0,158.0,7.0,12.0,712.0,1793.0,1856.0,14.0,1.0,5.0,0.0,1.0,1.0,2,synthetic_train,
891.0,1.0,3.0,1.0,4.0,1.0,24.0,0.5,91.0,2.0,20.0,985.0,754.0,680.0,10.0,14.0,20.0,1.0,0.0,1.0,0,synthetic_train,
1575.0,1.0,1.6,0.0,9.0,1.0,4.0,1.0,114.0,2.0,13.0,1461.0,980.0,2695.0,8.0,9.0,14.0,0.0,1.0,0.0,3,synthetic_train,
1683.0,1.0,2.7,1.0,17.0,0.0,62.0,0.7,173.0,2.0,1.0,821.0,910.0,1267.0,15.0,13.0,7.0,0.0,1.0,1.0,0,synthetic_train,
1174.0,0.0,1.7,1.0,3.0,1.0,42.0,0.6,119.0,7.0,14.0,1682.0,1652.0,1980.0,7.0,16.0,4.0,1.0,0.0,1.0,2,synthetic_train,
1605.0,0.0,2.8,0.0,16.0,0.0,63.0,0.3,100.0,2.0,0.0,944.0,1269.0,3877.0,6.0,11.0,13.0,1.0,1.0,0.0,3,synthetic_train,
908.0,0.0,0.7,1.0,5.0,0.0,37.0,0.2,194.0,4.0,2.0,668.0,833.0,1146.0,15.0,0.0,10.0,1.0,1.0,0.0,0,synthetic_train,
618.0,0.0,0.8,1.0,11.0,0.0,11.0,0.9,139.0,7.0,5.0,661.0,759.0,3569.0,13.0,16.0,14.0,0.0,1.0,0.0,3,synthetic_train,
644.0,1.0,2.8,1.0,10.0,0.0,23.0,0.6,184.0,4.0,6.0,1569.0,1076.0,1994.0,18.0,8.0,13.0,1.0,1.0,0.0,1,synthetic_train,
1170.0,0.0,2.9,0.0,13.0,1.0,29.0,0.5,114.0,1.0,0.0,1303.0,730.0,3746.0,16.0,8.0,14.0,0.0,1.0,1.0,3,synthetic_train,
1853.0,0.0,1.3,1.0,16.0,1.0,11.0,0.8,123.0,3.0,0.0,248.0,1545.0,3436.0,18.0,11.0,17.0,0.0,0.0,0.0,3,synthetic_train,
691.0,1.0,1.4,0.0,6.0,1.0,60.0,0.4,121.0,1.0,16.0,1471.0,1771.0,3371.0,14.0,17.0,11.0,0.0,1.0,1.0,3,synthetic_train,
1183.0,0.0,1.6,0.0,3.0,0.0,62.0,0.8,125.0,4.0,9.0,814.0,1952.0,1030.0,17.0,10.0,15.0,0.0,1.0,0.0,1,synthetic_train,
1556.0,0.0,1.5,1.0,8.0,1.0,37.0,0.4,132.0,6.0,4.0,684.0,853.0,3216.0,7.0,3.0,8.0,0.0,1.0,1.0,2,synthetic_train,
803.0,0.0,1.0,1.0,12.0,0.0,38.0,0.9,116.0,5.0,9.0,191.0,1158.0,1630.0,12.0,13.0,19.0,0.0,0.0,1.0,0,synthetic_train,
1582.0,0.0,2.7,1.0,15.0,0.0,46.0,0.3,178.0,6.0,14.0,1957.0,1255.0,3662.0,19.0,12.0,9.0,0.0,1.0,0.0,3,synthetic_train,
958.0,1.0,1.1,1.0,15.0,0.0,44.0,0.2,119.0,1.0,15.0,103.0,1243.0,3962.0,16.0,1.0,14.0,1.0,0.0,0.0,3,synthetic_train,
1712.0,1.0,2.3,1.0,6.0,0.0,5.0,0.7,133.0,7.0,6.0,1954.0,1179.0,2545.0,11.0,10.0,20.0,1.0,1.0,0.0,2,synthetic_train,
1368.0,1.0,0.7,1.0,18.0,1.0,35.0,0.2,184.0,4.0,3.0,126.0,830.0,3672.0,18.0,14.0,8.0,0.0,0.0,1.0,3,synthetic_train,
1320.0,0.0,0.6,0.0,1.0,1.0,50.0,1.0,132.0,3.0,20.0,990.0,667.0,2252.0,9.0,16.0,3.0,0.0,0.0,1.0,1,synthetic_train,
765.0,1.0,2.1,1.0,2.0,0.0,52.0,0.7,81.0,6.0,13.0,205.0,1104.0,383.0,5.0,5.0,6.0,0.0,1.0,1.0,0,synthetic_train,
1194.0,1.0,1.3,0.0,0.0,0.0,39.0,0.3,80.0,2.0,20.0,966.0,638.0,3527.0,16.0,9.0,6.0,0.0,0.0,0.0,3,synthetic_train,
1784.0,0.0,2.1,0.0,18.0,1.0,58.0,0.3,132.0,4.0,6.0,1638.0,594.0,2241.0,11.0,15.0,3.0,0.0,0.0,0.0,2,synthetic_train,
529.0,1.0,0.7,1.0,3.0,0.0,38.0,0.9,158.0,4.0,2.0,1157.0,1285.0,420.0,5.0,11.0,12.0,0.0,0.0,1.0,0,synthetic_train,
1637.0,0.0,2.9,1.0,12.0,0.0,26.0,0.6,194.0,2.0,8.0,1066.0,1787.0,500.0,8.0,7.0,7.0,1.0,0.0,0.0,1,synthetic_train,
1239.0,1.0,2.4,0.0,16.0,1.0,29.0,0.9,95.0,8.0,6.0,233.0,1310.0,2963.0,6.0,3.0,3.0,1.0,0.0,0.0,2,synthetic_train,
1579.0,1.0,2.7,1.0,15.0,0.0,45.0,0.2,145.0,3.0,15.0,1857.0,534.0,3714.0,19.0,0.0,4.0,0.0,0.0,0.0,3,synthetic_train,
1494.0,0.0,0.8,1.0,18.0,1.0,57.0,0.9,114.0,1.0,15.0,736.0,1759.0,2866.0,17.0,13.0,7.0,0.0,1.0,1.0,3,synthetic_train,
1148.0,0.0,1.3,0.0,1.0,1.0,16.0,0.6,134.0,4.0,1.0,1055.0,1524.0,1908.0,18.0,18.0,9.0,1.0,0.0,0.0,1,synthetic_train,
963.0,0.0,1.4,1.0,8.0,0.0,20.0,0.7,133.0,8.0,12.0,1760.0,954.0,1405.0,7.0,11.0,20.0,1.0,0.0,1.0,1,synthetic_train,
1440.0,1.0,1.8,0.0,10.0,0.0,43.0,0.4,117.0,6.0,7.0,1232.0,909.0,1822.0,17.0,14.0,15.0,0.0,0.0,1.0,1,synthetic_train,
710.0,0.0,1.2,1.0,13.0,0.0,50.0,0.2,82.0,6.0,12.0,1441.0,1848.0,1464.0,13.0,12.0,15.0,1.0,1.0,0.0,1,synthetic_train,
1376.0,1.0,0.7,1.0,12.0,0.0,27.0,1.0,88.0,8.0,8.0,361.0,1213.0,1277.0,9.0,6.0,15.0,0.0,1.0,0.0,1,synthetic_train,
642.0,0.0,1.4,1.0,11.0,1.0,42.0,1.0,143.0,1.0,11.0,902.0,711.0,736.0,15.0,9.0,17.0,1.0,0.0,0.0,0,synthetic_train,
1474.0,0.0,1.1,1.0,6.0,0.0,2.0,0.4,107.0,5.0,15.0,1060.0,922.0,2385.0,19.0,5.0,8.0,0.0,0.0,0.0,1,synthetic_train,
1443.0,1.0,1.5,1.0,2.0,0.0,20.0,0.9,119.0,3.0,6.0,344.0,896.0,1073.0,11.0,4.0,3.0,0.0,0.0,1.0,1,synthetic_train,
626.0,1.0,1.0,1.0,8.0,1.0,62.0,0.3,90.0,6.0,4.0,755.0,1099.0,798.0,5.0,11.0,11.0,1.0,1.0,1.0,0,synthetic_train,
1636.0,1.0,1.2,0.0,5.0,0.0,38.0,0.2,86.0,7.0,14.0,1630.0,1018.0,1288.0,17.0,12.0,2.0,0.0,0.0,0.0,1,synthetic_train,
1123.0,0.0,2.1,0.0,11.0,0.0,56.0,0.2,95.0,1.0,19.0,1826.0,1319.0,3246.0,7.0,18.0,6.0,0.0,1.0,0.0,3,synthetic_train,
1680.0,0.0,1.5,0.0,15.0,1.0,15.0,0.5,125.0,2.0,9.0,1614.0,984.0,2400.0,7.0,4.0,16.0,1.0,1.0,1.0,3,synthetic_train,
562.0,0.0,1.4,1.0,11.0,0.0,20.0,0.1,99.0,8.0,20.0,1831.0,1460.0,2094.0,14.0,5.0,11.0,0.0,1.0,1.0,2,synthetic_train,
769.0,1.0,1.8,1.0,11.0,0.0,63.0,0.5,108.0,4.0,3.0,1958.0,1238.0,2471.0,16.0,3.0,15.0,0.0,1.0,0.0,2,synthetic_train,
1240.0,1.0,2.4,0.0,0.0,0.0,64.0,0.2,116.0,3.0,17.0,389.0,1909.0,2376.0,16.0,18.0,11.0,1.0,1.0,1.0,2,synthetic_train,
782.0,0.0,1.4,0.0,12.0,1.0,57.0,0.8,115.0,2.0,20.0,1677.0,1741.0,2118.0,18.0,14.0,12.0,0.0,0.0,0.0,2,synthetic_train,
994.0,1.0,2.0,1.0,8.0,0.0,21.0,0.9,81.0,3.0,6.0,1216.0,997.0,3403.0,18.0,6.0,7.0,0.0,0.0,1.0,3,synthetic_train,
1490.0,0.0,2.9,1.0,2.0,1.0,52.0,0.7,94.0,1.0,3.0,1684.0,563.0,2989.0,6.0,18.0,6.0,1.0,0.0,1.0,3,synthetic_train,
716.0,1.0,1.8,0.0,4.0,0.0,30.0,0.3,194.0,2.0,13.0,1251.0,1376.0,949.0,9.0,13.0,6.0,0.0,1.0,1.0,0,synthetic_train,
1516.0,1.0,2.8,1.0,15.0,1.0,55.0,0.8,160.0,2.0,18.0,245.0,1007.0,3314.0,15.0,9.0,17.0,1.0,0.0,1.0,3,synthetic_train,
655.0,1.0,2.5,1.0,18.0,1.0,55.0,0.3,94.0,1.0,1.0,1103.0,1851.0,911.0,10.0,7.0,20.0,0.0,0.0,0.0,0,synthetic_train,
762.0,0.0,0.6,1.0,10.0,0.0,29.0,0.8,114.0,8.0,13.0,1491.0,1108.0,548.0,15.0,10.0,3.0,1.0,1.0,0.0,0,synthetic_train,
1381.0,1.0,1.6,1.0,19.0,0.0,21.0,0.6,126.0,7.0,18.0,243.0,935.0,1831.0,11.0,1.0,12.0,1.0,0.0,0.0,1,synthetic_train,
1690.0,0.0,2.2,1.0,3.0,0.0,63.0,0.4,189.0,8.0,0.0,989.0,1008.0,1726.0,11.0,3.0,10.0,1.0,0.0,0.0,1,synthetic_train,
755.0,1.0,3.0,1.0,5.0,0.0,30.0,0.2,186.0,2.0,10.0,1282.0,1796.0,3198.0,5.0,17.0,12.0,0.0,0.0,1.0,3,synthetic_train,
949.0,0.0,1.6,1.0,18.0,0.0,29.0,0.8,173.0,3.0,1.0,910.0,668.0,2858.0,14.0,3.0,6.0,1.0,1.0,0.0,2,synthetic_train,
1887.0,1.0,0.7,1.0,3.0,1.0,43.0,0.9,92.0,3.0,3.0,1567.0,1935.0,475.0,17.0,3.0,2.0,1.0,1.0,0.0,1,synthetic_train,
1984.0,0.0,1.9,0.0,13.0,0.0,61.0,0.7,139.0,5.0,10.0,249.0,849.0,2122.0,17.0,16.0,5.0,1.0,1.0,1.0,2,synthetic_train,
1371.0,0.0,0.8,0.0,4.0,1.0,10.0,1.0,138.0,2.0,6.0,676.0,1770.0,3232.0,10.0,17.0,5.0,1.0,1.0,0.0,3,synthetic_train,
1170.0,1.0,2.4,0.0,6.0,0.0,64.0,0.9,157.0,2.0,1.0,1865.0,1315.0,3000.0,15.0,15.0,2.0,0.0,0.0,0.0,3,synthetic_train,
1020.0,1.0,1.8,1.0,9.0,0.0,28.0,0.3,182.0,8.0,16.0,1009.0,1354.0,2130.0,7.0,1.0,8.0,1.0,0.0,1.0,1,synthetic_train,
1418.0,0.0,2.3,0.0,7.0,0.0,3.0,0.8,118.0,3.0,4.0,354.0,806.0,2560.0,14.0,15.0,14.0,1.0,1.0,1.0,2,synthetic_train,
1386.0,1.0,2.7,1.0,17.0,0.0,21.0,0.4,147.0,7.0,18.0,228.0,1582.0,2358.0,11.0,5.0,20.0,0.0,1.0,1.0,1,synthetic_train,
942.0,0.0,2.1,0.0,19.0,1.0,31.0,0.5,111.0,2.0,3.0,1163.0,1472.0,1121.0,18.0,0.0,14.0,1.0,0.0,1.0,0,synthetic_train,
534.0,0.0,2.0,0.0,10.0,0.0,44.0,0.2,105.0,8.0,10.0,1825.0,1221.0,2368.0,15.0,17.0,5.0,1.0,0.0,1.0,1,synthetic_train,
727.0,0.0,2.4,0.0,10.0,0.0,37.0,1.0,117.0,6.0,15.0,96.0,1186.0,2782.0,6.0,5.0,8.0,0.0,0.0,1.0,1,synthetic_train,
1937.0,0.0,2.6,1.0,1.0,1.0,10.0,0.8,168.0,7.0,10.0,214.0,1395.0,466.0,18.0,12.0,7.0,1.0,0.0,0.0,0,synthetic_train,
1127.0,0.0,2.7,0.0,4.0,1.0,32.0,0.3,132.0,5.0,8.0,735.0,1207.0,2858.0,15.0,1.0,6.0,0.0,1.0,0.0,2,synthetic_train,
1223.0,0.0,0.6,1.0,0.0,0.0,16.0,0.4,162.0,8.0,15.0,408.0,1960.0,1190.0,8.0,3.0,20.0,1.0,0.0,1.0,1,synthetic_train,
1200.0,0.0,1.9,1.0,17.0,1.0,18.0,0.5,163.0,3.0,0.0,237.0,562.0,285.0,9.0,16.0,14.0,1.0,1.0,1.0,0,synthetic_train,
1674.0,0.0,1.0,1.0,4.0,0.0,46.0,0.8,123.0,4.0,17.0,585.0,876.0,3083.0,7.0,11.0,11.0,0.0,1.0,0.0,3,synthetic_train,
597.0,0.0,2.7,0.0,6.0,0.0,52.0,0.9,195.0,1.0,14.0,1260.0,1775.0,1715.0,9.0,18.0,10.0,1.0,1.0,0.0,0,synthetic_train,
624.0,1.0,2.1,1.0,16.0,0.0,11.0,0.4,85.0,2.0,16.0,1619.0,1688.0,1799.0,19.0,3.0,8.0,1.0,0.0,1.0,2,synthetic_train,
913.0,1.0,1.6,1.0,14.0,1.0,39.0,0.5,188.0,7.0,8.0,600.0,1021.0,2592.0,18.0,16.0,9.0,0.0,1.0,0.0,2,synthetic_train,
1229.0,0.0,1.0,0.0,12.0,0.0,28.0,0.6,80.0,3.0,8.0,1373.0,1258.0,2354.0,13.0,16.0,14.0,1.0,0.0,0.0,2,synthetic_train,
1506.0,0.0,1.3,0.0,0.0,1.0,23.0,0.5,126.0,1.0,12.0,1614.0,540.0,2578.0,10.0,17.0,19.0,1.0,1.0,1.0,2,synthetic_train,
1236.0,1.0,2.3,1.0,11.0,0.0,46.0,0.6,179.0,3.0,13.0,13.0,765.0,3792.0,10.0,0.0,11.0,1.0,0.0,1.0,3,synthetic_train,
1161.0,1.0,1.0,1.0,11.0,1.0,17.0,0.2,162.0,3.0,19.0,1672.0,1915.0,2693.0,19.0,1.0,5.0,0.0,1.0,0.0,2,synthetic_train,
1906.0,1.0,0.7,0.0,6.0,0.0,50.0,0.3,118.0,6.0,18.0,359.0,1464.0,429.0,7.0,10.0,20.0,0.0,1.0,1.0,0,synthetic_train,
741.0,1.0,2.7,0.0,14.0,0.0,27.0,0.5,187.0,1.0,1.0,1343.0,557.0,1088.0,16.0,2.0,7.0,0.0,0.0,1.0,0,synthetic_train,
1357.0,1.0,2.4,0.0,18.0,1.0,7.0,0.9,96.0,1.0,3.0,1471.0,1687.0,1939.0,19.0,1.0,3.0,1.0,1.0,0.0,1,synthetic_train,
1313.0,1.0,1.0,1.0,5.0,0.0,51.0,0.4,161.0,6.0,19.0,1657.0,1104.0,2024.0,17.0,15.0,12.0,1.0,1.0,1.0,1,synthetic_train,
1210.0,0.0,1.2,0.0,6.0,1.0,55.0,0.3,142.0,2.0,8.0,791.0,1352.0,1608.0,15.0,13.0,17.0,1.0,0.0,1.0,1,synthetic_train,
1711.0,0.0,2.9,0.0,6.0,1.0,37.0,0.8,105.0,4.0,12.0,1293.0,1784.0,946.0,18.0,16.0,6.0,0.0,1.0,0.0,1,synthetic_train,
900.0,0.0,2.3,0.0,16.0,1.0,47.0,1.0,191.0,6.0,1.0,51.0,1755.0,654.0,8.0,17.0,7.0,1.0,1.0,0.0,0,synthetic_train,
1930.0,0.0,2.0,0.0,1.0,0.0,11.0,0.5,172.0,5.0,2.0,876.0,704.0,798.0,19.0,2.0,7.0,0.0,0.0,1.0,0,synthetic_train,
997.0,1.0,1.3,0.0,17.0,1.0,23.0,0.1,81.0,1.0,8.0,1890.0,1048.0,3814.0,6.0,15.0,17.0,1.0,1.0,0.0,3,synthetic_train,
1317.0,1.0,1.2,0.0,15.0,1.0,24.0,0.7,90.0,6.0,15.0,310.0,908.0,1736.0,5.0,0.0,20.0,1.0,1.0,1.0,1,synthetic_train,
1281.0,1.0,0.6,1.0,9.0,0.0,50.0,0.5,86.0,1.0,16.0,296.0,1869.0,3854.0,7.0,7.0,18.0,1.0,0.0,0.0,3,synthetic_train,
1774.0,0.0,2.3,1.0,11.0,1.0,24.0,0.7,130.0,2.0,18.0,1372.0,1670.0,1509.0,14.0,5.0,6.0,1.0,1.0,1.0,2,synthetic_train,
1158.0,0.0,0.6,0.0,17.0,1.0,47.0,0.3,130.0,1.0,4.0,1001.0,1471.0,1421.0,8.0,4.0,18.0,0.0,0.0,1.0,1,synthetic_train,
926.0,0.0,0.5,0.0,15.0,1.0,21.0,0.1,167.0,5.0,4.0,892.0,587.0,2088.0,14.0,13.0,7.0,0.0,1.0,0.0,1,synthetic_train,
532.0,1.0,2.3,0.0,5.0,1.0,39.0,0.4,161.0,6.0,11.0,486.0,1703.0,3799.0,6.0,2.0,18.0,0.0,1.0,0.0,2,synthetic_train,
1045.0,0.0,2.9,1.0,1.0,1.0,15.0,0.7,81.0,6.0,11.0,335.0,1340.0,2363.0,15.0,15.0,20.0,1.0,0.0,1.0,2,synthetic_train,
1739.0,0.0,2.4,0.0,13.0,1.0,37.0,0.5,137.0,2.0,0.0,1446.0,909.0,387.0,8.0,16.0,15.0,0.0,0.0,1.0,0,synthetic_train,
514.0,1.0,1.7,0.0,2.0,0.0,7.0,0.3,174.0,3.0,9.0,701.0,1163.0,1272.0,12.0,12.0,20.0,0.0,0.0,0.0,0,synthetic_train,
1844.0,1.0,1.7,1.0,1.0,1.0,48.0,0.5,188.0,2.0,18.0,1523.0,1168.0,3927.0,6.0,1.0,4.0,1.0,0.0,1.0,3,synthetic_train,
1314.0,1.0,1.6,0.0,19.0,0.0,3.0,0.8,115.0,3.0,3.0,869.0,943.0,834.0,19.0,11.0,14.0,1.0,0.0,0.0,0,synthetic_train,
710.0,0.0,1.3,0.0,9.0,0.0,64.0,0.2,85.0,2.0,17.0,778.0,1863.0,3384.0,10.0,11.0,2.0,0.0,1.0,1.0,2,synthetic_train,
953.0,0.0,1.8,0.0,13.0,1.0,54.0,0.7,98.0,6.0,9.0,451.0,1875.0,3731.0,14.0,7.0,14.0,1.0,1.0,0.0,2,synthetic_train,
1331.0,0.0,1.6,0.0,4.0,0.0,38.0,0.7,121.0,7.0,11.0,1291.0,576.0,1058.0,12.0,6.0,8.0,1.0,1.0,0.0,1,synthetic_train,
973.0,0.0,2.0,1.0,2.0,1.0,59.0,0.4,133.0,7.0,13.0,558.0,1902.0,2348.0,13.0,8.0,20.0,1.0,1.0,1.0,2,synthetic_train,
662.0,1.0,2.7,1.0,1.0,0.0,52.0,1.0,122.0,2.0,14.0,1782.0,1105.0,2500.0,11.0,18.0,11.0,1.0,1.0,1.0,2,synthetic_train,
1498.0,0.0,3.0,0.0,7.0,0.0,10.0,0.9,90.0,1.0,13.0,800.0,1698.0,3227.0,6.0,0.0,16.0,1.0,0.0,1.0,3,synthetic_train,
1508.0,0.0,0.7,0.0,0.0,0.0,48.0,0.4,121.0,1.0,2.0,1597.0,1669.0,3244.0,17.0,9.0,7.0,1.0,1.0,0.0,3,synthetic_train,
678.0,1.0,1.5,0.0,8.0,1.0,25.0,0.1,115.0,7.0,6.0,921.0,1397.0,480.0,14.0,6.0,3.0,1.0,1.0,0.0,0,synthetic_train,
921.0,0.0,1.0,1.0,6.0,0.0,55.0,0.4,139.0,8.0,17.0,813.0,1614.0,1451.0,8.0,10.0,16.0,1.0,0.0,0.0,1,synthetic_train,
865.0,0.0,1.4,0.0,10.0,1.0,56.0,0.3,89.0,2.0,0.0,888.0,1521.0,3774.0,6.0,0.0,6.0,1.0,0.0,0.0,3,synthetic_train,
1489.0,0.0,1.2,0.0,11.0,0.0,62.0,0.6,175.0,8.0,15.0,865.0,1776.0,1580.0,18.0,17.0,15.0,1.0,1.0,1.0,1,synthetic_train,
1595.0,0.0,0.9,1.0,6.0,0.0,30.0,0.9,130.0,5.0,10.0,939.0,1135.0,1176.0,9.0,8.0,10.0,1.0,0.0,0.0,1,synthetic_train,
1590.0,0.0,2.4,0.0,9.0,0.0,14.0,0.9,118.0,2.0,2.0,1739.0,1608.0,2610.0,18.0,18.0,20.0,0.0,0.0,1.0,3,synthetic_train,
1908.0,1.0,1.7,0.0,1.0,0.0,9.0,0.4,189.0,3.0,2.0,1378.0,1967.0,986.0,16.0,2.0,8.0,0.0,0.0,0.0,1,synthetic_train,
1652.0,1.0,2.8,0.0,6.0,1.0,12.0,0.5,170.0,3.0,20.0,67.0,1919.0,806.0,19.0,11.0,9.0,0.0,1.0,0.0,0,synthetic_train,
981.0,0.0,0.6,1.0,19.0,0.0,64.0,0.1,96.0,7.0,0.0,114.0,721.0,3242.0,14.0,12.0,16.0,0.0,0.0,0.0,2,synthetic_train,
661.0,0.0,0.7,1.0,19.0,1.0,38.0,0.6,97.0,2.0,0.0,44.0,1246.0,698.0,7.0,15.0,16.0,1.0,0.0,0.0,0,synthetic_train,
1421.0,0.0,1.5,1.0,9.0,0.0,24.0,0.2,80.0,2.0,0.0,1354.0,1264.0,3591.0,5.0,0.0,4.0,0.0,0.0,0.0,3,synthetic_train,
1874.0,1.0,0.7,0.0,18.0,1.0,30.0,0.9,147.0,6.0,13.0,403.0,1435.0,1191.0,8.0,12.0,16.0,1.0,0.0,0.0,0,synthetic_train,
1962.0,1.0,1.2,1.0,10.0,1.0,12.0,0.9,122.0,3.0,19.0,755.0,1469.0,655.0,11.0,2.0,11.0,1.0,0.0,1.0,1,synthetic_train,
845.0,1.0,3.0,1.0,2.0,0.0,37.0,0.3,125.0,3.0,3.0,1622.0,1770.0,3030.0,14.0,8.0,20.0,0.0,0.0,0.0,3,synthetic_train,
854.0,0.0,1.0,0.0,17.0,0.0,28.0,0.7,141.0,7.0,16.0,258.0,1297.0,916.0,18.0,1.0,13.0,1.0,0.0,1.0,0,synthetic_train,
556.0,0.0,1.0,0.0,8.0,1.0,52.0,0.6,145.0,8.0,15.0,300.0,1551.0,1628.0,7.0,1.0,16.0,0.0,1.0,0.0,1,synthetic_train,
711.0,0.0,1.9,0.0,12.0,0.0,3.0,0.8,80.0,5.0,4.0,155.0,1848.0,1570.0,14.0,14.0,8.0,1.0,0.0,1.0,0,synthetic_train,
1332.0,0.0,1.7,1.0,12.0,1.0,60.0,0.5,93.0,7.0,1.0,559.0,652.0,2155.0,6.0,13.0,7.0,1.0,1.0,0.0,1,synthetic_train,
1320.0,0.0,2.0,0.0,6.0,1.0,5.0,0.3,175.0,7.0,10.0,175.0,1463.0,2027.0,12.0,17.0,16.0,1.0,0.0,0.0,1,synthetic_train,
1056.0,1.0,1.4,0.0,14.0,1.0,28.0,0.7,195.0,5.0,1.0,1233.0,1050.0,987.0,6.0,13.0,2.0,0.0,1.0,0.0,0,synthetic_train,
964.0,0.0,2.6,1.0,10.0,1.0,23.0,0.2,181.0,7.0,2.0,1444.0,1857.0,1134.0,10.0,11.0,13.0,0.0,0.0,1.0,1,synthetic_train,
1744.0,1.0,0.8,0.0,7.0,1.0,47.0,0.6,189.0,1.0,9.0,361.0,1328.0,982.0,14.0,2.0,20.0,1.0,0.0,0.0,1,synthetic_train,
1190.0,1.0,1.6,1.0,5.0,1.0,43.0,0.3,136.0,1.0,17.0,1028.0,1403.0,463.0,16.0,14.0,20.0,0.0,0.0,0.0,0,synthetic_train,
1712.0,1.0,2.2,0.0,14.0,0.0,14.0,0.7,179.0,8.0,20.0,594.0,1631.0,2690.0,17.0,4.0,15.0,0.0,0.0,1.0,2,synthetic_train,
1944.0,0.0,2.7,0.0,4.0,1.0,32.0,0.8,186.0,2.0,13.0,157.0,862.0,2018.0,12.0,2.0,11.0,0.0,1.0,1.0,1,synthetic_train,
975.0,1.0,1.4,1.0,2.0,0.0,35.0,0.2,188.0,6.0,5.0,915.0,1314.0,661.0,8.0,13.0,17.0,1.0,1.0,1.0,0,synthetic_train,
804.0,0.0,1.9,1.0,17.0,0.0,31.0,0.5,98.0,4.0,6.0,1367.0,1658.0,1496.0,18.0,11.0,2.0,1.0,0.0,0.0,0,synthetic_train,
1929.0,0.0,0.7,0.0,6.0,1.0,3.0,0.8,97.0,7.0,12.0,447.0,1665.0,2755.0,19.0,2.0,17.0,1.0,0.0,1.0,2,synthetic_train,
1452.0,0.0,0.9,1.0,12.0,1.0,13.0,0.2,128.0,6.0,3.0,1545.0,841.0,1323.0,19.0,10.0,5.0,0.0,1.0,1.0,0,synthetic_train,
936.0,0.0,0.7,1.0,14.0,1.0,33.0,0.6,140.0,1.0,10.0,1946.0,1755.0,1755.0,16.0,13.0,15.0,1.0,1.0,0.0,2,synthetic_train,
1432.0,1.0,2.3,0.0,16.0,0.0,18.0,0.7,195.0,3.0,16.0,110.0,744.0,3039.0,16.0,9.0,8.0,0.0,1.0,0.0,2,synthetic_train,
1272.0,1.0,1.2,1.0,12.0,0.0,36.0,0.4,118.0,6.0,17.0,320.0,897.0,2768.0,6.0,13.0,16.0,1.0,1.0,1.0,2,synthetic_train,
1858.0,1.0,2.3,0.0,14.0,1.0,12.0,0.8,180.0,8.0,1.0,567.0,1784.0,2878.0,13.0,9.0,13.0,1.0,0.0,1.0,2,synthetic_train,
883.0,0.0,0.7,1.0,16.0,0.0,48.0,0.6,187.0,7.0,6.0,1666.0,1423.0,1684.0,11.0,6.0,19.0,0.0,1.0,0.0,2,synthetic_train,
1987.0,0.0,2.7,0.0,18.0,1.0,13.0,0.7,196.0,8.0,5.0,278.0,1312.0,2067.0,8.0,4.0,16.0,1.0,0.0,1.0,2,synthetic_train,
1904.0,1.0,2.6,0.0,0.0,0.0,42.0,0.2,102.0,8.0,11.0,921.0,1335.0,3422.0,6.0,4.0,19.0,0.0,0.0,1.0,3,synthetic_train,
771.0,0.0,0.7,1.0,14.0,1.0,54.0,0.1,109.0,8.0,3.0,1053.0,1952.0,3520.0,8.0,15.0,4.0,1.0,1.0,1.0,3,synthetic_train,
746.0,1.0,0.6,1.0,3.0,0.0,24.0,0.1,106.0,5.0,19.0,253.0,840.0,463.0,18.0,7.0,9.0,1.0,1.0,0.0,0,synthetic_train,
1299.0,1.0,0.6,0.0,17.0,0.0,10.0,0.9,168.0,3.0,19.0,82.0,948.0,3392.0,18.0,13.0,10.0,0.0,1.0,1.0,2,synthetic_train,
567.0,1.0,2.6,1.0,0.0,1.0,2.0,0.9,163.0,5.0,6.0,232.0,1234.0,3599.0,16.0,6.0,2.0,0.0,1.0,1.0,2,synthetic_train,
948.0,1.0,1.1,0.0,4.0,1.0,24.0,0.8,129.0,7.0,8.0,110.0,1767.0,3783.0,6.0,9.0,2.0,0.0,1.0,0.0,2,synthetic_train,
1152.0,0.0,1.9,1.0,3.0,1.0,9.0,0.3,90.0,4.0,9.0,981.0,1322.0,1261.0,15.0,11.0,2.0,1.0,1.0,0.0,1,synthetic_train,
1954.0,0.0,1.6,1.0,12.0,1.0,57.0,0.6,143.0,7.0,0.0,1836.0,1588.0,2132.0,6.0,9.0,16.0,1.0,1.0,0.0,3,synthetic_train,
1988.0,0.0,2.5,1.0,0.0,0.0,63.0,0.8,168.0,6.0,18.0,693.0,1725.0,415.0,15.0,14.0,10.0,0.0,1.0,1.0,0,synthetic_train,
727.0,0.0,1.7,1.0,0.0,1.0,63.0,0.7,137.0,2.0,16.0,503.0,1837.0,666.0,5.0,17.0,16.0,1.0,0.0,1.0,0,synthetic_train,
1837.0,0.0,1.8,1.0,10.0,0.0,60.0,0.2,112.0,8.0,6.0,460.0,1191.0,2361.0,9.0,16.0,17.0,1.0,0.0,0.0,2,synthetic_train,
636.0,1.0,3.0,1.0,19.0,1.0,38.0,0.9,151.0,7.0,11.0,1924.0,1186.0,1027.0,6.0,17.0,2.0,0.0,0.0,1.0,0,synthetic_train,
1622.0,0.0,0.9,1.0,10.0,0.0,22.0,0.2,159.0,5.0,7.0,1880.0,621.0,1095.0,19.0,0.0,18.0,0.0,1.0,1.0,1,synthetic_train,
1768.0,1.0,2.6,0.0,8.0,0.0,30.0,0.3,151.0,2.0,4.0,1271.0,620.0,1367.0,13.0,14.0,6.0,1.0,0.0,0.0,1,synthetic_train,
1836.0,1.0,0.6,1.0,13.0,0.0,18.0,0.9,185.0,2.0,6.0,908.0,1230.0,1974.0,18.0,13.0,9.0,1.0,0.0,1.0,2,synthetic_train,
835.0,1.0,1.7,1.0,11.0,1.0,54.0,0.5,117.0,7.0,2.0,313.0,1622.0,828.0,5.0,7.0,20.0,1.0,1.0,0.0,0,synthetic_train,
1840.0,0.0,2.7,0.0,7.0,1.0,29.0,0.4,153.0,1.0,17.0,1821.0,1756.0,3259.0,16.0,5.0,7.0,1.0,1.0,0.0,3,synthetic_train,
673.0,1.0,2.2,1.0,11.0,0.0,26.0,0.6,183.0,4.0,13.0,2.0,1112.0,2756.0,12.0,1.0,19.0,0.0,1.0,0.0,1,synthetic_train,
1278.0,0.0,2.2,1.0,0.0,1.0,45.0,1.0,105.0,5.0,19.0,321.0,1356.0,3218.0,12.0,15.0,11.0,0.0,1.0,1.0,2,synthetic_train,
1204.0,0.0,1.2,0.0,4.0,1.0,25.0,0.2,114.0,2.0,0.0,1330.0,1718.0,3722.0,18.0,15.0,2.0,0.0,1.0,1.0,3,synthetic_train,
973.0,0.0,1.5,0.0,13.0,1.0,24.0,0.8,85.0,7.0,13.0,359.0,977.0,2503.0,5.0,1.0,17.0,0.0,1.0,0.0,1,synthetic_train,
533.0,0.0,1.4,0.0,6.0,1.0,16.0,0.4,125.0,5.0,11.0,212.0,737.0,1609.0,19.0,11.0,2.0,0.0,0.0,0.0,0,synthetic_train,
1658.0,0.0,1.8,1.0,1.0,0.0,6.0,0.2,85.0,1.0,13.0,1168.0,1880.0,3916.0,5.0,10.0,14.0,1.0,0.0,1.0,3,synthetic_train,
1003.0,0.0,1.7,1.0,2.0,0.0,4.0,0.5,170.0,3.0,20.0,51.0,1318.0,2373.0,10.0,3.0,10.0,0.0,0.0,0.0,1,synthetic_train,
1492.0,1.0,1.3,1.0,17.0,1.0,27.0,0.6,90.0,4.0,8.0,529.0,733.0,1991.0,7.0,10.0,4.0,1.0,1.0,0.0,1,synthetic_train,
1115.0,0.0,1.3,1.0,6.0,0.0,64.0,0.3,163.0,2.0,2.0,1260.0,877.0,1813.0,12.0,15.0,11.0,0.0,1.0,0.0,1,synthetic_train,
1060.0,0.0,1.1,0.0,0.0,1.0,18.0,0.5,150.0,8.0,0.0,362.0,989.0,403.0,13.0,6.0,8.0,1.0,0.0,1.0,0,synthetic_train,
1829.0,1.0,1.4,1.0,14.0,0.0,42.0,0.7,199.0,3.0,10.0,1489.0,801.0,3833.0,14.0,13.0,3.0,1.0,1.0,1.0,3,synthetic_train,
641.0,1.0,0.9,0.0,10.0,0.0,22.0,0.6,122.0,5.0,3.0,185.0,1155.0,3323.0,16.0,18.0,12.0,1.0,0.0,1.0,2,synthetic_train,
1604.0,1.0,2.7,0.0,9.0,1.0,21.0,0.8,121.0,5.0,2.0,1202.0,1718.0,2874.0,16.0,8.0,2.0,1.0,1.0,0.0,3,synthetic_train,
1620.0,0.0,2.0,0.0,17.0,1.0,12.0,0.9,109.0,2.0,3.0,149.0,1606.0,1084.0,19.0,2.0,12.0,1.0,1.0,0.0,1,synthetic_train,
1069.0,1.0,0.8,1.0,6.0,1.0,37.0,0.5,145.0,5.0,5.0,1435.0,1874.0,3730.0,11.0,5.0,6.0,1.0,0.0,1.0,3,synthetic_train,
893.0,1.0,2.2,0.0,11.0,1.0,43.0,0.5,106.0,3.0,2.0,1476.0,1752.0,915.0,7.0,2.0,17.0,1.0,0.0,1.0,1,synthetic_train,
507.0,0.0,2.6,0.0,14.0,0.0,24.0,0.5,93.0,1.0,10.0,1558.0,966.0,1160.0,7.0,6.0,20.0,0.0,0.0,1.0,0,synthetic_train,
1905.0,0.0,1.1,0.0,12.0,1.0,35.0,0.6,194.0,4.0,13.0,553.0,587.0,518.0,9.0,12.0,19.0,1.0,0.0,1.0,0,synthetic_train,
1921.0,1.0,0.9,0.0,4.0,0.0,31.0,0.2,162.0,5.0,6.0,463.0,727.0,1334.0,14.0,3.0,19.0,1.0,1.0,1.0,1,synthetic_train,
861.0,0.0,0.5,1.0,13.0,0.0,19.0,0.4,94.0,1.0,2.0,1918.0,1687.0,1483.0,5.0,9.0,3.0,1.0,1.0,1.0,1,synthetic_train,
547.0,0.0,0.6,1.0,14.0,1.0,45.0,0.3,154.0,7.0,12.0,1430.0,1010.0,3231.0,19.0,18.0,11.0,1.0,1.0,0.0,3,synthetic_train,
684.0,1.0,2.4,1.0,2.0,0.0,36.0,0.4,116.0,6.0,1.0,359.0,1580.0,1476.0,19.0,5.0,6.0,0.0,1.0,0.0,0,synthetic_train,
601.0,1.0,3.0,1.0,3.0,1.0,6.0,1.0,101.0,3.0,15.0,57.0,1186.0,3833.0,7.0,16.0,3.0,0.0,0.0,1.0,2,synthetic_train,
1746.0,1.0,0.6,1.0,13.0,0.0,33.0,0.6,137.0,5.0,8.0,695.0,1841.0,1389.0,16.0,5.0,9.0,1.0,1.0,0.0,1,synthetic_train,
1837.0,1.0,2.4,1.0,2.0,1.0,26.0,0.5,175.0,3.0,8.0,1304.0,1261.0,2219.0,13.0,11.0,10.0,1.0,0.0,0.0,2,synthetic_train,
729.0,1.0,0.7,0.0,17.0,0.0,52.0,0.6,80.0,6.0,5.0,735.0,1849.0,2476.0,12.0,2.0,7.0,1.0,1.0,0.0,2,synthetic_train,
1620.0,0.0,2.0,1.0,2.0,0.0,21.0,0.7,122.0,2.0,5.0,1583.0,875.0,3359.0,16.0,5.0,4.0,0.0,0.0,1.0,3,synthetic_train,
768.0,0.0,2.4,1.0,19.0,0.0,62.0,0.5,191.0,5.0,3.0,980.0,1665.0,3069.0,13.0,16.0,9.0,0.0,1.0,0.0,3,synthetic_train,
1050.0,1.0,1.4,1.0,13.0,0.0,40.0,0.5,127.0,1.0,11.0,1943.0,1285.0,3503.0,9.0,11.0,4.0,1.0,1.0,1.0,3,synthetic_train,
1399.0,0.0,0.5,0.0,8.0,1.0,10.0,0.7,91.0,1.0,3.0,1707.0,785.0,3766.0,13.0,10.0,2.0,0.0,0.0,0.0,3,synthetic_train,
1579.0,0.0,2.0,0.0,5.0,1.0,27.0,0.2,131.0,3.0,14.0,924.0,850.0,695.0,7.0,9.0,10.0,1.0,0.0,1.0,0,synthetic_train,
1811.0,1.0,3.0,1.0,6.0,0.0,57.0,0.6,162.0,2.0,5.0,1636.0,970.0,608.0,8.0,4.0,3.0,1.0,0.0,1.0,0,synthetic_train,
567.0,1.0,1.1,1.0,14.0,1.0,18.0,0.6,200.0,4.0,11.0,878.0,732.0,1937.0,19.0,17.0,20.0,0.0,0.0,0.0,1,synthetic_train,
794.0,0.0,1.0,0.0,15.0,0.0,46.0,0.8,156.0,2.0,11.0,19.0,1903.0,818.0,7.0,7.0,17.0,1.0,1.0,1.0,0,synthetic_train,
920.0,0.0,0.8,1.0,4.0,1.0,51.0,1.0,86.0,2.0,13.0,604.0,818.0,2103.0,13.0,0.0,19.0,1.0,1.0,1.0,1,synthetic_train,
965.0,1.0,1.9,0.0,10.0,1.0,45.0,0.8,177.0,1.0,15.0,802.0,1396.0,2463.0,9.0,17.0,3.0,0.0,1.0,1.0,1,synthetic_train,
1997.0,0.0,2.0,1.0,19.0,0.0,7.0,0.6,174.0,8.0,11.0,1914.0,1355.0,1290.0,11.0,0.0,10.0,1.0,0.0,1.0,2,synthetic_train,
1666.0,1.0,2.5,0.0,5.0,1.0,25.0,0.3,158.0,6.0,17.0,1623.0,1307.0,623.0,8.0,16.0,17.0,1.0,0.0,0.0,1,synthetic_train,
980.0,1.0,2.4,0.0,13.0,0.0,23.0,0.6,188.0,2.0,5.0,287.0,1440.0,3866.0,13.0,5.0,12.0,0.0,0.0,0.0,3,synthetic_train,
1957.0,1.0,2.7,1.0,3.0,0.0,23.0,0.9,173.0,1.0,15.0,0.0,1872.0,1643.0,13.0,1.0,7.0,1.0,0.0,0.0,1,synthetic_train,
1248.0,0.0,2.5,1.0,16.0,0.0,57.0,0.9,108.0,7.0,7.0,1036.0,1950.0,3396.0,14.0,4.0,17.0,1.0,0.0,0.0,3,synthetic_train,
1251.0,1.0,1.1,0.0,3.0,1.0,2.0,0.8,130.0,6.0,13.0,1046.0,1810.0,2593.0,9.0,12.0,7.0,0.0,1.0,1.0,3,synthetic_train,
1150.0,0.0,1.9,0.0,5.0,0.0,35.0,0.3,141.0,8.0,10.0,1442.0,1189.0,2734.0,13.0,10.0,20.0,0.0,0.0,1.0,3,synthetic_train,
715.0,1.0,1.2,1.0,9.0,0.0,63.0,0.7,139.0,2.0,19.0,508.0,1590.0,3177.0,15.0,2.0,3.0,1.0,1.0,1.0,2,synthetic_train,
1901.0,0.0,1.3,0.0,7.0,0.0,57.0,0.9,157.0,3.0,5.0,1592.0,778.0,1248.0,15.0,5.0,15.0,1.0,1.0,0.0,1,synthetic_train,
520.0,0.0,2.8,1.0,3.0,0.0,40.0,0.7,164.0,1.0,10.0,809.0,1822.0,1070.0,13.0,4.0,2.0,0.0,1.0,1.0,0,synthetic_train,
761.0,1.0,2.2,1.0,12.0,1.0,64.0,0.7,92.0,4.0,3.0,656.0,793.0,3986.0,9.0,12.0,19.0,0.0,1.0,1.0,3,synthetic_train,
844.0,0.0,2.9,1.0,0.0,1.0,27.0,0.6,148.0,2.0,13.0,824.0,670.0,2756.0,12.0,16.0,8.0,1.0,1.0,1.0,2,synthetic_train,
918.0,1.0,1.5,0.0,19.0,0.0,40.0,0.7,84.0,1.0,0.0,1852.0,1742.0,1349.0,13.0,4.0,2.0,0.0,0.0,0.0,1,synthetic_train,
697.0,1.0,1.8,0.0,1.0,0.0,36.0,0.4,141.0,5.0,8.0,768.0,1635.0,2673.0,19.0,17.0,17.0,0.0,1.0,0.0,2,synthetic_train,
526.0,0.0,1.7,1.0,6.0,0.0,4.0,0.2,131.0,8.0,0.0,1099.0,707.0,1729.0,10.0,7.0,20.0,0.0,0.0,1.0,0,synthetic_train,
1516.0,0.0,0.8,0.0,18.0,0.0,4.0,0.8,104.0,6.0,6.0,1749.0,1947.0,3473.0,9.0,1.0,19.0,1.0,1.0,1.0,3,synthetic_train,
1953.0,1.0,1.1,1.0,3.0,1.0,58.0,0.9,199.0,7.0,10.0,35.0,667.0,2158.0,16.0,6.0,11.0,1.0,1.0,0.0,2,synthetic_train,
682.0,0.0,1.8,0.0,1.0,0.0,12.0,0.9,111.0,7.0,6.0,1052.0,573.0,1430.0,14.0,16.0,3.0,0.0,0.0,1.0,0,synthetic_train,
944.0,0.0,0.7,1.0,14.0,0.0,24.0,0.4,86.0,8.0,8.0,1389.0,1932.0,2840.0,11.0,15.0,6.0,1.0,1.0,1.0,2,synthetic_train,
1259.0,0.0,2.8,0.0,1.0,1.0,41.0,0.2,123.0,2.0,3.0,1772.0,834.0,3063.0,5.0,13.0,2.0,1.0,1.0,0.0,2,synthetic_train,
1891.0,0.0,0.8,1.0,17.0,1.0,38.0,0.4,171.0,3.0,15.0,120.0,851.0,1650.0,15.0,7.0,2.0,1.0,1.0,1.0,1,synthetic_train,
1541.0,1.0,1.0,1.0,9.0,0.0,34.0,0.9,81.0,5.0,16.0,1425.0,1690.0,3070.0,16.0,14.0,5.0,1.0,1.0,1.0,3,synthetic_train,
1649.0,0.0,2.4,0.0,17.0,0.0,63.0,0.7,139.0,7.0,9.0,1573.0,1410.0,1132.0,18.0,13.0,12.0,0.0,0.0,0.0,1,synthetic_train,
1371.0,1.0,0.7,0.0,4.0,1.0,51.0,1.0,130.0,7.0,1.0,688.0,1279.0,1151.0,12.0,15.0,16.0,0.0,1.0,0.0,1,synthetic_train,
1125.0,0.0,2.8,0.0,2.0,0.0,61.0,0.4,184.0,6.0,1.0,1463.0,1981.0,3349.0,12.0,10.0,13.0,0.0,1.0,1.0,3,synthetic_train,
799.0,1.0,2.3,0.0,19.0,0.0,43.0,0.6,80.0,3.0,14.0,967.0,629.0,2580.0,8.0,9.0,5.0,1.0,0.0,0.0,2,synthetic_train,
1796.0,0.0,0.7,0.0,15.0,1.0,63.0,0.8,82.0,3.0,19.0,1290.0,1887.0,387.0,11.0,18.0,13.0,0.0,1.0,0.0,1,synthetic_train,
1706.0,0.0,2.2,0.0,18.0,1.0,39.0,0.3,148.0,1.0,18.0,764.0,901.0,2783.0,5.0,17.0,6.0,0.0,1.0,0.0,3,synthetic_train,
537.0,1.0,2.1,1.0,6.0,1.0,36.0,1.0,101.0,3.0,8.0,347.0,1433.0,1400.0,12.0,10.0,10.0,1.0,0.0,0.0,0,synthetic_train,
1573.0,0.0,2.4,1.0,8.0,0.0,53.0,0.6,165.0,2.0,10.0,1624.0,985.0,1283.0,15.0,3.0,18.0,1.0,1.0,1.0,1,synthetic_train,
626.0,0.0,2.6,0.0,11.0,0.0,56.0,0.1,113.0,8.0,3.0,424.0,939.0,1843.0,16.0,7.0,4.0,0.0,0.0,0.0,0,synthetic_train,
1608.0,1.0,2.3,0.0,8.0,0.0,6.0,0.1,148.0,1.0,1.0,367.0,981.0,1947.0,14.0,9.0,18.0,1.0,0.0,1.0,2,synthetic_train,
1738.0,0.0,2.0,0.0,4.0,1.0,59.0,0.9,84.0,3.0,16.0,1737.0,1337.0,3594.0,17.0,12.0,7.0,0.0,1.0,0.0,3,synthetic_train,
696.0,0.0,1.3,1.0,7.0,1.0,45.0,0.7,163.0,8.0,8.0,1836.0,1815.0,1887.0,14.0,6.0,14.0,1.0,1.0,0.0,2,synthetic_train,
1150.0,0.0,2.2,0.0,12.0,0.0,58.0,0.8,142.0,8.0,10.0,1194.0,668.0,1366.0,16.0,0.0,6.0,1.0,1.0,0.0,0,synthetic_train,
685.0,1.0,2.9,0.0,0.0,1.0,47.0,0.8,80.0,4.0,7.0,1138.0,1492.0,3151.0,11.0,15.0,5.0,1.0,1.0,1.0,2,synthetic_train,
1350.0,1.0,2.0,0.0,6.0,0.0,60.0,0.5,112.0,4.0,6.0,707.0,1789.0,2287.0,14.0,18.0,10.0,1.0,0.0,1.0,2,synthetic_train,
1891.0,1.0,2.2,1.0,5.0,0.0,19.0,0.8,87.0,5.0,20.0,1199.0,1601.0,258.0,14.0,1.0,9.0,1.0,1.0,1.0,0,synthetic_train,
621.0,1.0,1.6,0.0,1.0,1.0,13.0,0.9,85.0,7.0,17.0,1194.0,1969.0,2622.0,13.0,6.0,11.0,0.0,1.0,0.0,1,synthetic_train,
1096.0,0.0,2.4,1.0,2.0,0.0,14.0,0.3,164.0,7.0,14.0,1013.0,520.0,2131.0,13.0,8.0,6.0,0.0,1.0,0.0,1,synthetic_train,
1959.0,0.0,3.0,0.0,9.0,0.0,17.0,0.8,131.0,5.0,8.0,1284.0,1043.0,2406.0,16.0,14.0,20.0,1.0,1.0,0.0,2,synthetic_train,
951.0,0.0,0.9,0.0,2.0,0.0,15.0,0.4,177.0,3.0,15.0,1087.0,1140.0,945.0,8.0,14.0,14.0,0.0,0.0,0.0,1,synthetic_train,
698.0,0.0,1.0,0.0,6.0,1.0,29.0,0.4,111.0,3.0,7.0,1724.0,1302.0,2046.0,9.0,6.0,17.0,1.0,1.0,0.0,1,synthetic_train,
1232.0,0.0,1.8,0.0,11.0,0.0,14.0,0.5,166.0,6.0,10.0,1309.0,976.0,2677.0,12.0,5.0,16.0,0.0,1.0,0.0,3,synthetic_train,
1262.0,1.0,1.7,1.0,17.0,0.0,11.0,0.9,154.0,7.0,3.0,755.0,879.0,2789.0,14.0,7.0,15.0,1.0,1.0,0.0,2,synthetic_train,
1494.0,1.0,1.9,0.0,1.0,1.0,34.0,0.1,160.0,1.0,14.0,1284.0,1777.0,2802.0,12.0,4.0,4.0,0.0,0.0,0.0,2,synthetic_train,
970.0,1.0,0.6,0.0,8.0,0.0,51.0,0.5,180.0,7.0,1.0,451.0,848.0,3990.0,7.0,8.0,13.0,0.0,0.0,0.0,3,synthetic_train,
1933.0,1.0,1.5,0.0,2.0,0.0,10.0,0.7,165.0,4.0,15.0,419.0,1929.0,2131.0,17.0,4.0,19.0,1.0,1.0,1.0,2,synthetic_train,
1281.0,1.0,2.0,1.0,8.0,1.0,34.0,0.2,170.0,2.0,12.0,1621.0,555.0,1865.0,13.0,1.0,3.0,0.0,1.0,0.0,1,synthetic_train,
929.0,0.0,2.0,0.0,9.0,1.0,43.0,0.8,169.0,1.0,1.0,1142.0,1134.0,2284.0,11.0,13.0,10.0,0.0,1.0,1.0,2,synthetic_train,
1940.0,1.0,2.1,1.0,15.0,1.0,46.0,0.9,134.0,3.0,10.0,105.0,1413.0,1487.0,18.0,14.0,5.0,0.0,1.0,1.0,1,synthetic_train,
1887.0,1.0,2.3,1.0,8.0,0.0,8.0,0.2,167.0,2.0,4.0,695.0,1958.0,1435.0,11.0,5.0,17.0,1.0,1.0,0.0,1,synthetic_train,
1248.0,0.0,2.1,1.0,18.0,1.0,48.0,0.2,181.0,1.0,9.0,1930.0,1646.0,2839.0,7.0,7.0,19.0,0.0,0.0,0.0,2,synthetic_train,
537.0,0.0,2.5,1.0,2.0,0.0,3.0,1.0,169.0,3.0,0.0,1249.0,521.0,1428.0,19.0,7.0,2.0,0.0,1.0,1.0,0,synthetic_train,
1395.0,1.0,2.1,1.0,1.0,0.0,16.0,0.3,153.0,7.0,15.0,1703.0,1622.0,3059.0,10.0,0.0,17.0,0.0,0.0,0.0,3,synthetic_train,
1332.0,0.0,1.8,0.0,0.0,0.0,22.0,0.2,88.0,6.0,10.0,1074.0,988.0,3044.0,18.0,10.0,8.0,0.0,1.0,0.0,3,synthetic_train,
722.0,1.0,2.0,1.0,7.0,0.0,55.0,1.0,132.0,2.0,7.0,83.0,1788.0,3824.0,12.0,8.0,20.0,1.0,0.0,1.0,2,synthetic_train,
1450.0,1.0,0.8,1.0,3.0,0.0,14.0,0.9,87.0,6.0,18.0,352.0,1661.0,749.0,8.0,17.0,2.0,1.0,0.0,0.0,0,synthetic_train,
1761.0,0.0,1.2,0.0,1.0,0.0,51.0,0.7,92.0,4.0,13.0,180.0,787.0,1615.0,10.0,7.0,5.0,1.0,0.0,1.0,0,synthetic_train,
658.0,0.0,1.8,0.0,4.0,0.0,64.0,0.6,123.0,6.0,12.0,1440.0,1039.0,3143.0,18.0,15.0,15.0,0.0,0.0,0.0,3,synthetic_train,
1584.0,0.0,2.7,1.0,19.0,0.0,62.0,0.9,136.0,2.0,3.0,1483.0,1730.0,1862.0,19.0,7.0,16.0,1.0,1.0,0.0,2,synthetic_train,
710.0,0.0,2.2,1.0,16.0,1.0,21.0,0.7,143.0,1.0,10.0,896.0,1880.0,2707.0,7.0,3.0,3.0,1.0,0.0,0.0,2,synthetic_train,
1623.0,0.0,0.7,1.0,0.0,1.0,8.0,0.7,188.0,3.0,14.0,1420.0,1404.0,3008.0,19.0,6.0,5.0,0.0,1.0,1.0,3,synthetic_train,
1128.0,1.0,2.0,0.0,18.0,0.0,15.0,0.9,172.0,8.0,19.0,1081.0,827.0,3566.0,17.0,16.0,8.0,1.0,1.0,0.0,3,synthetic_train,
509.0,0.0,1.1,0.0,4.0,1.0,50.0,0.7,131.0,5.0,12.0,1450.0,1083.0,1102.0,14.0,4.0,2.0,1.0,1.0,1.0,0,synthetic_train,
1949.0,0.0,2.3,1.0,8.0,1.0,14.0,0.6,120.0,1.0,3.0,1319.0,1692.0,1229.0,7.0,16.0,16.0,1.0,1.0,0.0,2,synthetic_train,
748.0,0.0,2.6,0.0,6.0,1.0,42.0,0.5,166.0,8.0,14.0,893.0,1396.0,2018.0,13.0,12.0,14.0,1.0,0.0,0.0,1,synthetic_train,
1394.0,1.0,2.0,1.0,8.0,0.0,25.0,0.6,113.0,7.0,1.0,1280.0,802.0,2150.0,11.0,14.0,16.0,1.0,1.0,0.0,1,synthetic_train,
772.0,0.0,2.0,1.0,15.0,0.0,50.0,0.6,186.0,5.0,6.0,624.0,928.0,3643.0,6.0,14.0,10.0,1.0,0.0,1.0,2,synthetic_train,
1899.0,0.0,1.3,0.0,14.0,0.0,40.0,0.4,174.0,6.0,19.0,1468.0,795.0,401.0,19.0,9.0,14.0,1.0,0.0,0.0,0,synthetic_train,
1607.0,1.0,1.6,1.0,11.0,0.0,38.0,0.5,162.0,2.0,16.0,1791.0,1203.0,1174.0,14.0,11.0,12.0,0.0,1.0,1.0,1,synthetic_train,
1706.0,0.0,2.7,0.0,12.0,0.0,51.0,0.8,110.0,5.0,18.0,405.0,1168.0,3671.0,6.0,1.0,15.0,0.0,1.0,1.0,3,synthetic_train,
1148.0,0.0,2.3,0.0,14.0,1.0,62.0,0.5,155.0,8.0,7.0,1308.0,1312.0,2556.0,10.0,13.0,10.0,1.0,1.0,1.0,2,synthetic_train,
1201.0,0.0,1.8,0.0,3.0,0.0,24.0,0.1,179.0,4.0,14.0,216.0,1916.0,2783.0,17.0,13.0,14.0,1.0,0.0,0.0,1,synthetic_train,
1451.0,0.0,1.4,1.0,7.0,1.0,35.0,0.4,88.0,1.0,14.0,740.0,1476.0,1190.0,11.0,1.0,14.0,1.0,0.0,0.0,1,synthetic_train,
1677.0,0.0,0.6,1.0,2.0,1.0,41.0,0.3,101.0,7.0,5.0,1312.0,1377.0,2587.0,12.0,9.0,14.0,0.0,1.0,0.0,3,synthetic_train,
1770.0,1.0,0.9,0.0,14.0,0.0,53.0,0.8,142.0,6.0,19.0,543.0,1048.0,1640.0,7.0,9.0,18.0,1.0,1.0,1.0,1,synthetic_train,
526.0,0.0,1.0,1.0,8.0,1.0,32.0,0.5,123.0,6.0,20.0,462.0,1451.0,2998.0,6.0,5.0,8.0,0.0,1.0,0.0,2,synthetic_train,
1495.0,0.0,1.4,1.0,12.0,0.0,25.0,0.4,165.0,6.0,2.0,752.0,1932.0,594.0,19.0,1.0,18.0,1.0,0.0,1.0,0,synthetic_train,
663.0,0.0,2.9,1.0,11.0,1.0,55.0,0.8,128.0,2.0,16.0,224.0,514.0,1320.0,19.0,0.0,2.0,1.0,1.0,1.0,0,synthetic_train,
931.0,1.0,1.8,1.0,5.0,1.0,62.0,0.1,200.0,1.0,9.0,1226.0,1024.0,2668.0,6.0,3.0,11.0,1.0,1.0,0.0,2,synthetic_train,
1744.0,1.0,1.1,1.0,2.0,1.0,37.0,0.3,116.0,7.0,14.0,257.0,584.0,2516.0,13.0,4.0,10.0,1.0,1.0,0.0,2,synthetic_train,
875.0,0.0,0.8,1.0,19.0,0.0,8.0,0.8,123.0,7.0,11.0,653.0,805.0,3401.0,15.0,4.0,18.0,1.0,1.0,0.0,2,synthetic_train,
1695.0,0.0,1.3,1.0,5.0,0.0,20.0,0.6,80.0,1.0,4.0,613.0,600.0,3253.0,18.0,11.0,2.0,1.0,0.0,1.0,3,synthetic_train,
1194.0,0.0,2.5,0.0,2.0,0.0,31.0,0.8,109.0,5.0,2.0,1898.0,1387.0,310.0,13.0,8.0,6.0,0.0,1.0,0.0,0,synthetic_train,
848.0,0.0,1.5,0.0,6.0,0.0,46.0,0.9,108.0,5.0,10.0,1944.0,1728.0,593.0,18.0,2.0,10.0,1.0,0.0,0.0,0,synthetic_train,
1001.0,0.0,2.4,0.0,18.0,0.0,44.0,0.9,172.0,3.0,17.0,155.0,1909.0,1582.0,6.0,1.0,17.0,1.0,1.0,0.0,0,synthetic_train,
1296.0,0.0,2.5,1.0,5.0,1.0,53.0,0.2,120.0,6.0,17.0,308.0,855.0,3844.0,5.0,12.0,10.0,1.0,1.0,0.0,3,synthetic_train,
1647.0,1.0,0.8,1.0,19.0,0.0,3.0,0.8,104.0,8.0,5.0,1435.0,1548.0,2042.0,11.0,17.0,14.0,0.0,0.0,1.0,2,synthetic_train,
1409.0,0.0,2.0,1.0,9.0,0.0,31.0,0.7,117.0,7.0,18.0,585.0,992.0,3594.0,8.0,15.0,5.0,1.0,1.0,1.0,3,synthetic_train,
1899.0,0.0,2.9,0.0,17.0,1.0,46.0,0.3,148.0,2.0,7.0,1263.0,973.0,477.0,16.0,14.0,19.0,0.0,1.0,1.0,1,synthetic_train,
1801.0,0.0,1.5,0.0,13.0,0.0,64.0,0.9,175.0,4.0,11.0,1805.0,1414.0,3860.0,10.0,6.0,16.0,0.0,0.0,1.0,3,synthetic_train,
1630.0,1.0,0.6,0.0,0.0,0.0,10.0,0.5,198.0,8.0,6.0,319.0,1517.0,484.0,11.0,13.0,2.0,1.0,0.0,0.0,0,synthetic_train,
1404.0,1.0,2.8,1.0,10.0,1.0,57.0,0.9,85.0,2.0,10.0,1889.0,1375.0,3281.0,13.0,1.0,15.0,0.0,0.0,1.0,3,synthetic_train,
934.0,0.0,2.7,0.0,8.0,1.0,2.0,0.6,181.0,7.0,11.0,102.0,649.0,3538.0,19.0,3.0,4.0,0.0,0.0,1.0,3,synthetic_train,
1118.0,0.0,1.8,0.0,4.0,1.0,14.0,0.6,127.0,4.0,14.0,448.0,1115.0,1357.0,6.0,2.0,12.0,1.0,1.0,0.0,1,synthetic_train,
678.0,1.0,1.9,1.0,10.0,0.0,55.0,0.2,177.0,5.0,9.0,995.0,928.0,1381.0,13.0,3.0,15.0,1.0,1.0,1.0,0,synthetic_train,
1061.0,1.0,1.0,0.0,2.0,1.0,51.0,0.9,84.0,3.0,11.0,1726.0,506.0,2432.0,10.0,6.0,19.0,1.0,0.0,0.0,2,synthetic_train,
1889.0,0.0,2.5,1.0,13.0,0.0,63.0,0.6,155.0,8.0,13.0,1086.0,560.0,2958.0,5.0,0.0,3.0,0.0,1.0,0.0,3,synthetic_train,
1138.0,1.0,1.7,1.0,16.0,0.0,39.0,0.1,192.0,5.0,8.0,272.0,1173.0,705.0,17.0,15.0,7.0,0.0,0.0,1.0,0,synthetic_train,
670.0,1.0,0.6,0.0,1.0,0.0,40.0,0.1,84.0,5.0,11.0,488.0,650.0,1142.0,18.0,13.0,15.0,0.0,1.0,1.0,0,synthetic_train,
1477.0,0.0,2.2,0.0,9.0,1.0,35.0,0.8,175.0,4.0,1.0,1493.0,1607.0,3078.0,7.0,12.0,6.0,0.0,0.0,0.0,3,synthetic_train,
1943.0,1.0,2.9,0.0,13.0,0.0,34.0,0.2,93.0,1.0,18.0,1101.0,584.0,3278.0,16.0,3.0,15.0,0.0,1.0,1.0,3,synthetic_train,
1801.0,0.0,2.6,0.0,1.0,0.0,34.0,0.6,198.0,7.0,2.0,25.0,852.0,831.0,15.0,16.0,5.0,0.0,1.0,1.0,1,synthetic_train,
911.0,0.0,1.2,0.0,7.0,0.0,20.0,0.7,170.0,3.0,18.0,983.0,1977.0,3585.0,15.0,0.0,5.0,0.0,0.0,1.0,3,synthetic_train,
1180.0,0.0,0.6,0.0,5.0,0.0,55.0,0.4,190.0,2.0,15.0,797.0,1561.0,3500.0,11.0,18.0,12.0,1.0,0.0,1.0,3,synthetic_train,
1296.0,0.0,2.9,0.0,0.0,0.0,24.0,0.6,188.0,7.0,19.0,1.0,1335.0,3504.0,9.0,13.0,15.0,1.0,0.0,0.0,3,synthetic_train,
871.0,1.0,2.8,1.0,16.0,0.0,40.0,0.3,118.0,2.0,0.0,485.0,522.0,1156.0,6.0,3.0,5.0,0.0,0.0,0.0,0,synthetic_train,
903.0,0.0,1.8,0.0,8.0,0.0,44.0,1.0,130.0,6.0,4.0,1834.0,565.0,2760.0,5.0,3.0,18.0,1.0,1.0,0.0,2,synthetic_train,
854.0,0.0,2.1,1.0,15.0,1.0,35.0,0.9,163.0,4.0,1.0,1380.0,1861.0,856.0,7.0,13.0,18.0,0.0,0.0,1.0,1,synthetic_train,
1991.0,0.0,1.7,1.0,11.0,1.0,40.0,0.4,101.0,7.0,8.0,138.0,1698.0,991.0,12.0,15.0,3.0,1.0,0.0,0.0,1,synthetic_train,
1619.0,1.0,1.5,0.0,17.0,1.0,5.0,0.6,117.0,1.0,18.0,31.0,1924.0,521.0,7.0,8.0,7.0,0.0,0.0,0.0,0,synthetic_train,
1761.0,1.0,0.8,1.0,19.0,1.0,21.0,0.6,91.0,7.0,16.0,678.0,1711.0,2101.0,15.0,1.0,12.0,1.0,1.0,1.0,2,synthetic_train,
1724.0,1.0,0.7,0.0,12.0,1.0,30.0,1.0,187.0,2.0,14.0,911.0,503.0,2918.0,14.0,9.0,11.0,0.0,1.0,0.0,3,synthetic_train,
1938.0,0.0,1.1,1.0,7.0,1.0,26.0,0.5,109.0,7.0,17.0,889.0,1707.0,999.0,10.0,9.0,6.0,0.0,0.0,0.0,1,synthetic_train,
657.0,1.0,2.6,0.0,8.0,0.0,59.0,0.6,129.0,3.0,0.0,1366.0,1186.0,952.0,6.0,6.0,12.0,1.0,0.0,1.0,0,synthetic_train,
1822.0,1.0,0.9,1.0,16.0,1.0,58.0,0.9,134.0,1.0,16.0,339.0,1537.0,1292.0,12.0,17.0,20.0,1.0,0.0,1.0,1,synthetic_train,
599.0,1.0,1.1,1.0,8.0,0.0,46.0,0.2,125.0,4.0,6.0,91.0,1120.0,995.0,17.0,6.0,7.0,1.0,0.0,0.0,0,synthetic_train,
1213.0,0.0,1.9,1.0,10.0,1.0,24.0,0.6,174.0,1.0,14.0,1319.0,1580.0,3373.0,10.0,4.0,6.0,1.0,0.0,1.0,3,synthetic_train,
1391.0,1.0,1.0,0.0,3.0,0.0,5.0,0.2,190.0,3.0,16.0,1759.0,1761.0,891.0,17.0,12.0,16.0,0.0,1.0,0.0,1,synthetic_train,
1036.0,0.0,0.9,1.0,19.0,0.0,49.0,0.7,149.0,6.0,14.0,328.0,1960.0,1298.0,9.0,11.0,12.0,1.0,0.0,0.0,0,synthetic_train,
719.0,0.0,1.9,1.0,13.0,1.0,57.0,0.4,181.0,5.0,8.0,708.0,1310.0,1400.0,6.0,11.0,15.0,1.0,1.0,1.0,1,synthetic_train,
788.0,0.0,1.4,1.0,6.0,0.0,32.0,1.0,93.0,6.0,12.0,1228.0,918.0,1014.0,14.0,9.0,14.0,1.0,0.0,0.0,0,synthetic_train,
1736.0,0.0,2.1,1.0,11.0,0.0,54.0,0.5,196.0,8.0,9.0,324.0,1416.0,3778.0,18.0,6.0,16.0,1.0,0.0,0.0,3,synthetic_train,
978.0,0.0,2.8,0.0,8.0,1.0,60.0,0.2,94.0,4.0,13.0,1686.0,1249.0,1040.0,18.0,4.0,15.0,1.0,0.0,0.0,1,synthetic_train,
965.0,0.0,0.9,0.0,3.0,0.0,36.0,0.9,88.0,5.0,9.0,442.0,803.0,2077.0,19.0,2.0,13.0,1.0,0.0,0.0,1,synthetic_train,
1885.0,0.0,2.8,1.0,17.0,0.0,15.0,0.8,82.0,1.0,8.0,1044.0,1586.0,2375.0,6.0,3.0,10.0,1.0,0.0,0.0,3,synthetic_train,
715.0,1.0,2.8,1.0,17.0,1.0,3.0,0.7,109.0,3.0,4.0,664.0,615.0,1232.0,5.0,10.0,10.0,0.0,1.0,0.0,0,synthetic_train,
1872.0,0.0,2.6,1.0,16.0,1.0,49.0,0.8,181.0,6.0,8.0,1308.0,1104.0,2019.0,13.0,7.0,7.0,0.0,1.0,1.0,1,synthetic_train,
1881.0,1.0,2.1,1.0,7.0,0.0,37.0,0.3,116.0,1.0,15.0,389.0,1537.0,893.0,19.0,14.0,10.0,0.0,1.0,0.0,0,synthetic_train,
1397.0,1.0,2.1,1.0,5.0,0.0,11.0,0.7,175.0,3.0,18.0,192.0,1880.0,2063.0,19.0,15.0,13.0,1.0,0.0,1.0,2,synthetic_train,
748.0,1.0,2.1,1.0,0.0,1.0,5.0,0.1,131.0,2.0,2.0,1001.0,1430.0,326.0,9.0,10.0,15.0,1.0,1.0,0.0,0,synthetic_train,
733.0,1.0,2.2,0.0,14.0,0.0,63.0,0.3,92.0,7.0,3.0,1696.0,1967.0,1899.0,10.0,1.0,16.0,0.0,1.0,1.0,2,synthetic_train,
927.0,0.0,0.5,0.0,6.0,0.0,22.0,0.9,137.0,5.0,10.0,1241.0,1747.0,1622.0,14.0,0.0,9.0,1.0,0.0,1.0,0,synthetic_train,
1366.0,1.0,2.9,0.0,17.0,0.0,22.0,0.8,108.0,6.0,14.0,1481.0,854.0,1568.0,18.0,4.0,15.0,1.0,0.0,1.0,1,synthetic_train,
730.0,1.0,2.0,1.0,17.0,1.0,41.0,0.3,115.0,6.0,3.0,849.0,1766.0,667.0,7.0,5.0,10.0,0.0,1.0,0.0,0,synthetic_train,
1183.0,0.0,2.5,1.0,2.0,0.0,24.0,0.2,142.0,2.0,6.0,274.0,1003.0,3994.0,19.0,1.0,8.0,0.0,0.0,0.0,3,synthetic_train,
673.0,0.0,1.4,1.0,18.0,0.0,59.0,1.0,175.0,1.0,0.0,837.0,1445.0,357.0,17.0,14.0,5.0,1.0,0.0,1.0,0,synthetic_train,
1310.0,1.0,0.5,0.0,2.0,0.0,44.0,0.2,151.0,4.0,1.0,1936.0,801.0,802.0,6.0,6.0,7.0,1.0,1.0,1.0,1,synthetic_train,
531.0,0.0,1.8,1.0,9.0,0.0,24.0,0.3,107.0,2.0,3.0,1532.0,1307.0,641.0,17.0,14.0,14.0,0.0,0.0,0.0,0,synthetic_train,
1563.0,0.0,1.8,1.0,9.0,1.0,18.0,0.3,166.0,3.0,15.0,1379.0,1518.0,3915.0,14.0,3.0,6.0,0.0,0.0,0.0,3,synthetic_train,
583.0,1.0,1.6,1.0,19.0,0.0,56.0,0.1,164.0,3.0,18.0,590.0,1870.0,1448.0,19.0,0.0,3.0,0.0,1.0,0.0,1,synthetic_train,
792.0,1.0,1.3,0.0,13.0,0.0,39.0,0.4,108.0,7.0,10.0,1175.0,1914.0,1869.0,8.0,2.0,7.0,1.0,1.0,1.0,1,synthetic_train,
761.0,0.0,1.1,0.0,17.0,0.0,59.0,1.0,183.0,3.0,3.0,1221.0,1701.0,3066.0,19.0,8.0,20.0,0.0,1.0,1.0,2,synthetic_train,
1746.0,1.0,1.8,0.0,11.0,1.0,23.0,0.4,182.0,2.0,19.0,1282.0,1337.0,444.0,5.0,9.0,4.0,0.0,0.0,1.0,0,synthetic_train,
580.0,0.0,1.4,1.0,16.0,1.0,3.0,0.6,153.0,8.0,5.0,1751.0,1822.0,506.0,6.0,8.0,4.0,1.0,0.0,1.0,0,synthetic_train,
1143.0,1.0,2.9,1.0,17.0,1.0,58.0,0.8,115.0,1.0,3.0,1336.0,658.0,939.0,11.0,18.0,9.0,1.0,0.0,0.0,0,synthetic_train,
1386.0,1.0,0.9,1.0,17.0,0.0,17.0,0.6,122.0,2.0,2.0,434.0,1992.0,2796.0,14.0,12.0,9.0,0.0,0.0,0.0,2,synthetic_train,
1273.0,0.0,1.3,0.0,8.0,0.0,55.0,0.8,133.0,3.0,7.0,434.0,805.0,3918.0,7.0,13.0,19.0,1.0,0.0,1.0,3,synthetic_train,
1521.0,0.0,1.2,0.0,7.0,0.0,46.0,0.7,102.0,1.0,15.0,1215.0,1104.0,2578.0,9.0,2.0,6.0,0.0,1.0,0.0,2,synthetic_train,
1704.0,1.0,1.9,1.0,19.0,0.0,16.0,0.6,117.0,8.0,8.0,1698.0,1860.0,3520.0,10.0,8.0,9.0,1.0,0.0,0.0,3,synthetic_train,
1090.0,0.0,1.7,0.0,15.0,1.0,49.0,0.7,96.0,3.0,9.0,1858.0,1574.0,3557.0,6.0,11.0,7.0,0.0,0.0,1.0,3,synthetic_train,
1742.0,0.0,2.1,1.0,18.0,1.0,7.0,0.8,98.0,7.0,7.0,1195.0,1773.0,1290.0,7.0,11.0,6.0,1.0,0.0,0.0,1,synthetic_train,
976.0,0.0,2.9,0.0,11.0,0.0,26.0,0.7,170.0,2.0,19.0,1038.0,1531.0,944.0,7.0,17.0,8.0,0.0,0.0,0.0,1,synthetic_train,
1976.0,1.0,1.2,1.0,18.0,1.0,24.0,0.8,95.0,5.0,14.0,1600.0,1401.0,855.0,19.0,9.0,6.0,1.0,0.0,1.0,1,synthetic_train,
1256.0,0.0,2.2,1.0,14.0,1.0,43.0,0.2,136.0,2.0,13.0,1915.0,761.0,3228.0,19.0,7.0,15.0,0.0,0.0,0.0,2,synthetic_train,
1604.0,1.0,0.6,1.0,14.0,0.0,35.0,0.7,131.0,2.0,9.0,54.0,1993.0,2761.0,14.0,17.0,17.0,0.0,1.0,0.0,2,synthetic_train,
1812.0,1.0,1.2,0.0,3.0,1.0,40.0,0.8,85.0,4.0,11.0,608.0,1454.0,3493.0,15.0,6.0,5.0,1.0,0.0,1.0,3,synthetic_train,
1688.0,0.0,1.7,1.0,11.0,0.0,32.0,0.4,180.0,7.0,18.0,654.0,1501.0,2154.0,7.0,10.0,11.0,0.0,0.0,0.0,2,synthetic_train,
1776.0,1.0,0.6,1.0,14.0,0.0,48.0,0.9,199.0,3.0,13.0,1106.0,1141.0,3910.0,5.0,0.0,7.0,1.0,1.0,1.0,3,synthetic_train,
1304.0,1.0,2.0,1.0,15.0,0.0,12.0,0.4,157.0,7.0,17.0,578.0,1927.0,3602.0,10.0,3.0,18.0,1.0,0.0,1.0,3,synthetic_train,
565.0,0.0,2.2,0.0,19.0,1.0,47.0,0.3,161.0,1.0,0.0,609.0,1175.0,3282.0,19.0,1.0,3.0,0.0,0.0,1.0,2,synthetic_train,
1239.0,1.0,2.4,1.0,6.0,1.0,5.0,0.9,108.0,3.0,18.0,47.0,785.0,3262.0,12.0,7.0,9.0,0.0,0.0,0.0,2,synthetic_train,
772.0,0.0,1.8,0.0,6.0,0.0,7.0,0.3,182.0,5.0,19.0,7.0,770.0,719.0,17.0,17.0,8.0,0.0,1.0,0.0,0,synthetic_train,
1833.0,0.0,2.0,0.0,19.0,1.0,47.0,0.5,174.0,4.0,14.0,882.0,1546.0,3043.0,10.0,1.0,8.0,1.0,1.0,0.0,3,synthetic_train,
855.0,0.0,1.5,1.0,19.0,0.0,11.0,0.4,133.0,5.0,20.0,1955.0,1616.0,3801.0,9.0,18.0,19.0,1.0,1.0,1.0,3,synthetic_train,
842.0,1.0,0.6,1.0,3.0,0.0,50.0,0.9,165.0,6.0,11.0,579.0,808.0,1349.0,17.0,16.0,12.0,0.0,1.0,1.0,0,synthetic_train,
874.0,1.0,0.7,0.0,7.0,0.0,10.0,0.5,195.0,1.0,5.0,470.0,1546.0,3306.0,12.0,0.0,9.0,0.0,0.0,0.0,2,synthetic_train,
1463.0,0.0,2.1,0.0,18.0,1.0,11.0,0.7,152.0,6.0,12.0,518.0,1995.0,1566.0,15.0,0.0,17.0,0.0,0.0,1.0,2,synthetic_train,
1356.0,1.0,3.0,1.0,3.0,1.0,60.0,0.8,104.0,7.0,13.0,1908.0,1297.0,1050.0,15.0,17.0,16.0,0.0,1.0,1.0,1,synthetic_train,
1923.0,1.0,0.5,1.0,15.0,0.0,13.0,0.7,119.0,7.0,3.0,1301.0,1954.0,2990.0,15.0,11.0,4.0,1.0,1.0,1.0,3,synthetic_train,
1124.0,1.0,1.9,0.0,2.0,1.0,59.0,0.9,102.0,3.0,4.0,1280.0,734.0,874.0,15.0,3.0,10.0,1.0,0.0,0.0,0,synthetic_train,
923.0,1.0,2.4,1.0,3.0,1.0,23.0,0.8,120.0,3.0,6.0,371.0,1103.0,2057.0,17.0,18.0,9.0,0.0,1.0,0.0,0,synthetic_train,
573.0,0.0,2.6,1.0,15.0,1.0,52.0,0.5,187.0,8.0,11.0,1772.0,1334.0,3760.0,11.0,10.0,10.0,1.0,1.0,1.0,3,synthetic_train,
510.0,1.0,1.9,1.0,12.0,0.0,61.0,1.0,102.0,7.0,3.0,385.0,1036.0,843.0,9.0,12.0,8.0,0.0,1.0,1.0,0,synthetic_train,
1060.0,0.0,2.0,0.0,11.0,1.0,9.0,0.6,187.0,8.0,16.0,1896.0,650.0,838.0,12.0,12.0,17.0,0.0,1.0,1.0,0,synthetic_train,
1888.0,0.0,2.2,1.0,17.0,0.0,22.0,0.1,114.0,8.0,2.0,1867.0,1186.0,3785.0,9.0,3.0,20.0,1.0,1.0,0.0,3,synthetic_train,
1285.0,0.0,2.6,1.0,6.0,0.0,38.0,0.3,140.0,4.0,19.0,1113.0,1008.0,3164.0,5.0,6.0,2.0,0.0,1.0,0.0,3,synthetic_train,
1840.0,1.0,0.8,1.0,10.0,0.0,56.0,0.7,143.0,2.0,14.0,1702.0,805.0,1983.0,10.0,2.0,18.0,0.0,1.0,0.0,1,synthetic_train,
652.0,1.0,2.8,1.0,12.0,1.0,13.0,0.2,95.0,2.0,7.0,1960.0,1058.0,1772.0,12.0,10.0,18.0,0.0,0.0,1.0,1,synthetic_train,
639.0,0.0,0.6,0.0,14.0,1.0,13.0,0.6,102.0,3.0,7.0,1138.0,1126.0,3864.0,12.0,18.0,8.0,0.0,0.0,0.0,2,synthetic_train,
1750.0,0.0,2.6,0.0,6.0,1.0,25.0,0.4,116.0,7.0,14.0,1504.0,1824.0,2965.0,10.0,11.0,11.0,0.0,1.0,1.0,3,synthetic_train,
660.0,0.0,0.7,0.0,12.0,1.0,14.0,0.6,87.0,3.0,1.0,1158.0,1236.0,3655.0,15.0,13.0,3.0,1.0,0.0,0.0,3,synthetic_train,
577.0,1.0,1.0,0.0,8.0,1.0,18.0,0.1,171.0,3.0,15.0,1027.0,1122.0,599.0,9.0,3.0,8.0,1.0,1.0,0.0,0,synthetic_train,
1106.0,0.0,0.5,0.0,10.0,1.0,10.0,0.9,146.0,7.0,11.0,656.0,1083.0,2241.0,14.0,10.0,6.0,0.0,1.0,0.0,1,synthetic_train,
1887.0,1.0,1.6,0.0,17.0,1.0,54.0,0.4,182.0,2.0,4.0,1284.0,1397.0,2969.0,9.0,18.0,19.0,1.0,0.0,0.0,3,synthetic_train,
1534.0,0.0,1.3,1.0,7.0,1.0,52.0,0.2,184.0,6.0,18.0,524.0,913.0,389.0,19.0,1.0,4.0,0.0,0.0,0.0,0,synthetic_train,
648.0,0.0,0.9,1.0,13.0,1.0,11.0,0.5,122.0,5.0,13.0,380.0,1811.0,2172.0,14.0,3.0,8.0,0.0,0.0,0.0,1,synthetic_train,
1755.0,1.0,1.6,1.0,18.0,1.0,35.0,0.5,178.0,8.0,3.0,540.0,1127.0,464.0,13.0,13.0,11.0,1.0,1.0,0.0,0,synthetic_train,
1765.0,0.0,1.5,1.0,15.0,0.0,42.0,0.7,87.0,4.0,13.0,21.0,1138.0,3626.0,11.0,0.0,20.0,0.0,0.0,1.0,3,synthetic_train,
1701.0,0.0,2.4,0.0,19.0,0.0,41.0,0.6,131.0,5.0,8.0,1831.0,595.0,2804.0,16.0,3.0,17.0,1.0,0.0,0.0,2,synthetic_train,
1853.0,0.0,2.7,0.0,11.0,1.0,63.0,0.1,160.0,7.0,16.0,503.0,1824.0,961.0,11.0,17.0,19.0,0.0,0.0,1.0,1,synthetic_train,
859.0,1.0,2.1,0.0,5.0,0.0,42.0,0.9,136.0,8.0,10.0,1568.0,1206.0,2207.0,17.0,0.0,7.0,1.0,1.0,0.0,1,synthetic_train,
1969.0,0.0,0.8,0.0,19.0,1.0,45.0,0.5,169.0,6.0,20.0,852.0,704.0,665.0,7.0,8.0,7.0,0.0,0.0,0.0,1,synthetic_train,
981.0,0.0,1.2,0.0,12.0,1.0,4.0,0.2,183.0,6.0,19.0,665.0,756.0,3264.0,17.0,6.0,12.0,0.0,1.0,1.0,2,synthetic_train,
1703.0,0.0,2.8,1.0,4.0,1.0,6.0,0.8,131.0,8.0,0.0,447.0,1046.0,990.0,19.0,7.0,8.0,1.0,1.0,0.0,0,synthetic_train,
1369.0,1.0,0.7,1.0,6.0,1.0,40.0,0.7,113.0,8.0,8.0,1609.0,1669.0,2529.0,8.0,4.0,2.0,0.0,0.0,1.0,2,synthetic_train,
1669.0,1.0,1.5,1.0,5.0,0.0,59.0,0.7,150.0,6.0,4.0,1008.0,641.0,550.0,8.0,5.0,17.0,0.0,1.0,1.0,1,synthetic_train,
1441.0,1.0,2.9,0.0,16.0,0.0,27.0,0.5,185.0,3.0,9.0,881.0,680.0,847.0,19.0,14.0,3.0,0.0,0.0,0.0,0,synthetic_train,
1463.0,0.0,2.9,1.0,1.0,1.0,42.0,0.5,199.0,6.0,3.0,1290.0,1340.0,3924.0,11.0,0.0,5.0,1.0,0.0,0.0,3,synthetic_train,
1424.0,1.0,1.5,1.0,14.0,1.0,15.0,0.6,178.0,2.0,11.0,1573.0,1248.0,1700.0,15.0,2.0,19.0,1.0,0.0,1.0,2,synthetic_train,
1668.0,0.0,2.2,0.0,11.0,0.0,30.0,0.1,109.0,5.0,3.0,1286.0,1934.0,715.0,7.0,5.0,15.0,1.0,1.0,0.0,1,synthetic_train,
1608.0,1.0,1.6,0.0,1.0,1.0,49.0,0.4,104.0,4.0,13.0,917.0,1627.0,2875.0,11.0,15.0,14.0,1.0,1.0,0.0,3,synthetic_train,
701.0,1.0,2.4,1.0,12.0,0.0,43.0,1.0,149.0,8.0,9.0,1752.0,1484.0,1007.0,15.0,7.0,4.0,1.0,1.0,0.0,0,synthetic_train,
1739.0,1.0,0.6,0.0,15.0,1.0,9.0,0.7,128.0,5.0,20.0,1756.0,1003.0,2462.0,18.0,0.0,6.0,0.0,1.0,0.0,2,synthetic_train,
1304.0,1.0,0.9,1.0,14.0,1.0,57.0,0.5,153.0,8.0,18.0,1894.0,1438.0,3286.0,11.0,9.0,5.0,1.0,0.0,1.0,3,synthetic_train,
984.0,1.0,2.0,0.0,10.0,1.0,60.0,0.3,191.0,7.0,12.0,178.0,1375.0,2814.0,6.0,11.0,14.0,1.0,1.0,1.0,1,synthetic_train,
1271.0,0.0,1.1,0.0,6.0,0.0,32.0,0.8,146.0,7.0,9.0,1746.0,916.0,1179.0,11.0,8.0,11.0,1.0,1.0,1.0,1,synthetic_train,
1950.0,1.0,2.2,1.0,3.0,0.0,23.0,0.3,123.0,2.0,15.0,378.0,1055.0,1142.0,14.0,1.0,8.0,1.0,0.0,1.0,1,synthetic_train,
1786.0,1.0,1.4,0.0,0.0,1.0,35.0,0.2,185.0,7.0,14.0,1216.0,1895.0,1088.0,18.0,16.0,16.0,1.0,1.0,1.0,1,synthetic_train,
1750.0,1.0,2.7,0.0,7.0,1.0,52.0,0.2,133.0,3.0,2.0,1290.0,1306.0,2621.0,17.0,16.0,16.0,1.0,1.0,1.0,3,synthetic_train,
1194.0,1.0,2.5,0.0,12.0,0.0,30.0,0.8,153.0,5.0,7.0,403.0,1206.0,2772.0,16.0,17.0,16.0,0.0,1.0,0.0,1,synthetic_train,
1676.0,0.0,1.7,0.0,0.0,0.0,3.0,0.7,96.0,4.0,20.0,15.0,1694.0,2205.0,7.0,18.0,4.0,0.0,0.0,0.0,1,synthetic_train,
1077.0,1.0,2.4,1.0,19.0,1.0,6.0,0.2,141.0,3.0,6.0,1850.0,900.0,1748.0,12.0,6.0,13.0,0.0,0.0,1.0,2,synthetic_train,
1529.0,0.0,1.2,0.0,11.0,0.0,53.0,0.2,131.0,8.0,0.0,1747.0,829.0,488.0,13.0,8.0,5.0,1.0,1.0,0.0,0,synthetic_train,
1459.0,1.0,1.7,0.0,5.0,1.0,51.0,0.7,94.0,8.0,17.0,342.0,1980.0,3383.0,12.0,18.0,7.0,0.0,0.0,0.0,3,synthetic_train,
874.0,1.0,1.0,1.0,19.0,0.0,50.0,0.6,105.0,5.0,19.0,1179.0,1704.0,2727.0,18.0,8.0,20.0,0.0,1.0,0.0,2,synthetic_train,
899.0,0.0,2.7,1.0,3.0,0.0,9.0,0.7,165.0,1.0,13.0,296.0,1134.0,2645.0,19.0,16.0,9.0,1.0,1.0,1.0,1,synthetic_train,
591.0,1.0,2.6,0.0,19.0,0.0,12.0,0.3,101.0,2.0,13.0,1110.0,1918.0,644.0,8.0,12.0,16.0,0.0,1.0,0.0,0,synthetic_train,
709.0,1.0,2.8,1.0,5.0,1.0,26.0,0.8,95.0,2.0,7.0,622.0,1056.0,1334.0,19.0,17.0,6.0,1.0,0.0,0.0,0,synthetic_train,
1150.0,1.0,2.7,0.0,7.0,1.0,16.0,0.9,86.0,8.0,7.0,1474.0,1512.0,1393.0,17.0,0.0,20.0,1.0,1.0,1.0,1,synthetic_train,
1216.0,0.0,2.9,1.0,8.0,0.0,26.0,0.6,83.0,4.0,19.0,1124.0,552.0,2494.0,15.0,13.0,7.0,0.0,0.0,1.0,1,synthetic_train,
747.0,0.0,1.1,1.0,19.0,0.0,37.0,0.3,132.0,1.0,18.0,976.0,1545.0,3202.0,10.0,15.0,5.0,1.0,1.0,0.0,2,synthetic_train,
1125.0,1.0,2.8,1.0,5.0,1.0,19.0,0.7,139.0,5.0,10.0,1336.0,767.0,3499.0,16.0,3.0,8.0,1.0,0.0,1.0,2,synthetic_train,
1406.0,1.0,1.9,0.0,19.0,0.0,9.0,0.4,155.0,8.0,6.0,933.0,861.0,2210.0,13.0,13.0,5.0,0.0,1.0,1.0,1,synthetic_train,
848.0,1.0,1.6,0.0,6.0,1.0,27.0,0.1,149.0,5.0,3.0,26.0,1712.0,1620.0,18.0,3.0,13.0,1.0,0.0,1.0,0,synthetic_train,
1007.0,1.0,1.9,1.0,5.0,1.0,47.0,0.4,144.0,4.0,0.0,1168.0,808.0,1783.0,15.0,17.0,4.0,1.0,1.0,0.0,1,synthetic_train,
1051.0,0.0,1.4,1.0,12.0,0.0,40.0,0.9,200.0,2.0,10.0,1525.0,1223.0,3012.0,19.0,17.0,5.0,1.0,0.0,0.0,2,synthetic_train,
1257.0,1.0,1.2,0.0,13.0,0.0,22.0,0.5,110.0,8.0,11.0,961.0,1880.0,1446.0,11.0,0.0,15.0,0.0,1.0,0.0,1,synthetic_train,
1049.0,0.0,1.1,0.0,6.0,1.0,21.0,0.9,166.0,1.0,14.0,343.0,1931.0,1812.0,6.0,9.0,2.0,0.0,1.0,1.0,0,synthetic_train,
1605.0,1.0,0.7,0.0,2.0,0.0,38.0,0.6,89.0,8.0,16.0,15.0,1165.0,3198.0,12.0,7.0,10.0,0.0,1.0,0.0,3,synthetic_train,
991.0,1.0,1.7,1.0,7.0,1.0,12.0,0.6,182.0,2.0,7.0,581.0,625.0,2288.0,19.0,16.0,15.0,0.0,0.0,1.0,2,synthetic_train,
1150.0,1.0,2.7,0.0,10.0,0.0,54.0,0.1,123.0,2.0,3.0,1506.0,930.0,2006.0,14.0,6.0,10.0,1.0,1.0,0.0,1,synthetic_train,
1069.0,1.0,2.1,1.0,0.0,1.0,56.0,0.7,121.0,3.0,17.0,631.0,1423.0,3002.0,15.0,13.0,2.0,1.0,1.0,0.0,2,synthetic_train,
774.0,0.0,1.8,1.0,1.0,0.0,3.0,0.2,96.0,1.0,16.0,1875.0,1005.0,1336.0,14.0,2.0,5.0,1.0,1.0,1.0,1,synthetic_train,
1528.0,0.0,1.6,1.0,18.0,1.0,63.0,0.5,141.0,1.0,11.0,651.0,1579.0,482.0,13.0,4.0,20.0,0.0,1.0,0.0,0,synthetic_train,
853.0,0.0,1.7,0.0,0.0,1.0,3.0,0.3,128.0,2.0,0.0,838.0,1987.0,3206.0,5.0,18.0,16.0,1.0,0.0,1.0,2,synthetic_train,
945.0,1.0,1.0,1.0,8.0,0.0,30.0,0.5,197.0,6.0,9.0,1491.0,1431.0,1958.0,11.0,7.0,8.0,1.0,1.0,1.0,1,synthetic_train,
1689.0,0.0,2.6,1.0,15.0,1.0,44.0,0.6,101.0,7.0,13.0,1203.0,1436.0,1474.0,6.0,14.0,18.0,1.0,0.0,0.0,1,synthetic_train,
1923.0,1.0,1.0,0.0,6.0,1.0,22.0,0.1,130.0,2.0,18.0,80.0,1294.0,612.0,10.0,18.0,2.0,0.0,0.0,1.0,1,synthetic_train,
1506.0,0.0,2.3,1.0,9.0,1.0,14.0,0.4,188.0,6.0,10.0,149.0,779.0,3723.0,15.0,18.0,2.0,1.0,1.0,1.0,3,synthetic_train,
1874.0,0.0,2.4,1.0,1.0,0.0,4.0,1.0,177.0,3.0,9.0,385.0,1366.0,2969.0,17.0,0.0,18.0,0.0,0.0,1.0,3,synthetic_train,
1781.0,0.0,1.9,1.0,15.0,0.0,47.0,0.2,172.0,4.0,7.0,1709.0,1896.0,1281.0,8.0,4.0,14.0,1.0,1.0,0.0,2,synthetic_train,
1221.0,0.0,2.7,1.0,12.0,0.0,4.0,0.4,143.0,3.0,8.0,43.0,1533.0,2531.0,14.0,13.0,13.0,0.0,1.0,0.0,2,synthetic_train,
1655.0,0.0,1.2,0.0,17.0,1.0,32.0,0.4,185.0,8.0,0.0,140.0,1627.0,1994.0,8.0,17.0,8.0,0.0,1.0,0.0,1,synthetic_train,
992.0,0.0,2.7,1.0,17.0,1.0,26.0,0.4,107.0,5.0,2.0,1526.0,1794.0,1479.0,8.0,18.0,17.0,1.0,1.0,1.0,2,synthetic_train,
1190.0,1.0,2.3,1.0,7.0,0.0,62.0,0.7,177.0,5.0,15.0,1221.0,1080.0,1422.0,19.0,13.0,13.0,0.0,1.0,0.0,1,synthetic_train,
1303.0,1.0,2.5,0.0,0.0,0.0,60.0,0.3,150.0,7.0,7.0,1929.0,1004.0,541.0,14.0,1.0,10.0,0.0,0.0,0.0,0,synthetic_train,
1940.0,1.0,2.2,1.0,6.0,1.0,53.0,0.5,122.0,6.0,17.0,430.0,1953.0,3904.0,7.0,14.0,9.0,0.0,1.0,0.0,3,synthetic_train,
1772.0,0.0,2.6,0.0,2.0,1.0,48.0,0.7,106.0,2.0,8.0,1293.0,1189.0,3721.0,7.0,5.0,8.0,1.0,1.0,0.0,3,synthetic_train,
1233.0,1.0,3.0,1.0,10.0,0.0,36.0,0.4,143.0,2.0,20.0,263.0,1599.0,3514.0,5.0,15.0,12.0,0.0,0.0,1.0,3,synthetic_train,
1478.0,1.0,1.6,1.0,2.0,0.0,24.0,1.0,80.0,3.0,3.0,1157.0,1453.0,1435.0,12.0,10.0,14.0,0.0,1.0,1.0,1,synthetic_train,
803.0,1.0,2.5,0.0,18.0,1.0,12.0,1.0,166.0,1.0,3.0,208.0,685.0,3987.0,6.0,3.0,17.0,0.0,0.0,1.0,3,synthetic_train,
1706.0,0.0,2.4,0.0,12.0,1.0,62.0,0.2,108.0,6.0,12.0,1780.0,971.0,1286.0,13.0,16.0,9.0,1.0,0.0,1.0,1,synthetic_train,
1329.0,1.0,1.6,0.0,5.0,1.0,26.0,0.4,127.0,4.0,16.0,815.0,988.0,3341.0,11.0,18.0,6.0,0.0,1.0,1.0,3,synthetic_train,
1299.0,1.0,2.8,1.0,18.0,1.0,29.0,0.3,103.0,1.0,3.0,499.0,767.0,634.0,14.0,9.0,12.0,0.0,1.0,1.0,0,synthetic_train,
1649.0,0.0,1.5,0.0,15.0,0.0,10.0,0.3,136.0,4.0,10.0,1930.0,1667.0,1418.0,8.0,15.0,13.0,0.0,1.0,1.0,1,synthetic_train,
1449.0,0.0,1.9,1.0,8.0,0.0,19.0,0.5,124.0,7.0,4.0,130.0,1948.0,2417.0,7.0,1.0,7.0,0.0,1.0,1.0,1,synthetic_train,
608.0,1.0,0.8,0.0,2.0,0.0,41.0,0.6,102.0,8.0,15.0,1568.0,1948.0,3878.0,6.0,5.0,3.0,0.0,0.0,0.0,3,synthetic_train,
932.0,0.0,1.1,1.0,6.0,0.0,28.0,0.5,187.0,8.0,11.0,1000.0,791.0,1250.0,6.0,2.0,8.0,1.0,1.0,0.0,1,synthetic_train,
765.0,0.0,2.6,1.0,11.0,0.0,38.0,0.3,171.0,8.0,13.0,1348.0,1173.0,1874.0,6.0,5.0,3.0,0.0,1.0,1.0,1,synthetic_train,
1602.0,1.0,1.5,0.0,15.0,0.0,15.0,0.4,126.0,5.0,5.0,510.0,848.0,3410.0,8.0,7.0,3.0,1.0,0.0,1.0,3,synthetic_train,
552.0,0.0,1.5,1.0,5.0,0.0,7.0,1.0,86.0,8.0,6.0,1728.0,593.0,2023.0,17.0,8.0,20.0,1.0,0.0,0.0,1,synthetic_train,
803.0,0.0,1.1,1.0,14.0,1.0,57.0,0.9,182.0,8.0,13.0,884.0,1427.0,2811.0,14.0,6.0,16.0,1.0,0.0,0.0,2,synthetic_train,
1396.0,0.0,1.7,0.0,5.0,0.0,29.0,0.2,164.0,6.0,7.0,820.0,1788.0,1821.0,8.0,10.0,2.0,0.0,1.0,1.0,1,synthetic_train,
1542.0,1.0,2.5,0.0,4.0,1.0,24.0,0.7,147.0,4.0,14.0,894.0,615.0,270.0,18.0,4.0,8.0,1.0,0.0,1.0,0,synthetic_train,
1254.0,0.0,2.7,1.0,8.0,0.0,20.0,0.5,153.0,8.0,3.0,581.0,1462.0,1315.0,16.0,6.0,6.0,0.0,0.0,1.0,1,synthetic_train,
1791.0,1.0,0.7,0.0,3.0,0.0,43.0,0.7,80.0,4.0,6.0,625.0,551.0,2373.0,16.0,15.0,20.0,0.0,0.0,1.0,2,synthetic_train,
1878.0,0.0,1.9,0.0,8.0,1.0,37.0,0.6,137.0,2.0,2.0,274.0,1763.0,328.0,18.0,10.0,10.0,0.0,0.0,0.0,0,synthetic_train,
698.0,1.0,1.7,1.0,7.0,1.0,26.0,0.9,102.0,1.0,1.0,953.0,595.0,1123.0,16.0,0.0,6.0,1.0,0.0,1.0,0,synthetic_train,
1928.0,1.0,2.0,1.0,5.0,1.0,60.0,0.2,158.0,5.0,5.0,930.0,1152.0,3823.0,19.0,6.0,14.0,1.0,0.0,0.0,3,synthetic_train,
1421.0,1.0,1.6,0.0,15.0,0.0,58.0,0.4,192.0,1.0,10.0,745.0,684.0,313.0,9.0,15.0,11.0,0.0,1.0,1.0,0,synthetic_train,
1454.0,1.0,1.5,0.0,6.0,0.0,14.0,1.0,144.0,1.0,3.0,1932.0,1117.0,1181.0,17.0,3.0,5.0,0.0,1.0,1.0,1,synthetic_train,
642.0,0.0,1.7,0.0,13.0,0.0,42.0,0.3,153.0,2.0,1.0,221.0,1143.0,2574.0,6.0,17.0,7.0,1.0,1.0,1.0,1,synthetic_train,
1432.0,1.0,2.0,1.0,14.0,1.0,63.0,0.2,160.0,5.0,18.0,1785.0,1309.0,2363.0,9.0,5.0,4.0,1.0,1.0,1.0,2,synthetic_train,
1588.0,1.0,1.8,0.0,13.0,0.0,32.0,0.8,192.0,4.0,10.0,1699.0,1743.0,1022.0,18.0,11.0,15.0,1.0,0.0,0.0,1,synthetic_train,
1371.0,1.0,1.7,1.0,5.0,0.0,3.0,0.8,84.0,5.0,15.0,43.0,1993.0,479.0,7.0,9.0,20.0,0.0,1.0,1.0,0,synthetic_train,
626.0,1.0,2.5,1.0,16.0,0.0,10.0,0.7,117.0,5.0,15.0,1375.0,1012.0,3623.0,12.0,11.0,17.0,1.0,1.0,1.0,3,synthetic_train,
1284.0,1.0,2.4,1.0,4.0,1.0,44.0,0.8,112.0,8.0,2.0,410.0,1884.0,2317.0,10.0,15.0,9.0,1.0,1.0,0.0,2,synthetic_train,
1903.0,0.0,1.4,1.0,5.0,1.0,58.0,0.7,166.0,2.0,13.0,81.0,1140.0,2402.0,6.0,2.0,11.0,1.0,0.0,0.0,2,synthetic_train,
1585.0,0.0,2.5,1.0,17.0,1.0,10.0,0.2,134.0,4.0,18.0,1688.0,677.0,472.0,8.0,6.0,3.0,0.0,1.0,1.0,0,synthetic_train,
706.0,0.0,2.6,0.0,6.0,1.0,36.0,0.6,173.0,5.0,9.0,227.0,1399.0,1038.0,13.0,10.0,8.0,1.0,0.0,1.0,0,synthetic_train,
1939.0,0.0,0.9,0.0,13.0,1.0,33.0,0.8,137.0,3.0,18.0,586.0,1583.0,528.0,14.0,4.0,2.0,0.0,1.0,1.0,0,synthetic_train,
1938.0,1.0,2.0,0.0,0.0,1.0,19.0,0.9,198.0,2.0,19.0,189.0,952.0,3920.0,15.0,7.0,16.0,1.0,1.0,0.0,3,synthetic_train,
754.0,1.0,1.2,1.0,12.0,0.0,41.0,0.3,172.0,1.0,11.0,278.0,1383.0,3137.0,6.0,16.0,19.0,0.0,1.0,1.0,2,synthetic_train,
1701.0,0.0,2.3,1.0,17.0,1.0,57.0,0.2,82.0,3.0,2.0,121.0,1148.0,2301.0,9.0,4.0,5.0,0.0,1.0,1.0,2,synthetic_train,
1110.0,0.0,1.1,0.0,14.0,0.0,17.0,0.8,199.0,3.0,12.0,1651.0,717.0,2804.0,6.0,3.0,14.0,0.0,1.0,0.0,2,synthetic_train,
1390.0,1.0,2.2,0.0,11.0,0.0,5.0,0.3,195.0,2.0,18.0,115.0,1079.0,875.0,5.0,11.0,13.0,1.0,0.0,1.0,1,synthetic_train,
1167.0,1.0,1.1,1.0,16.0,0.0,24.0,0.1,85.0,3.0,12.0,1488.0,1140.0,3954.0,10.0,1.0,9.0,1.0,0.0,0.0,3,synthetic_train,
1673.0,1.0,1.8,1.0,5.0,0.0,21.0,0.8,127.0,6.0,16.0,308.0,1012.0,2192.0,14.0,0.0,15.0,1.0,1.0,1.0,2,synthetic_train,
1994.0,1.0,2.9,0.0,7.0,1.0,47.0,0.6,197.0,7.0,11.0,1794.0,1871.0,2189.0,10.0,16.0,14.0,0.0,1.0,1.0,3,synthetic_train,
1692.0,1.0,1.5,1.0,1.0,1.0,35.0,0.4,181.0,5.0,8.0,1662.0,1082.0,3846.0,5.0,5.0,7.0,0.0,1.0,0.0,3,synthetic_train,
1897.0,1.0,2.7,1.0,13.0,1.0,3.0,0.1,136.0,1.0,19.0,1234.0,1438.0,615.0,8.0,2.0,17.0,0.0,1.0,1.0,1,synthetic_train,
1919.0,0.0,3.0,1.0,14.0,1.0,23.0,0.1,145.0,6.0,3.0,1624.0,516.0,1843.0,11.0,12.0,14.0,1.0,1.0,1.0,1,synthetic_train,
635.0,1.0,2.7,0.0,15.0,0.0,48.0,0.8,83.0,2.0,9.0,585.0,969.0,586.0,10.0,9.0,7.0,0.0,0.0,0.0,0,synthetic_train,
880.0,0.0,0.9,1.0,14.0,1.0,32.0,0.5,148.0,1.0,3.0,1535.0,1828.0,1848.0,17.0,8.0,15.0,0.0,1.0,1.0,1,synthetic_train,
1582.0,0.0,2.5,1.0,2.0,1.0,37.0,0.2,160.0,5.0,13.0,434.0,1837.0,1256.0,13.0,8.0,14.0,1.0,0.0,0.0,1,synthetic_train,
1385.0,0.0,0.6,1.0,13.0,0.0,18.0,0.4,123.0,4.0,19.0,1205.0,1965.0,1981.0,19.0,2.0,4.0,1.0,0.0,0.0,1,synthetic_train,
575.0,0.0,1.5,0.0,15.0,1.0,22.0,0.2,117.0,3.0,20.0,1802.0,585.0,2883.0,7.0,16.0,5.0,1.0,0.0,0.0,1,synthetic_train,
642.0,0.0,2.7,1.0,4.0,1.0,10.0,0.2,180.0,8.0,4.0,1418.0,1792.0,1304.0,10.0,0.0,8.0,1.0,0.0,0.0,1,synthetic_train,
1280.0,1.0,2.2,1.0,9.0,1.0,7.0,0.3,134.0,1.0,15.0,528.0,901.0,447.0,6.0,9.0,2.0,0.0,0.0,0.0,0,synthetic_train,
1424.0,1.0,1.8,0.0,18.0,1.0,4.0,0.6,111.0,1.0,18.0,1448.0,508.0,861.0,5.0,5.0,9.0,0.0,1.0,0.0,0,synthetic_train,
751.0,0.0,1.5,1.0,8.0,1.0,41.0,0.3,125.0,5.0,17.0,1732.0,638.0,2935.0,18.0,12.0,10.0,1.0,1.0,1.0,1,synthetic_train,
756.0,1.0,2.5,0.0,15.0,1.0,11.0,0.4,139.0,4.0,10.0,1743.0,1625.0,2422.0,12.0,10.0,16.0,0.0,0.0,1.0,2,synthetic_train,
694.0,0.0,2.3,1.0,10.0,0.0,38.0,0.5,111.0,7.0,3.0,1449.0,1387.0,3919.0,14.0,7.0,5.0,1.0,0.0,1.0,3,synthetic_train,
1347.0,0.0,1.7,1.0,13.0,1.0,62.0,0.5,147.0,1.0,9.0,1436.0,1359.0,3602.0,9.0,10.0,12.0,1.0,0.0,1.0,3,synthetic_train,
511.0,1.0,2.7,1.0,12.0,0.0,45.0,0.2,184.0,4.0,16.0,1539.0,1822.0,859.0,5.0,4.0,14.0,1.0,1.0,0.0,0,synthetic_train,
1358.0,0.0,1.1,0.0,13.0,0.0,38.0,0.1,169.0,2.0,13.0,1444.0,641.0,3009.0,18.0,2.0,10.0,0.0,0.0,1.0,2,synthetic_train,
1213.0,1.0,0.9,0.0,15.0,1.0,9.0,0.1,107.0,1.0,8.0,262.0,624.0,594.0,14.0,17.0,19.0,0.0,0.0,0.0,0,synthetic_train,
1198.0,1.0,2.1,1.0,18.0,0.0,32.0,0.4,137.0,4.0,4.0,1576.0,1898.0,616.0,15.0,11.0,8.0,1.0,0.0,0.0,0,synthetic_train,
1518.0,0.0,2.9,0.0,5.0,1.0,58.0,0.7,145.0,6.0,13.0,352.0,1408.0,3224.0,13.0,12.0,9.0,0.0,1.0,1.0,3,synthetic_train,
1283.0,0.0,1.1,1.0,18.0,0.0,26.0,0.2,162.0,2.0,8.0,1091.0,1663.0,1756.0,11.0,18.0,2.0,0.0,0.0,0.0,2,synthetic_train,
1591.0,1.0,1.1,1.0,12.0,0.0,54.0,0.8,171.0,7.0,9.0,665.0,1286.0,3990.0,11.0,17.0,9.0,0.0,1.0,0.0,3,synthetic_train,
1645.0,1.0,0.8,1.0,11.0,0.0,46.0,0.7,138.0,5.0,19.0,417.0,717.0,275.0,16.0,11.0,2.0,0.0,0.0,1.0,0,synthetic_train,
1880.0,1.0,2.7,1.0,6.0,0.0,18.0,0.1,118.0,4.0,0.0,552.0,1283.0,2137.0,8.0,15.0,20.0,1.0,1.0,0.0,2,synthetic_train,
1698.0,0.0,1.1,0.0,8.0,1.0,10.0,0.1,159.0,8.0,5.0,165.0,1945.0,1408.0,10.0,10.0,6.0,0.0,1.0,1.0,1,synthetic_train,
1276.0,0.0,1.8,1.0,13.0,0.0,3.0,0.3,95.0,3.0,19.0,862.0,676.0,3944.0,9.0,4.0,17.0,1.0,0.0,0.0,3,synthetic_train,
1238.0,1.0,3.0,0.0,7.0,1.0,19.0,0.2,161.0,2.0,19.0,821.0,689.0,2761.0,12.0,11.0,4.0,1.0,0.0,0.0,2,synthetic_train,
853.0,1.0,0.5,1.0,5.0,1.0,22.0,0.6,188.0,7.0,6.0,791.0,1019.0,3145.0,19.0,17.0,7.0,0.0,1.0,0.0,2,synthetic_train,
1399.0,0.0,1.9,1.0,16.0,0.0,43.0,0.1,165.0,1.0,20.0,179.0,1181.0,1342.0,18.0,16.0,4.0,1.0,1.0,0.0,0,synthetic_train,
708.0,1.0,1.8,1.0,8.0,1.0,38.0,0.8,132.0,7.0,4.0,1189.0,1442.0,3604.0,13.0,9.0,9.0,1.0,1.0,0.0,3,synthetic_train,
1896.0,1.0,2.5,0.0,12.0,0.0,32.0,0.5,179.0,7.0,1.0,332.0,738.0,3402.0,8.0,17.0,13.0,1.0,0.0,0.0,3,synthetic_train,
1767.0,0.0,1.4,1.0,0.0,0.0,47.0,0.8,144.0,8.0,6.0,1678.0,1899.0,3190.0,19.0,3.0,9.0,1.0,1.0,1.0,3,synthetic_train,
679.0,0.0,1.5,1.0,1.0,1.0,50.0,0.8,145.0,4.0,11.0,46.0,725.0,2042.0,9.0,0.0,13.0,1.0,0.0,1.0,1,synthetic_train,
1678.0,1.0,0.9,1.0,16.0,1.0,46.0,0.6,183.0,5.0,0.0,108.0,799.0,3706.0,10.0,7.0,17.0,0.0,1.0,0.0,3,synthetic_train,
675.0,1.0,2.4,1.0,2.0,1.0,58.0,0.9,103.0,8.0,3.0,588.0,1950.0,2760.0,18.0,3.0,2.0,1.0,1.0,1.0,2,synthetic_train,
1581.0,0.0,2.5,1.0,15.0,0.0,24.0,1.0,174.0,2.0,16.0,799.0,1064.0,501.0,8.0,18.0,10.0,1.0,1.0,0.0,0,synthetic_train,
631.0,0.0,0.8,1.0,18.0,0.0,53.0,0.4,162.0,3.0,13.0,1902.0,1357.0,3564.0,11.0,2.0,13.0,0.0,0.0,1.0,3,synthetic_train,
1232.0,1.0,1.5,1.0,9.0,1.0,28.0,0.2,144.0,4.0,12.0,1030.0,1151.0,334.0,18.0,10.0,11.0,0.0,0.0,0.0,0,synthetic_train,
1486.0,0.0,2.7,1.0,17.0,1.0,13.0,0.4,89.0,6.0,20.0,743.0,888.0,2811.0,9.0,14.0,4.0,0.0,0.0,1.0,3,synthetic_train,
1593.0,1.0,0.5,1.0,8.0,1.0,11.0,0.3,172.0,6.0,4.0,1642.0,1259.0,1191.0,14.0,2.0,5.0,1.0,1.0,0.0,1,synthetic_train,
1127.0,1.0,1.2,0.0,19.0,0.0,7.0,0.6,106.0,8.0,18.0,472.0,1663.0,3614.0,5.0,0.0,9.0,1.0,1.0,1.0,3,synthetic_train,
1882.0,1.0,1.9,0.0,4.0,1.0,62.0,0.4,188.0,4.0,7.0,1759.0,517.0,2987.0,19.0,10.0,14.0,0.0,0.0,1.0,2,synthetic_train,
1661.0,0.0,1.3,0.0,8.0,0.0,12.0,0.5,175.0,2.0,19.0,791.0,1811.0,3280.0,11.0,17.0,20.0,0.0,0.0,0.0,3,synthetic_train,
812.0,0.0,1.2,1.0,7.0,0.0,54.0,0.8,123.0,2.0,16.0,613.0,776.0,2875.0,15.0,0.0,9.0,0.0,0.0,0.0,2,synthetic_train,
1506.0,0.0,1.7,1.0,15.0,0.0,51.0,0.3,132.0,7.0,4.0,590.0,1875.0,2378.0,12.0,0.0,11.0,1.0,0.0,0.0,2,synthetic_train,
1595.0,1.0,1.0,0.0,0.0,0.0,29.0,0.6,83.0,4.0,4.0,19.0,1942.0,3489.0,11.0,17.0,7.0,1.0,0.0,0.0,3,synthetic_train,
1000.0,0.0,1.8,0.0,16.0,1.0,59.0,0.4,140.0,6.0,11.0,1321.0,1898.0,1368.0,11.0,11.0,2.0,1.0,1.0,0.0,0,synthetic_train,
1607.0,0.0,2.3,1.0,0.0,0.0,59.0,0.8,87.0,5.0,10.0,1132.0,1475.0,2233.0,5.0,13.0,9.0,1.0,0.0,1.0,1,synthetic_train,
1847.0,0.0,1.9,0.0,6.0,1.0,60.0,0.7,199.0,7.0,4.0,1244.0,1857.0,1371.0,9.0,5.0,8.0,1.0,0.0,1.0,1,synthetic_train,
1725.0,0.0,0.7,0.0,11.0,0.0,33.0,0.1,157.0,2.0,5.0,1278.0,1788.0,681.0,10.0,5.0,4.0,0.0,1.0,0.0,1,synthetic_train,
1643.0,0.0,2.6,0.0,2.0,1.0,20.0,0.7,108.0,2.0,18.0,53.0,1457.0,3532.0,10.0,8.0,14.0,1.0,1.0,1.0,3,synthetic_train,
1451.0,1.0,0.9,1.0,9.0,0.0,4.0,0.3,177.0,6.0,15.0,1721.0,1837.0,2116.0,9.0,4.0,6.0,0.0,0.0,0.0,3,synthetic_train,
905.0,1.0,2.4,0.0,19.0,0.0,54.0,0.8,82.0,4.0,4.0,1002.0,1013.0,457.0,14.0,8.0,6.0,1.0,0.0,1.0,0,synthetic_train,
1692.0,0.0,1.4,0.0,16.0,0.0,56.0,0.6,146.0,7.0,15.0,1355.0,1751.0,3344.0,17.0,18.0,9.0,0.0,0.0,1.0,3,synthetic_train,
1046.0,0.0,2.5,1.0,0.0,1.0,35.0,0.5,93.0,2.0,3.0,70.0,1887.0,3779.0,18.0,14.0,20.0,1.0,0.0,1.0,3,synthetic_train,
1298.0,0.0,1.0,0.0,11.0,0.0,6.0,0.7,86.0,3.0,9.0,1492.0,1452.0,2732.0,19.0,16.0,14.0,0.0,0.0,1.0,2,synthetic_train,
971.0,1.0,1.0,0.0,11.0,1.0,53.0,0.9,109.0,8.0,0.0,1328.0,683.0,1480.0,14.0,9.0,10.0,1.0,0.0,0.0,1,synthetic_train,
969.0,0.0,1.7,1.0,1.0,1.0,20.0,0.8,115.0,7.0,13.0,722.0,820.0,3472.0,11.0,14.0,17.0,0.0,1.0,1.0,2,synthetic_train,
736.0,1.0,0.6,1.0,13.0,0.0,36.0,0.6,167.0,1.0,3.0,1835.0,753.0,3021.0,14.0,8.0,2.0,0.0,1.0,0.0,2,synthetic_train,
1941.0,0.0,1.1,0.0,10.0,1.0,43.0,0.8,187.0,7.0,4.0,1275.0,1299.0,1322.0,6.0,11.0,8.0,1.0,1.0,0.0,2,synthetic_train,
721.0,0.0,2.3,0.0,13.0,0.0,11.0,0.5,173.0,1.0,3.0,1779.0,1150.0,1491.0,17.0,13.0,12.0,0.0,0.0,1.0,1,synthetic_train,
629.0,1.0,2.6,0.0,5.0,0.0,5.0,0.8,169.0,1.0,3.0,1611.0,1740.0,3953.0,13.0,15.0,11.0,0.0,1.0,0.0,3,synthetic_train,
1904.0,1.0,0.7,1.0,5.0,0.0,6.0,0.8,148.0,8.0,1.0,403.0,925.0,3824.0,7.0,17.0,14.0,0.0,1.0,1.0,3,synthetic_train,
1332.0,1.0,2.7,1.0,14.0,1.0,62.0,0.2,124.0,2.0,11.0,1954.0,748.0,2787.0,11.0,2.0,15.0,1.0,0.0,0.0,2,synthetic_train,
1156.0,1.0,2.5,0.0,14.0,1.0,62.0,0.3,110.0,3.0,18.0,1456.0,1422.0,392.0,9.0,15.0,10.0,1.0,1.0,0.0,0,synthetic_train,
1606.0,1.0,2.7,1.0,3.0,0.0,28.0,0.3,194.0,2.0,6.0,372.0,708.0,1115.0,10.0,13.0,19.0,1.0,0.0,1.0,0,synthetic_train,
1074.0,1.0,2.2,1.0,4.0,0.0,28.0,0.2,143.0,5.0,16.0,1555.0,1857.0,1578.0,5.0,13.0,19.0,1.0,1.0,0.0,2,synthetic_train,
691.0,0.0,2.2,0.0,11.0,1.0,27.0,0.5,148.0,1.0,11.0,841.0,621.0,2261.0,5.0,0.0,11.0,0.0,1.0,1.0,1,synthetic_train,
1594.0,0.0,1.8,0.0,16.0,0.0,24.0,0.3,81.0,3.0,5.0,1695.0,1236.0,3502.0,10.0,9.0,19.0,1.0,0.0,1.0,3,synthetic_train,
763.0,0.0,2.1,1.0,4.0,1.0,36.0,0.6,135.0,3.0,1.0,339.0,1922.0,3430.0,9.0,18.0,14.0,1.0,1.0,1.0,3,synthetic_train,
1329.0,0.0,2.8,1.0,4.0,1.0,24.0,0.2,162.0,6.0,16.0,509.0,1330.0,1281.0,19.0,17.0,4.0,0.0,1.0,1.0,1,synthetic_train,
1923.0,0.0,0.8,1.0,16.0,0.0,40.0,0.3,139.0,4.0,0.0,681.0,1711.0,663.0,8.0,4.0,4.0,1.0,1.0,1.0,1,synthetic_train,
1904.0,0.0,1.3,0.0,13.0,1.0,25.0,0.7,154.0,2.0,8.0,884.0,1134.0,1287.0,9.0,9.0,3.0,1.0,1.0,1.0,1,synthetic_train,
1041.0,0.0,0.7,0.0,18.0,0.0,41.0,0.5,177.0,4.0,0.0,1237.0,1631.0,1136.0,18.0,16.0,6.0,0.0,1.0,1.0,0,synthetic_train,
1670.0,1.0,2.9,0.0,15.0,1.0,61.0,0.5,82.0,4.0,16.0,434.0,1560.0,3620.0,17.0,17.0,7.0,0.0,0.0,0.0,3,synthetic_train,
1419.0,0.0,1.6,0.0,19.0,0.0,14.0,0.8,189.0,3.0,20.0,1383.0,1269.0,309.0,5.0,6.0,3.0,1.0,0.0,1.0,0,synthetic_train,
1219.0,1.0,2.2,0.0,3.0,1.0,5.0,1.0,178.0,5.0,6.0,47.0,650.0,3364.0,6.0,15.0,13.0,1.0,1.0,0.0,3,synthetic_train,
709.0,0.0,2.6,0.0,5.0,1.0,35.0,0.6,130.0,3.0,6.0,649.0,1955.0,2714.0,6.0,15.0,9.0,0.0,0.0,0.0,2,synthetic_train,
1064.0,1.0,3.0,1.0,4.0,0.0,9.0,0.2,172.0,3.0,11.0,1292.0,572.0,651.0,11.0,2.0,13.0,0.0,0.0,0.0,0,synthetic_train,
1477.0,1.0,0.9,1.0,1.0,0.0,16.0,0.2,88.0,7.0,10.0,519.0,1035.0,2820.0,13.0,0.0,11.0,1.0,1.0,1.0,2,synthetic_train,
1979.0,0.0,2.5,1.0,15.0,1.0,51.0,1.0,117.0,3.0,8.0,846.0,1461.0,2427.0,10.0,0.0,7.0,1.0,1.0,0.0,2,synthetic_train,
507.0,0.0,2.7,1.0,13.0,1.0,28.0,0.7,93.0,3.0,7.0,1188.0,1652.0,270.0,5.0,2.0,13.0,1.0,0.0,0.0,0,synthetic_train,
1576.0,1.0,0.6,0.0,1.0,0.0,36.0,0.8,156.0,2.0,3.0,486.0,1301.0,1092.0,8.0,14.0,20.0,1.0,1.0,1.0,0,synthetic_train,
1769.0,1.0,2.4,1.0,3.0,0.0,50.0,0.7,183.0,6.0,5.0,1891.0,1101.0,1558.0,14.0,7.0,8.0,1.0,1.0,0.0,2,synthetic_train,
1926.0,0.0,1.4,0.0,3.0,0.0,10.0,0.3,152.0,6.0,12.0,1661.0,1110.0,1061.0,10.0,13.0,7.0,0.0,0.0,1.0,1,synthetic_train,
1135.0,1.0,2.1,1.0,8.0,1.0,32.0,0.5,166.0,6.0,15.0,1904.0,1962.0,2422.0,6.0,1.0,11.0,1.0,1.0,1.0,3,synthetic_train,
677.0,1.0,1.8,1.0,9.0,1.0,4.0,0.8,97.0,2.0,15.0,972.0,1000.0,2559.0,14.0,11.0,17.0,0.0,0.0,1.0,2,synthetic_train,
906.0,0.0,1.1,0.0,5.0,0.0,33.0,0.9,193.0,4.0,10.0,673.0,1781.0,891.0,14.0,14.0,12.0,0.0,0.0,0.0,0,synthetic_train,
1775.0,0.0,0.8,1.0,18.0,0.0,16.0,0.3,103.0,3.0,15.0,1950.0,577.0,719.0,12.0,18.0,17.0,0.0,1.0,0.0,1,synthetic_train,
1816.0,0.0,0.8,1.0,4.0,0.0,59.0,0.6,143.0,7.0,12.0,1428.0,1488.0,2708.0,19.0,6.0,3.0,0.0,1.0,1.0,2,synthetic_train,
1455.0,1.0,0.8,0.0,11.0,0.0,18.0,0.2,162.0,3.0,7.0,1555.0,1520.0,2014.0,17.0,10.0,3.0,0.0,1.0,0.0,1,synthetic_train,
684.0,1.0,2.1,0.0,8.0,1.0,14.0,1.0,183.0,4.0,7.0,358.0,1512.0,1248.0,5.0,9.0,9.0,0.0,0.0,1.0,0,synthetic_train,
682.0,1.0,1.4,1.0,7.0,1.0,2.0,0.3,192.0,4.0,10.0,1704.0,1131.0,1213.0,18.0,6.0,6.0,0.0,1.0,1.0,0,synthetic_train,
1217.0,1.0,1.0,0.0,16.0,1.0,10.0,0.8,152.0,7.0,6.0,1035.0,1535.0,402.0,5.0,12.0,2.0,0.0,0.0,0.0,0,synthetic_train,
1382.0,0.0,2.2,1.0,19.0,0.0,15.0,0.3,149.0,6.0,16.0,1516.0,1167.0,3452.0,12.0,10.0,6.0,0.0,0.0,0.0,3,synthetic_train,
548.0,0.0,2.2,0.0,0.0,0.0,16.0,0.7,130.0,7.0,3.0,1617.0,1389.0,3406.0,18.0,15.0,7.0,0.0,1.0,0.0,2,synthetic_train,
1529.0,0.0,1.8,1.0,9.0,0.0,48.0,0.7,148.0,4.0,1.0,207.0,1839.0,2331.0,19.0,0.0,19.0,0.0,1.0,0.0,1,synthetic_train,
1316.0,0.0,2.8,0.0,2.0,0.0,57.0,0.4,161.0,7.0,10.0,194.0,1507.0,1563.0,5.0,4.0,16.0,1.0,0.0,0.0,1,synthetic_train,
518.0,1.0,1.5,0.0,8.0,1.0,55.0,0.8,158.0,7.0,1.0,127.0,1605.0,1061.0,6.0,11.0,8.0,0.0,1.0,0.0,0,synthetic_train,
643.0,1.0,2.6,1.0,12.0,0.0,62.0,0.9,151.0,5.0,4.0,1260.0,1952.0,1406.0,8.0,10.0,20.0,0.0,1.0,1.0,1,synthetic_train,
1181.0,0.0,0.7,0.0,8.0,1.0,58.0,0.9,133.0,6.0,7.0,1794.0,828.0,3723.0,9.0,17.0,17.0,1.0,1.0,0.0,3,synthetic_train,
1583.0,1.0,2.3,1.0,6.0,0.0,30.0,0.4,103.0,8.0,0.0,59.0,1381.0,588.0,9.0,12.0,6.0,1.0,1.0,1.0,0,synthetic_train,
1738.0,1.0,3.0,0.0,6.0,1.0,26.0,0.8,86.0,7.0,4.0,271.0,1485.0,3336.0,11.0,0.0,11.0,0.0,0.0,0.0,3,synthetic_train,
1146.0,0.0,2.6,0.0,5.0,0.0,42.0,0.6,130.0,3.0,11.0,952.0,1542.0,1395.0,9.0,9.0,19.0,0.0,0.0,1.0,0,synthetic_train,
943.0,1.0,1.9,1.0,6.0,0.0,22.0,0.6,127.0,6.0,7.0,767.0,698.0,1248.0,13.0,16.0,10.0,0.0,1.0,0.0,0,synthetic_train,
1952.0,1.0,2.1,0.0,7.0,0.0,40.0,0.5,153.0,4.0,18.0,201.0,1639.0,3286.0,17.0,16.0,9.0,0.0,1.0,0.0,3,synthetic_train,
1187.0,1.0,1.4,0.0,13.0,1.0,64.0,0.6,188.0,2.0,1.0,1196.0,790.0,3853.0,13.0,15.0,19.0,1.0,0.0,1.0,3,synthetic_train,
973.0,1.0,2.2,1.0,1.0,1.0,14.0,0.2,164.0,3.0,15.0,1775.0,1113.0,3967.0,9.0,9.0,14.0,0.0,0.0,1.0,3,synthetic_train,
1163.0,0.0,2.4,1.0,0.0,1.0,50.0,0.5,177.0,8.0,12.0,415.0,1570.0,1258.0,13.0,2.0,10.0,0.0,1.0,0.0,0,synthetic_train,
518.0,1.0,3.0,1.0,10.0,1.0,60.0,0.3,149.0,8.0,13.0,5.0,894.0,2468.0,14.0,4.0,18.0,1.0,1.0,1.0,1,synthetic_train,
952.0,0.0,1.7,1.0,13.0,0.0,35.0,0.4,192.0,7.0,14.0,441.0,688.0,1351.0,18.0,16.0,16.0,1.0,0.0,1.0,0,synthetic_train,
1273.0,1.0,0.7,1.0,5.0,0.0,24.0,0.2,193.0,8.0,1.0,362.0,1512.0,980.0,19.0,6.0,8.0,0.0,0.0,1.0,0,synthetic_train,
1877.0,0.0,2.0,1.0,4.0,0.0,18.0,0.3,98.0,5.0,16.0,914.0,920.0,1700.0,9.0,14.0,10.0,1.0,1.0,1.0,2,synthetic_train,
1607.0,0.0,0.8,1.0,12.0,0.0,12.0,0.8,157.0,7.0,6.0,210.0,1738.0,489.0,18.0,0.0,2.0,0.0,0.0,1.0,0,synthetic_train,
1671.0,1.0,1.1,0.0,7.0,0.0,22.0,0.6,141.0,2.0,13.0,707.0,1846.0,872.0,17.0,9.0,3.0,1.0,0.0,1.0,0,synthetic_train,
1317.0,0.0,1.3,1.0,14.0,0.0,49.0,0.1,197.0,3.0,6.0,234.0,1024.0,2485.0,6.0,18.0,20.0,1.0,0.0,0.0,2,synthetic_train,
665.0,0.0,2.3,0.0,2.0,1.0,34.0,0.8,150.0,2.0,8.0,1326.0,1606.0,2827.0,13.0,4.0,3.0,1.0,0.0,1.0,3,synthetic_train,
1086.0,1.0,1.0,1.0,2.0,0.0,15.0,0.9,81.0,8.0,14.0,920.0,835.0,1268.0,7.0,0.0,17.0,0.0,1.0,1.0,0,synthetic_train,
1995.0,0.0,0.9,0.0,11.0,0.0,36.0,0.9,105.0,5.0,19.0,147.0,1893.0,2342.0,12.0,5.0,5.0,1.0,0.0,0.0,2,synthetic_train,
566.0,1.0,0.6,1.0,7.0,0.0,52.0,0.8,95.0,8.0,18.0,85.0,868.0,3117.0,5.0,1.0,12.0,0.0,0.0,0.0,2,synthetic_train,
1818.0,0.0,2.7,1.0,14.0,1.0,2.0,1.0,104.0,4.0,15.0,958.0,1821.0,3603.0,9.0,11.0,15.0,1.0,1.0,0.0,3,synthetic_train,
1526.0,0.0,2.2,1.0,10.0,1.0,3.0,0.6,91.0,4.0,11.0,1160.0,1679.0,2383.0,13.0,3.0,20.0,1.0,1.0,1.0,2,synthetic_train,
925.0,1.0,0.6,1.0,7.0,1.0,62.0,1.0,174.0,6.0,11.0,341.0,968.0,1157.0,9.0,4.0,9.0,1.0,1.0,1.0,0,synthetic_train,
1666.0,0.0,0.6,0.0,3.0,0.0,49.0,1.0,139.0,5.0,20.0,634.0,1735.0,2923.0,5.0,11.0,19.0,1.0,0.0,1.0,3,synthetic_train,
1755.0,0.0,1.9,0.0,3.0,0.0,38.0,0.4,161.0,3.0,4.0,1189.0,1447.0,893.0,10.0,6.0,10.0,0.0,1.0,1.0,1,synthetic_train,
564.0,1.0,1.2,0.0,15.0,0.0,59.0,0.9,200.0,3.0,20.0,923.0,1503.0,776.0,13.0,12.0,18.0,0.0,1.0,1.0,0,synthetic_train,
659.0,1.0,2.0,1.0,4.0,1.0,39.0,0.8,158.0,5.0,13.0,227.0,1067.0,1598.0,16.0,17.0,3.0,1.0,1.0,0.0,0,synthetic_train,
1498.0,0.0,1.6,1.0,10.0,0.0,34.0,0.8,137.0,1.0,12.0,767.0,850.0,1486.0,7.0,17.0,7.0,1.0,0.0,1.0,1,synthetic_train,
1998.0,1.0,2.8,0.0,16.0,0.0,15.0,0.9,112.0,2.0,12.0,387.0,1544.0,802.0,12.0,13.0,13.0,1.0,0.0,0.0,1,synthetic_train,
535.0,1.0,1.2,0.0,17.0,0.0,53.0,0.4,171.0,1.0,17.0,1817.0,578.0,452.0,7.0,18.0,15.0,1.0,1.0,1.0,0,synthetic_train,
1498.0,1.0,2.2,0.0,5.0,0.0,50.0,0.5,141.0,2.0,14.0,1576.0,1022.0,3797.0,7.0,13.0,17.0,1.0,0.0,1.0,3,synthetic_train,
704.0,0.0,0.6,1.0,2.0,0.0,20.0,0.7,171.0,2.0,1.0,611.0,712.0,2791.0,6.0,1.0,8.0,0.0,0.0,0.0,1,synthetic_train,
1475.0,1.0,2.9,0.0,15.0,1.0,48.0,0.8,82.0,1.0,16.0,461.0,501.0,2941.0,16.0,18.0,13.0,0.0,0.0,1.0,3,synthetic_train,
1434.0,1.0,3.0,1.0,13.0,1.0,47.0,0.9,99.0,1.0,15.0,264.0,511.0,504.0,18.0,10.0,13.0,0.0,1.0,1.0,0,synthetic_train,
635.0,1.0,2.3,1.0,6.0,0.0,7.0,0.9,95.0,7.0,19.0,1445.0,640.0,3236.0,14.0,0.0,20.0,0.0,0.0,1.0,2,synthetic_train,
1521.0,0.0,1.7,0.0,11.0,0.0,12.0,0.7,162.0,2.0,19.0,1800.0,1908.0,1620.0,10.0,11.0,4.0,0.0,0.0,0.0,2,synthetic_train,
1845.0,1.0,1.0,0.0,3.0,1.0,39.0,1.0,142.0,5.0,19.0,535.0,1655.0,3055.0,19.0,4.0,2.0,1.0,1.0,1.0,2,synthetic_train,
1795.0,1.0,2.5,1.0,14.0,1.0,41.0,0.3,118.0,1.0,0.0,1254.0,1983.0,2091.0,12.0,10.0,12.0,0.0,1.0,0.0,2,synthetic_train,
543.0,0.0,2.3,0.0,14.0,1.0,43.0,1.0,117.0,8.0,13.0,460.0,625.0,1164.0,12.0,12.0,2.0,0.0,0.0,1.0,0,synthetic_train,
868.0,1.0,1.1,1.0,5.0,1.0,25.0,0.2,153.0,2.0,19.0,1798.0,1995.0,1237.0,14.0,0.0,5.0,1.0,1.0,1.0,1,synthetic_train,
861.0,1.0,1.6,1.0,9.0,0.0,54.0,0.6,196.0,6.0,20.0,586.0,1398.0,782.0,14.0,8.0,11.0,1.0,1.0,1.0,0,synthetic_train,
1179.0,0.0,1.7,1.0,6.0,0.0,30.0,0.2,200.0,6.0,11.0,188.0,1690.0,3361.0,12.0,1.0,7.0,0.0,0.0,0.0,2,synthetic_train,
714.0,1.0,2.6,1.0,0.0,0.0,14.0,0.6,137.0,7.0,19.0,1727.0,1785.0,1863.0,12.0,2.0,7.0,0.0,1.0,1.0,1,synthetic_train,
1781.0,0.0,2.2,1.0,2.0,0.0,9.0,0.5,161.0,6.0,18.0,1854.0,892.0,3175.0,9.0,4.0,8.0,1.0,0.0,0.0,3,synthetic_train,
1665.0,1.0,2.1,0.0,19.0,0.0,57.0,0.2,90.0,5.0,0.0,778.0,1610.0,3359.0,15.0,14.0,15.0,0.0,1.0,1.0,3,synthetic_train,
1712.0,1.0,2.1,0.0,9.0,0.0,46.0,0.7,194.0,7.0,18.0,1779.0,1470.0,881.0,15.0,7.0,8.0,1.0,0.0,0.0,2,synthetic_train,
797.0,1.0,1.2,0.0,2.0,1.0,31.0,0.8,82.0,7.0,13.0,478.0,1119.0,1493.0,11.0,0.0,17.0,0.0,0.0,0.0,0,synthetic_train,
521.0,0.0,1.4,1.0,0.0,1.0,15.0,0.3,121.0,4.0,12.0,531.0,1237.0,720.0,15.0,14.0,5.0,0.0,0.0,0.0,0,synthetic_train,
1865.0,1.0,0.6,1.0,7.0,1.0,8.0,0.7,167.0,8.0,3.0,1052.0,812.0,291.0,7.0,10.0,3.0,1.0,1.0,1.0,0,synthetic_train,
933.0,0.0,2.5,0.0,19.0,0.0,11.0,0.3,197.0,8.0,19.0,1177.0,777.0,3948.0,11.0,2.0,5.0,0.0,1.0,0.0,3,synthetic_train,
1484.0,1.0,1.6,0.0,7.0,0.0,8.0,0.2,100.0,6.0,6.0,756.0,1882.0,2726.0,19.0,10.0,19.0,1.0,1.0,1.0,3,synthetic_train,
1864.0,1.0,1.6,1.0,19.0,1.0,35.0,0.2,159.0,8.0,8.0,1568.0,1596.0,1946.0,16.0,4.0,7.0,1.0,1.0,1.0,2,synthetic_train,
554.0,0.0,1.1,0.0,9.0,1.0,14.0,0.6,102.0,1.0,6.0,1549.0,1349.0,1004.0,15.0,12.0,2.0,1.0,1.0,1.0,0,synthetic_train,
508.0,0.0,1.0,1.0,15.0,1.0,10.0,0.8,86.0,5.0,20.0,237.0,1540.0,2467.0,17.0,18.0,7.0,1.0,0.0,0.0,1,synthetic_train,
508.0,0.0,2.0,1.0,15.0,1.0,19.0,0.6,131.0,6.0,10.0,1942.0,1107.0,2287.0,14.0,5.0,15.0,1.0,1.0,0.0,2,synthetic_train,
734.0,1.0,1.1,0.0,0.0,0.0,46.0,0.8,149.0,8.0,2.0,312.0,874.0,1090.0,14.0,14.0,8.0,1.0,1.0,0.0,0,synthetic_train,
577.0,0.0,0.7,0.0,0.0,1.0,33.0,0.6,111.0,1.0,0.0,1032.0,1912.0,311.0,12.0,0.0,9.0,1.0,0.0,1.0,0,synthetic_train,
1729.0,0.0,2.4,0.0,18.0,0.0,11.0,0.8,197.0,7.0,20.0,829.0,1983.0,2011.0,17.0,7.0,3.0,0.0,1.0,1.0,2,synthetic_train,
1408.0,0.0,1.4,1.0,18.0,0.0,49.0,1.0,154.0,1.0,4.0,885.0,822.0,2160.0,15.0,16.0,14.0,0.0,1.0,0.0,2,synthetic_train,
1970.0,0.0,1.5,0.0,2.0,1.0,32.0,0.5,133.0,3.0,16.0,251.0,1702.0,3243.0,12.0,1.0,6.0,0.0,0.0,1.0,3,synthetic_train,
1702.0,0.0,1.6,0.0,12.0,0.0,13.0,0.2,138.0,6.0,0.0,672.0,1162.0,1729.0,6.0,17.0,3.0,0.0,1.0,1.0,1,synthetic_train,
1944.0,0.0,2.5,1.0,18.0,0.0,45.0,0.2,136.0,3.0,18.0,59.0,1561.0,619.0,17.0,1.0,15.0,1.0,1.0,1.0,0,synthetic_train,
857.0,0.0,1.3,0.0,19.0,0.0,64.0,0.6,93.0,7.0,13.0,1908.0,662.0,3551.0,9.0,9.0,19.0,1.0,1.0,0.0,2,synthetic_train,
931.0,1.0,2.4,1.0,5.0,0.0,36.0,0.6,153.0,8.0,4.0,282.0,1218.0,1804.0,10.0,3.0,13.0,1.0,0.0,0.0,1,synthetic_train,
1774.0,0.0,2.8,0.0,16.0,0.0,12.0,0.3,174.0,2.0,18.0,947.0,687.0,2957.0,6.0,0.0,19.0,1.0,1.0,1.0,2,synthetic_train,
867.0,1.0,2.2,0.0,12.0,0.0,21.0,0.9,130.0,3.0,6.0,423.0,1720.0,417.0,8.0,6.0,9.0,1.0,0.0,0.0,0,synthetic_train,
585.0,1.0,1.6,0.0,18.0,0.0,39.0,1.0,131.0,1.0,20.0,349.0,1097.0,390.0,6.0,11.0,11.0,0.0,1.0,1.0,0,synthetic_train,
1503.0,1.0,2.4,0.0,2.0,1.0,64.0,0.3,190.0,6.0,12.0,765.0,895.0,343.0,6.0,13.0,8.0,1.0,1.0,1.0,0,synthetic_train,
1701.0,0.0,1.6,0.0,12.0,0.0,60.0,0.3,153.0,8.0,9.0,1900.0,1548.0,3211.0,5.0,6.0,11.0,1.0,0.0,0.0,3,synthetic_train,
1952.0,0.0,1.5,1.0,0.0,1.0,60.0,0.3,116.0,5.0,1.0,937.0,1931.0,1157.0,9.0,9.0,18.0,0.0,1.0,0.0,2,synthetic_train,
1891.0,1.0,1.8,0.0,7.0,0.0,54.0,0.4,80.0,2.0,5.0,1884.0,1008.0,3217.0,16.0,3.0,14.0,0.0,0.0,1.0,3,synthetic_train,
680.0,1.0,1.3,1.0,0.0,1.0,38.0,0.9,179.0,2.0,1.0,1621.0,1575.0,3792.0,17.0,13.0,2.0,0.0,1.0,0.0,3,synthetic_train,
1658.0,1.0,0.8,1.0,8.0,0.0,42.0,0.6,155.0,1.0,17.0,854.0,1533.0,2739.0,8.0,3.0,13.0,1.0,1.0,1.0,2,synthetic_train,
1769.0,0.0,1.5,1.0,16.0,0.0,48.0,0.2,155.0,4.0,2.0,1767.0,1234.0,3945.0,11.0,16.0,9.0,1.0,1.0,0.0,3,synthetic_train,
1547.0,0.0,0.8,1.0,13.0,0.0,47.0,0.5,114.0,6.0,2.0,682.0,1706.0,3734.0,17.0,3.0,12.0,1.0,1.0,0.0,3,synthetic_train,
1729.0,0.0,1.5,0.0,6.0,1.0,42.0,0.2,102.0,2.0,2.0,983.0,691.0,2961.0,15.0,12.0,12.0,0.0,0.0,1.0,3,synthetic_train,
1756.0,0.0,1.9,0.0,8.0,1.0,10.0,0.5,139.0,7.0,20.0,1334.0,1815.0,3262.0,18.0,6.0,13.0,0.0,1.0,0.0,3,synthetic_train,
1169.0,1.0,2.8,1.0,7.0,1.0,57.0,0.5,171.0,3.0,20.0,1155.0,1105.0,2514.0,11.0,18.0,18.0,1.0,1.0,1.0,2,synthetic_train,
560.0,0.0,0.6,1.0,14.0,1.0,2.0,0.7,116.0,5.0,15.0,1625.0,567.0,1075.0,7.0,5.0,18.0,1.0,0.0,0.0,0,synthetic_train,
1184.0,0.0,2.1,0.0,5.0,1.0,28.0,0.6,143.0,6.0,1.0,319.0,1983.0,640.0,7.0,18.0,20.0,0.0,0.0,0.0,0,synthetic_train,
802.0,1.0,1.6,1.0,1.0,0.0,29.0,0.9,200.0,5.0,10.0,977.0,1659.0,1684.0,15.0,15.0,13.0,1.0,1.0,1.0,1,synthetic_train,
670.0,1.0,0.6,1.0,10.0,0.0,64.0,0.1,106.0,4.0,19.0,1303.0,1723.0,2034.0,5.0,8.0,7.0,1.0,1.0,0.0,2,synthetic_train,
687.0,0.0,1.1,1.0,16.0,1.0,7.0,0.8,107.0,3.0,2.0,648.0,720.0,1565.0,11.0,9.0,5.0,1.0,1.0,0.0,1,synthetic_train,
1546.0,0.0,0.8,0.0,9.0,1.0,31.0,0.1,108.0,4.0,16.0,1700.0,1625.0,637.0,10.0,6.0,18.0,0.0,0.0,0.0,1,synthetic_train,
1256.0,1.0,1.0,0.0,4.0,0.0,24.0,0.4,190.0,2.0,0.0,591.0,1546.0,2145.0,18.0,8.0,19.0,1.0,1.0,0.0,2,synthetic_train,
1309.0,1.0,1.2,0.0,0.0,1.0,8.0,0.9,143.0,3.0,16.0,590.0,1853.0,2122.0,19.0,8.0,2.0,0.0,0.0,0.0,1,synthetic_train,
1617.0,1.0,1.5,0.0,18.0,1.0,16.0,0.7,191.0,7.0,11.0,640.0,1057.0,3825.0,12.0,2.0,6.0,0.0,0.0,0.0,3,synthetic_train,
1322.0,1.0,1.8,0.0,15.0,0.0,28.0,0.3,194.0,8.0,18.0,1326.0,1890.0,3827.0,13.0,6.0,14.0,0.0,0.0,0.0,3,synthetic_train,
1445.0,1.0,0.5,0.0,3.0,1.0,59.0,0.5,130.0,7.0,8.0,231.0,1560.0,2560.0,10.0,16.0,5.0,0.0,0.0,0.0,2,synthetic_train,
629.0,0.0,0.9,0.0,1.0,1.0,26.0,0.7,86.0,3.0,16.0,280.0,880.0,3439.0,16.0,18.0,2.0,1.0,0.0,0.0,2,synthetic_train,
1776.0,0.0,0.7,0.0,2.0,0.0,57.0,0.9,116.0,3.0,17.0,1526.0,820.0,1427.0,9.0,1.0,20.0,0.0,1.0,0.0,2,synthetic_train,
1173.0,1.0,1.9,0.0,7.0,1.0,48.0,0.7,145.0,1.0,6.0,406.0,1854.0,3884.0,16.0,13.0,3.0,1.0,1.0,0.0,3,synthetic_train,
732.0,0.0,1.3,0.0,16.0,1.0,53.0,0.1,126.0,3.0,13.0,205.0,1466.0,3780.0,18.0,4.0,6.0,0.0,1.0,1.0,2,synthetic_train,
1719.0,0.0,1.9,0.0,3.0,1.0,55.0,0.5,80.0,5.0,9.0,517.0,677.0,725.0,7.0,12.0,20.0,1.0,1.0,1.0,0,synthetic_train,
1601.0,0.0,1.1,1.0,16.0,1.0,46.0,0.2,199.0,3.0,9.0,781.0,688.0,2877.0,8.0,11.0,3.0,0.0,0.0,0.0,2,synthetic_train,
579.0,1.0,0.6,1.0,0.0,1.0,48.0,0.1,116.0,6.0,16.0,64.0,1740.0,1969.0,10.0,16.0,17.0,1.0,0.0,0.0,0,synthetic_train,
789.0,0.0,2.9,1.0,14.0,1.0,11.0,0.6,154.0,1.0,4.0,1637.0,754.0,1251.0,17.0,13.0,12.0,1.0,1.0,1.0,0,synthetic_train,
523.0,0.0,0.8,1.0,5.0,1.0,47.0,0.8,194.0,4.0,2.0,230.0,828.0,1798.0,14.0,15.0,12.0,0.0,1.0,1.0,1,synthetic_train,
906.0,0.0,0.8,0.0,19.0,0.0,5.0,0.1,145.0,3.0,10.0,792.0,1421.0,3649.0,7.0,15.0,17.0,0.0,0.0,1.0,3,synthetic_train,
649.0,0.0,0.9,1.0,9.0,0.0,48.0,0.8,164.0,4.0,17.0,396.0,1794.0,3715.0,10.0,12.0,2.0,0.0,0.0,0.0,3,synthetic_train,
1564.0,1.0,3.0,0.0,5.0,0.0,43.0,0.7,84.0,1.0,3.0,578.0,1004.0,1544.0,14.0,7.0,3.0,1.0,0.0,1.0,0,synthetic_train,
1283.0,0.0,2.0,1.0,4.0,0.0,49.0,0.8,164.0,4.0,7.0,88.0,1497.0,1984.0,19.0,6.0,5.0,1.0,1.0,1.0,1,synthetic_train,
1970.0,1.0,2.0,0.0,16.0,1.0,42.0,0.3,182.0,7.0,14.0,1859.0,1554.0,2188.0,11.0,6.0,11.0,0.0,0.0,0.0,3,synthetic_train,
1624.0,0.0,3.0,0.0,8.0,1.0,25.0,0.5,191.0,7.0,10.0,1838.0,1399.0,3001.0,6.0,6.0,20.0,0.0,0.0,0.0,3,synthetic_train,
1417.0,1.0,0.7,0.0,7.0,0.0,25.0,0.2,90.0,3.0,12.0,248.0,1527.0,2049.0,6.0,5.0,3.0,0.0,0.0,1.0,1,synthetic_train,
1263.0,1.0,2.9,0.0,14.0,0.0,39.0,0.3,107.0,4.0,11.0,386.0,841.0,1737.0,5.0,5.0,9.0,0.0,0.0,1.0,1,synthetic_train,
581.0,1.0,1.0,1.0,10.0,1.0,31.0,0.4,85.0,6.0,17.0,1735.0,1431.0,3713.0,6.0,10.0,10.0,1.0,1.0,1.0,3,synthetic_train,
605.0,1.0,2.1,1.0,13.0,0.0,23.0,0.4,191.0,4.0,18.0,813.0,505.0,1651.0,11.0,5.0,5.0,0.0,0.0,1.0,0,synthetic_train,
1424.0,0.0,1.6,0.0,8.0,1.0,32.0,0.3,113.0,5.0,9.0,121.0,1595.0,1250.0,9.0,6.0,8.0,1.0,0.0,1.0,0,synthetic_train,
506.0,1.0,1.5,0.0,1.0,0.0,35.0,0.3,144.0,3.0,9.0,266.0,1687.0,1479.0,9.0,13.0,5.0,0.0,0.0,1.0,0,synthetic_train,
563.0,1.0,2.8,1.0,0.0,0.0,17.0,0.9,137.0,7.0,5.0,810.0,1690.0,1503.0,16.0,6.0,4.0,1.0,1.0,0.0,0,synthetic_train,
828.0,1.0,0.9,1.0,0.0,0.0,42.0,0.8,163.0,6.0,9.0,1094.0,544.0,2333.0,12.0,2.0,11.0,0.0,1.0,0.0,1,synthetic_train,
1826.0,1.0,3.0,1.0,11.0,0.0,21.0,0.4,188.0,8.0,17.0,1238.0,1866.0,2726.0,15.0,0.0,19.0,0.0,0.0,0.0,3,synthetic_train,
1188.0,1.0,1.4,1.0,10.0,1.0,18.0,1.0,119.0,7.0,10.0,300.0,1151.0,758.0,13.0,14.0,9.0,1.0,1.0,1.0,0,synthetic_train,
1564.0,1.0,2.1,1.0,14.0,0.0,28.0,0.3,175.0,3.0,14.0,725.0,620.0,3574.0,8.0,18.0,14.0,1.0,0.0,1.0,3,synthetic_train,
1117.0,1.0,2.9,1.0,17.0,0.0,8.0,0.5,115.0,3.0,8.0,511.0,1301.0,1204.0,19.0,12.0,14.0,1.0,1.0,1.0,0,synthetic_train,
759.0,1.0,0.6,1.0,3.0,0.0,40.0,0.8,103.0,1.0,14.0,1048.0,1356.0,686.0,12.0,1.0,18.0,0.0,0.0,0.0,0,synthetic_train,
1056.0,0.0,2.8,0.0,19.0,0.0,48.0,0.5,92.0,5.0,14.0,630.0,1102.0,2757.0,17.0,10.0,17.0,1.0,0.0,1.0,2,synthetic_train,
637.0,0.0,1.9,1.0,18.0,1.0,62.0,0.3,125.0,6.0,11.0,400.0,1622.0,1041.0,6.0,5.0,19.0,1.0,0.0,1.0,0,synthetic_train,
1655.0,0.0,2.3,0.0,12.0,1.0,19.0,0.4,147.0,3.0,19.0,1598.0,1315.0,3063.0,17.0,6.0,17.0,0.0,0.0,1.0,3,synthetic_train,
775.0,0.0,0.9,0.0,10.0,1.0,35.0,0.6,174.0,1.0,18.0,1115.0,825.0,3804.0,15.0,17.0,19.0,1.0,1.0,1.0,3,synthetic_train,
1064.0,0.0,1.8,1.0,3.0,1.0,33.0,0.7,182.0,7.0,3.0,929.0,1429.0,2848.0,8.0,15.0,20.0,0.0,1.0,1.0,2,synthetic_train,
1970.0,0.0,2.2,0.0,3.0,0.0,48.0,0.5,143.0,2.0,4.0,263.0,895.0,3165.0,16.0,13.0,16.0,0.0,1.0,1.0,3,synthetic_train,
1387.0,0.0,1.6,1.0,0.0,0.0,41.0,0.5,129.0,5.0,20.0,138.0,677.0,2107.0,16.0,9.0,11.0,1.0,0.0,0.0,1,synthetic_train,
1187.0,0.0,0.9,1.0,12.0,1.0,52.0,0.3,101.0,1.0,8.0,1561.0,900.0,1551.0,18.0,10.0,7.0,1.0,1.0,1.0,0,synthetic_train,
1314.0,1.0,1.1,0.0,8.0,1.0,55.0,0.6,190.0,1.0,6.0,1899.0,1857.0,2551.0,8.0,17.0,12.0,1.0,0.0,0.0,3,synthetic_train,
1676.0,1.0,2.6,0.0,3.0,1.0,9.0,0.3,127.0,8.0,16.0,1144.0,1357.0,1594.0,18.0,12.0,17.0,1.0,1.0,1.0,1,synthetic_train,
881.0,1.0,0.6,1.0,2.0,0.0,24.0,0.9,172.0,6.0,12.0,76.0,976.0,3535.0,16.0,11.0,16.0,0.0,1.0,1.0,2,synthetic_train,
1454.0,0.0,2.3,1.0,1.0,1.0,43.0,0.8,155.0,1.0,2.0,945.0,1048.0,2013.0,10.0,1.0,11.0,0.0,1.0,0.0,1,synthetic_train,
1809.0,0.0,3.0,1.0,12.0,1.0,36.0,0.5,192.0,1.0,1.0,549.0,1788.0,2123.0,10.0,18.0,3.0,0.0,0.0,1.0,2,synthetic_train,
1358.0,1.0,0.5,0.0,13.0,0.0,32.0,0.8,197.0,4.0,16.0,107.0,1498.0,2778.0,8.0,15.0,7.0,0.0,1.0,0.0,2,synthetic_train,
1169.0,0.0,0.9,1.0,12.0,0.0,12.0,0.1,165.0,6.0,16.0,279.0,1659.0,964.0,12.0,6.0,12.0,1.0,0.0,1.0,0,synthetic_train,
717.0,1.0,2.2,0.0,2.0,1.0,38.0,0.4,160.0,4.0,7.0,980.0,1414.0,2355.0,18.0,4.0,9.0,1.0,1.0,1.0,1,synthetic_train,
872.0,0.0,0.6,0.0,0.0,0.0,48.0,0.5,96.0,7.0,18.0,837.0,1987.0,3077.0,17.0,18.0,10.0,0.0,1.0,0.0,2,synthetic_train,
1919.0,0.0,2.0,0.0,2.0,1.0,4.0,0.5,81.0,6.0,2.0,1105.0,1485.0,3161.0,7.0,18.0,7.0,0.0,1.0,0.0,3,synthetic_train,
1311.0,1.0,2.2,0.0,15.0,1.0,39.0,0.8,146.0,5.0,18.0,1359.0,1100.0,1097.0,6.0,7.0,3.0,0.0,1.0,1.0,0,synthetic_train,
952.0,0.0,2.0,1.0,14.0,0.0,59.0,1.0,165.0,3.0,1.0,520.0,878.0,458.0,5.0,4.0,10.0,0.0,0.0,1.0,0,synthetic_train,
1127.0,0.0,1.4,1.0,5.0,0.0,38.0,0.4,170.0,6.0,13.0,561.0,569.0,982.0,14.0,15.0,10.0,0.0,0.0,0.0,0,synthetic_train,
1367.0,1.0,2.2,0.0,1.0,1.0,62.0,0.4,110.0,7.0,17.0,1328.0,1650.0,3321.0,9.0,11.0,16.0,0.0,0.0,0.0,3,synthetic_train,
1306.0,0.0,2.0,1.0,6.0,0.0,24.0,0.6,140.0,1.0,13.0,386.0,1898.0,1249.0,16.0,17.0,4.0,1.0,1.0,0.0,0,synthetic_train,
1549.0,1.0,1.0,0.0,16.0,1.0,2.0,0.4,184.0,6.0,16.0,150.0,1495.0,473.0,16.0,10.0,11.0,1.0,1.0,0.0,0,synthetic_train,
886.0,0.0,1.9,1.0,2.0,0.0,44.0,0.2,91.0,8.0,7.0,1673.0,1230.0,2491.0,7.0,10.0,18.0,0.0,1.0,1.0,2,synthetic_train,
1473.0,0.0,2.7,0.0,15.0,0.0,15.0,1.0,126.0,4.0,6.0,409.0,695.0,3553.0,15.0,2.0,7.0,0.0,1.0,1.0,3,synthetic_train,
1164.0,1.0,2.2,0.0,9.0,1.0,2.0,0.8,194.0,7.0,5.0,237.0,1465.0,1096.0,16.0,11.0,8.0,0.0,0.0,0.0,0,synthetic_train,
1910.0,0.0,1.7,1.0,2.0,1.0,13.0,1.0,104.0,3.0,2.0,1446.0,800.0,417.0,19.0,6.0,3.0,1.0,0.0,1.0,0,synthetic_train,
736.0,1.0,1.3,1.0,18.0,1.0,60.0,0.3,118.0,2.0,5.0,1042.0,1432.0,780.0,15.0,3.0,12.0,0.0,1.0,1.0,0,synthetic_train,
722.0,1.0,0.7,1.0,10.0,1.0,51.0,0.1,136.0,7.0,5.0,288.0,951.0,734.0,10.0,14.0,18.0,1.0,1.0,1.0,0,synthetic_train,
1192.0,1.0,1.1,1.0,13.0,1.0,19.0,0.5,163.0,3.0,15.0,1667.0,1797.0,1021.0,19.0,6.0,11.0,0.0,1.0,0.0,1,synthetic_train,
1262.0,0.0,0.5,0.0,1.0,1.0,39.0,0.9,110.0,7.0,4.0,481.0,1903.0,930.0,9.0,4.0,9.0,0.0,0.0,0.0,0,synthetic_train,
1536.0,1.0,3.0,0.0,7.0,1.0,23.0,0.2,175.0,3.0,3.0,1325.0,851.0,2640.0,17.0,18.0,16.0,0.0,1.0,1.0,2,synthetic_train,
1106.0,1.0,1.1,1.0,12.0,0.0,13.0,0.2,108.0,4.0,15.0,1276.0,989.0,1090.0,10.0,18.0,10.0,0.0,1.0,0.0,0,synthetic_train,
1870.0,1.0,2.5,1.0,12.0,0.0,64.0,0.2,124.0,6.0,11.0,1626.0,1882.0,2308.0,19.0,9.0,9.0,0.0,0.0,0.0,2,synthetic_train,
1211.0,0.0,0.9,0.0,1.0,1.0,53.0,0.8,149.0,3.0,4.0,1429.0,529.0,1759.0,16.0,5.0,16.0,1.0,1.0,1.0,1,synthetic_train,
694.0,1.0,1.2,0.0,12.0,1.0,24.0,0.8,81.0,7.0,14.0,1378.0,1274.0,2705.0,13.0,3.0,7.0,1.0,1.0,0.0,2,synthetic_train,
678.0,0.0,1.5,1.0,18.0,1.0,24.0,0.7,172.0,1.0,4.0,100.0,712.0,2709.0,8.0,11.0,18.0,0.0,0.0,1.0,1,synthetic_train,
1960.0,1.0,1.3,0.0,15.0,1.0,53.0,0.1,160.0,1.0,16.0,1839.0,1148.0,2475.0,7.0,11.0,7.0,0.0,1.0,1.0,3,synthetic_train,
701.0,0.0,2.5,0.0,4.0,1.0,31.0,0.8,181.0,1.0,0.0,248.0,548.0,3597.0,19.0,11.0,11.0,0.0,1.0,0.0,2,synthetic_train,
1921.0,1.0,2.9,1.0,18.0,1.0,25.0,0.5,113.0,3.0,12.0,497.0,710.0,990.0,17.0,14.0,6.0,1.0,1.0,1.0,1,synthetic_train,
917.0,1.0,2.7,0.0,13.0,0.0,26.0,0.2,128.0,1.0,12.0,874.0,1103.0,2219.0,12.0,8.0,14.0,0.0,1.0,1.0,2,synthetic_train,
640.0,0.0,0.9,0.0,1.0,0.0,30.0,0.4,188.0,4.0,7.0,565.0,590.0,1731.0,18.0,12.0,10.0,0.0,1.0,0.0,1,synthetic_train,
957.0,1.0,2.4,1.0,2.0,0.0,34.0,0.6,88.0,1.0,14.0,1162.0,1694.0,2249.0,16.0,12.0,6.0,1.0,1.0,0.0,2,synthetic_train,
1422.0,1.0,0.9,0.0,18.0,1.0,4.0,0.4,139.0,7.0,7.0,103.0,1366.0,779.0,10.0,15.0,16.0,1.0,1.0,1.0,0,synthetic_train,
1141.0,0.0,2.8,1.0,4.0,1.0,32.0,1.0,138.0,2.0,13.0,889.0,1175.0,1451.0,17.0,14.0,19.0,1.0,1.0,1.0,1,synthetic_train,
1678.0,0.0,1.8,1.0,1.0,0.0,29.0,0.5,134.0,8.0,4.0,685.0,1208.0,3778.0,16.0,0.0,2.0,0.0,0.0,1.0,3,synthetic_train,
1416.0,1.0,1.3,0.0,9.0,0.0,19.0,0.4,132.0,7.0,11.0,1268.0,1757.0,3252.0,12.0,11.0,12.0,1.0,1.0,0.0,3,synthetic_train,
1101.0,0.0,0.9,1.0,10.0,0.0,24.0,0.7,170.0,6.0,15.0,1019.0,1767.0,1850.0,5.0,18.0,15.0,0.0,0.0,0.0,2,synthetic_train,
1451.0,0.0,0.5,1.0,11.0,0.0,28.0,0.7,103.0,7.0,20.0,1482.0,571.0,669.0,16.0,10.0,15.0,0.0,0.0,1.0,0,synthetic_train,
1957.0,1.0,1.1,0.0,13.0,0.0,25.0,0.1,187.0,7.0,7.0,322.0,1527.0,2683.0,10.0,10.0,6.0,1.0,0.0,1.0,2,synthetic_train,
1117.0,0.0,2.8,1.0,19.0,0.0,59.0,0.7,188.0,7.0,9.0,1862.0,1204.0,1383.0,10.0,11.0,4.0,0.0,1.0,0.0,1,synthetic_train,
730.0,1.0,2.5,0.0,15.0,1.0,35.0,0.3,101.0,5.0,10.0,768.0,1673.0,1489.0,15.0,10.0,11.0,1.0,1.0,1.0,0,synthetic_train,
1113.0,0.0,2.9,0.0,0.0,1.0,33.0,0.4,197.0,5.0,18.0,686.0,1679.0,619.0,17.0,7.0,14.0,1.0,0.0,1.0,0,synthetic_train,
1760.0,1.0,0.8,1.0,1.0,0.0,18.0,0.7,111.0,4.0,20.0,1075.0,1561.0,1338.0,6.0,18.0,7.0,1.0,1.0,0.0,1,synthetic_train,
826.0,0.0,2.0,1.0,0.0,0.0,59.0,0.6,86.0,5.0,13.0,319.0,1511.0,1057.0,17.0,1.0,9.0,0.0,0.0,1.0,0,synthetic_train,
1923.0,1.0,1.1,1.0,7.0,1.0,3.0,0.4,128.0,4.0,17.0,1597.0,817.0,383.0,9.0,15.0,12.0,1.0,1.0,1.0,0,synthetic_train,
1382.0,1.0,1.9,1.0,7.0,1.0,36.0,0.3,176.0,1.0,1.0,517.0,1778.0,2451.0,13.0,3.0,10.0,1.0,0.0,0.0,2,synthetic_train,
1402.0,0.0,1.3,1.0,18.0,1.0,12.0,0.6,182.0,8.0,15.0,1818.0,1550.0,3884.0,18.0,3.0,11.0,0.0,1.0,1.0,3,synthetic_train,
975.0,0.0,1.2,0.0,7.0,1.0,50.0,0.4,158.0,6.0,17.0,290.0,910.0,727.0,8.0,11.0,14.0,1.0,0.0,0.0,0,synthetic_train,
1880.0,1.0,1.9,0.0,0.0,0.0,25.0,0.9,178.0,6.0,15.0,1694.0,848.0,452.0,8.0,12.0,20.0,1.0,1.0,0.0,0,synthetic_train,
554.0,1.0,1.0,1.0,17.0,1.0,20.0,0.6,111.0,3.0,12.0,773.0,1250.0,632.0,19.0,17.0,17.0,0.0,1.0,1.0,0,synthetic_train,
948.0,1.0,1.7,1.0,5.0,1.0,5.0,0.9,186.0,7.0,18.0,1191.0,1013.0,2299.0,10.0,5.0,2.0,1.0,0.0,0.0,1,synthetic_train,
1127.0,0.0,2.1,0.0,18.0,1.0,51.0,0.5,156.0,5.0,13.0,1711.0,1514.0,3347.0,19.0,0.0,8.0,1.0,1.0,1.0,3,synthetic_train,
1215.0,1.0,0.8,0.0,15.0,1.0,26.0,0.8,96.0,1.0,17.0,253.0,1109.0,1414.0,10.0,4.0,2.0,0.0,1.0,1.0,1,synthetic_train,
1211.0,1.0,2.8,1.0,17.0,0.0,18.0,0.2,95.0,8.0,3.0,680.0,752.0,698.0,14.0,10.0,18.0,1.0,1.0,1.0,0,synthetic_train,
721.0,0.0,1.8,0.0,16.0,0.0,55.0,0.4,112.0,8.0,13.0,1859.0,1092.0,615.0,12.0,6.0,14.0,1.0,1.0,0.0,0,synthetic_train,
838.0,0.0,2.5,0.0,2.0,1.0,3.0,0.2,88.0,7.0,9.0,291.0,1722.0,2531.0,19.0,4.0,6.0,1.0,0.0,1.0,1,synthetic_train,
642.0,0.0,2.1,1.0,12.0,0.0,31.0,0.1,114.0,4.0,18.0,201.0,1745.0,1591.0,13.0,17.0,17.0,1.0,1.0,0.0,0,synthetic_train,
1358.0,1.0,2.3,0.0,8.0,0.0,12.0,0.9,200.0,2.0,18.0,1024.0,966.0,1573.0,12.0,10.0,12.0,0.0,1.0,0.0,1,synthetic_train,
1026.0,0.0,2.3,1.0,12.0,0.0,9.0,0.7,109.0,1.0,17.0,48.0,1692.0,1149.0,11.0,12.0,2.0,0.0,1.0,0.0,0,synthetic_train,
1348.0,0.0,2.7,1.0,14.0,1.0,3.0,0.7,157.0,6.0,4.0,1945.0,639.0,3611.0,10.0,14.0,4.0,1.0,1.0,1.0,3,synthetic_train,
1384.0,1.0,2.0,1.0,10.0,0.0,13.0,0.6,198.0,8.0,10.0,1772.0,1975.0,1659.0,11.0,7.0,17.0,1.0,0.0,1.0,2,synthetic_train,
1553.0,0.0,1.2,1.0,6.0,0.0,61.0,0.6,110.0,1.0,0.0,369.0,1647.0,2904.0,11.0,13.0,7.0,0.0,0.0,0.0,3,synthetic_train,
1320.0,1.0,0.7,1.0,18.0,1.0,30.0,0.7,164.0,6.0,20.0,338.0,561.0,3034.0,16.0,18.0,11.0,0.0,0.0,1.0,3,synthetic_train,
1471.0,1.0,2.0,1.0,13.0,1.0,64.0,0.8,134.0,1.0,5.0,1525.0,1556.0,478.0,5.0,13.0,19.0,1.0,1.0,1.0,1,synthetic_train,
1380.0,1.0,0.7,0.0,17.0,0.0,18.0,0.6,114.0,7.0,13.0,1021.0,1240.0,1185.0,12.0,5.0,7.0,1.0,0.0,0.0,1,synthetic_train,
1478.0,1.0,1.1,1.0,4.0,1.0,50.0,0.8,194.0,1.0,10.0,1614.0,1824.0,3607.0,13.0,14.0,2.0,0.0,0.0,1.0,3,synthetic_train,
1424.0,1.0,0.7,1.0,16.0,1.0,7.0,0.4,159.0,8.0,18.0,1897.0,859.0,3560.0,16.0,4.0,3.0,1.0,0.0,1.0,3,synthetic_train,
974.0,1.0,1.9,0.0,6.0,0.0,8.0,1.0,133.0,2.0,17.0,787.0,1837.0,1805.0,14.0,1.0,19.0,0.0,1.0,1.0,1,synthetic_train,
869.0,1.0,0.9,0.0,9.0,0.0,3.0,0.1,178.0,4.0,16.0,497.0,1805.0,840.0,11.0,8.0,13.0,1.0,1.0,0.0,0,synthetic_train,
1681.0,0.0,2.0,0.0,17.0,1.0,58.0,0.4,188.0,6.0,13.0,1214.0,917.0,1372.0,6.0,9.0,8.0,1.0,0.0,0.0,1,synthetic_train,
1014.0,0.0,2.5,0.0,7.0,0.0,44.0,0.9,174.0,7.0,2.0,1245.0,1148.0,3809.0,10.0,8.0,3.0,1.0,0.0,1.0,3,synthetic_train,
1323.0,1.0,2.6,0.0,5.0,0.0,48.0,0.3,185.0,3.0,19.0,847.0,1461.0,2774.0,8.0,4.0,15.0,0.0,1.0,0.0,2,synthetic_train,
795.0,0.0,1.3,1.0,18.0,1.0,60.0,0.2,118.0,8.0,1.0,586.0,860.0,538.0,8.0,5.0,2.0,0.0,1.0,1.0,0,synthetic_train,
1147.0,1.0,1.9,0.0,19.0,0.0,22.0,0.4,121.0,1.0,9.0,514.0,1997.0,2943.0,15.0,17.0,3.0,0.0,1.0,1.0,2,synthetic_train,
1294.0,1.0,1.9,0.0,6.0,0.0,47.0,0.5,108.0,4.0,7.0,1022.0,786.0,805.0,12.0,5.0,13.0,0.0,1.0,1.0,0,synthetic_train,
1439.0,1.0,1.7,0.0,6.0,0.0,33.0,0.9,164.0,8.0,8.0,835.0,865.0,1391.0,16.0,14.0,14.0,1.0,1.0,0.0,1,synthetic_train,
1289.0,0.0,2.1,0.0,4.0,0.0,36.0,0.9,177.0,3.0,20.0,897.0,1250.0,2058.0,7.0,4.0,12.0,1.0,1.0,1.0,1,synthetic_train,
1040.0,0.0,1.0,1.0,0.0,0.0,43.0,0.5,159.0,5.0,4.0,186.0,1208.0,1572.0,19.0,2.0,19.0,0.0,0.0,1.0,1,synthetic_train,
1942.0,0.0,2.9,0.0,11.0,0.0,31.0,1.0,152.0,4.0,12.0,1727.0,575.0,2869.0,12.0,1.0,7.0,1.0,1.0,1.0,3,synthetic_train,
1269.0,1.0,0.7,1.0,5.0,1.0,3.0,0.7,173.0,4.0,4.0,1386.0,1864.0,841.0,8.0,4.0,12.0,1.0,0.0,1.0,1,synthetic_train,
1712.0,1.0,2.6,0.0,16.0,1.0,6.0,0.9,101.0,7.0,19.0,1802.0,859.0,3538.0,10.0,15.0,7.0,1.0,1.0,0.0,3,synthetic_train,
1605.0,1.0,2.0,0.0,3.0,1.0,33.0,0.3,124.0,5.0,15.0,1626.0,654.0,2477.0,17.0,8.0,8.0,1.0,1.0,0.0,1,synthetic_train,
1337.0,1.0,1.1,1.0,12.0,0.0,37.0,0.5,165.0,6.0,8.0,1213.0,1278.0,1399.0,15.0,13.0,4.0,0.0,0.0,1.0,1,synthetic_train,
1829.0,1.0,2.4,0.0,10.0,0.0,48.0,0.1,86.0,5.0,1.0,602.0,1891.0,3837.0,7.0,18.0,17.0,0.0,0.0,0.0,3,synthetic_train,
692.0,1.0,0.7,1.0,12.0,0.0,38.0,0.1,190.0,8.0,3.0,1282.0,503.0,2046.0,19.0,0.0,15.0,1.0,0.0,0.0,0,synthetic_train,
1881.0,0.0,2.4,1.0,2.0,1.0,13.0,0.7,100.0,4.0,5.0,1110.0,1231.0,1815.0,6.0,2.0,15.0,1.0,0.0,1.0,2,synthetic_train,
1775.0,1.0,2.0,1.0,9.0,1.0,25.0,0.2,175.0,7.0,8.0,1811.0,1865.0,335.0,9.0,17.0,4.0,1.0,0.0,0.0,1,synthetic_train,
1255.0,0.0,0.8,0.0,12.0,1.0,29.0,0.6,154.0,5.0,18.0,455.0,1838.0,3984.0,15.0,10.0,4.0,1.0,1.0,1.0,3,synthetic_train,
1600.0,1.0,0.7,0.0,6.0,1.0,63.0,0.7,182.0,7.0,2.0,50.0,756.0,3424.0,12.0,11.0,16.0,0.0,1.0,1.0,3,synthetic_train,
1280.0,1.0,2.4,0.0,17.0,1.0,35.0,0.1,173.0,8.0,12.0,249.0,1431.0,916.0,11.0,6.0,14.0,1.0,1.0,0.0,1,synthetic_train,
903.0,0.0,1.2,0.0,10.0,0.0,42.0,0.5,142.0,2.0,7.0,343.0,1753.0,3803.0,18.0,15.0,2.0,0.0,1.0,0.0,2,synthetic_train,
1699.0,1.0,2.7,0.0,7.0,0.0,48.0,0.7,171.0,3.0,0.0,1301.0,1506.0,3235.0,16.0,12.0,14.0,1.0,1.0,0.0,3,synthetic_train,
868.0,0.0,2.4,1.0,0.0,1.0,24.0,0.9,121.0,3.0,13.0,287.0,1485.0,1831.0,19.0,4.0,20.0,1.0,1.0,1.0,1,synthetic_train,
971.0,1.0,2.2,0.0,3.0,1.0,62.0,0.4,150.0,4.0,14.0,262.0,1658.0,3729.0,9.0,12.0,16.0,1.0,0.0,0.0,3,synthetic_train,
1278.0,0.0,1.2,1.0,9.0,0.0,44.0,1.0,190.0,4.0,20.0,778.0,1179.0,2348.0,17.0,0.0,7.0,0.0,0.0,1.0,1,synthetic_train,
1756.0,0.0,2.3,0.0,8.0,0.0,55.0,0.9,90.0,1.0,10.0,1533.0,600.0,2831.0,8.0,4.0,8.0,1.0,0.0,1.0,3,synthetic_train,
1075.0,1.0,2.9,0.0,17.0,1.0,49.0,0.7,123.0,8.0,6.0,832.0,1458.0,941.0,17.0,3.0,16.0,1.0,0.0,0.0,0,synthetic_train,
1241.0,0.0,0.7,1.0,15.0,1.0,41.0,0.5,82.0,7.0,17.0,532.0,1441.0,665.0,13.0,14.0,9.0,0.0,1.0,1.0,0,synthetic_train,
562.0,1.0,1.3,0.0,3.0,1.0,3.0,0.7,144.0,5.0,5.0,557.0,1776.0,2231.0,13.0,13.0,15.0,1.0,0.0,1.0,1,synthetic_train,
673.0,1.0,1.1,0.0,11.0,1.0,38.0,0.8,174.0,3.0,14.0,1605.0,1884.0,1478.0,6.0,1.0,20.0,1.0,0.0,1.0,1,synthetic_train,
583.0,0.0,1.5,1.0,9.0,1.0,10.0,0.4,84.0,7.0,19.0,849.0,1006.0,3930.0,18.0,17.0,9.0,0.0,1.0,1.0,3,synthetic_train,
608.0,0.0,2.4,1.0,2.0,1.0,40.0,1.0,146.0,3.0,0.0,722.0,1933.0,576.0,9.0,15.0,12.0,0.0,0.0,1.0,0,synthetic_train,
1802.0,0.0,1.7,1.0,13.0,0.0,46.0,0.9,130.0,3.0,19.0,1516.0,514.0,3111.0,13.0,8.0,11.0,1.0,1.0,0.0,3,synthetic_train,
1762.0,0.0,1.9,1.0,10.0,0.0,36.0,0.5,174.0,8.0,4.0,723.0,1951.0,2508.0,7.0,4.0,11.0,0.0,0.0,1.0,3,synthetic_train,
1732.0,0.0,1.3,1.0,1.0,1.0,21.0,0.8,106.0,8.0,10.0,699.0,705.0,3545.0,18.0,7.0,3.0,1.0,1.0,0.0,3,synthetic_train,
583.0,1.0,0.9,1.0,9.0,0.0,5.0,0.6,99.0,5.0,5.0,1471.0,1468.0,3992.0,9.0,11.0,20.0,0.0,1.0,1.0,3,synthetic_train,
616.0,0.0,1.2,1.0,14.0,0.0,44.0,0.8,91.0,2.0,3.0,642.0,1524.0,3514.0,16.0,11.0,12.0,0.0,1.0,1.0,2,synthetic_train,
920.0,1.0,2.6,0.0,6.0,1.0,45.0,0.8,129.0,1.0,14.0,1000.0,1449.0,1658.0,16.0,6.0,6.0,1.0,0.0,0.0,1,synthetic_train,
1347.0,0.0,2.0,1.0,7.0,0.0,32.0,0.1,138.0,8.0,10.0,1303.0,1985.0,2859.0,13.0,1.0,12.0,1.0,1.0,1.0,3,synthetic_train,
1001.0,1.0,1.4,0.0,2.0,0.0,47.0,0.2,191.0,3.0,10.0,394.0,1328.0,865.0,6.0,11.0,9.0,0.0,1.0,1.0,0,synthetic_train,
1231.0,1.0,2.5,0.0,4.0,0.0,51.0,0.4,136.0,6.0,10.0,251.0,697.0,2074.0,9.0,13.0,17.0,1.0,0.0,1.0,2,synthetic_train,
759.0,0.0,0.7,0.0,19.0,0.0,34.0,0.9,100.0,3.0,15.0,1667.0,1410.0,1261.0,14.0,5.0,16.0,0.0,0.0,1.0,1,synthetic_train,
1596.0,1.0,1.1,1.0,12.0,1.0,5.0,0.5,164.0,4.0,20.0,582.0,936.0,1192.0,13.0,12.0,9.0,1.0,0.0,1.0,0,synthetic_train,
970.0,0.0,1.1,0.0,3.0,1.0,56.0,0.9,87.0,8.0,10.0,667.0,1417.0,2392.0,13.0,10.0,15.0,0.0,0.0,1.0,1,synthetic_train,
599.0,0.0,3.0,1.0,9.0,1.0,31.0,0.5,121.0,5.0,3.0,1156.0,1070.0,731.0,8.0,9.0,2.0,1.0,1.0,0.0,0,synthetic_train,
1614.0,1.0,2.3,0.0,3.0,1.0,44.0,0.4,159.0,4.0,6.0,201.0,563.0,2385.0,13.0,0.0,20.0,0.0,1.0,1.0,1,synthetic_train,
1854.0,1.0,2.0,1.0,8.0,1.0,59.0,0.9,110.0,4.0,10.0,89.0,1455.0,1756.0,6.0,5.0,11.0,1.0,1.0,0.0,2,synthetic_train,
522.0,0.0,0.5,1.0,2.0,0.0,24.0,0.6,151.0,2.0,2.0,815.0,633.0,1116.0,12.0,7.0,14.0,1.0,1.0,0.0,0,synthetic_train,
1155.0,0.0,1.0,1.0,12.0,0.0,41.0,0.4,134.0,5.0,4.0,1898.0,991.0,2360.0,6.0,15.0,14.0,1.0,1.0,0.0,1,synthetic_train,
1740.0,0.0,2.1,0.0,11.0,0.0,3.0,0.1,195.0,5.0,4.0,1125.0,1428.0,3065.0,14.0,15.0,7.0,0.0,1.0,1.0,3,synthetic_train,
1559.0,0.0,1.4,1.0,12.0,0.0,57.0,0.2,114.0,1.0,20.0,1134.0,1820.0,2539.0,13.0,16.0,15.0,1.0,1.0,0.0,2,synthetic_train,
1784.0,0.0,2.8,0.0,8.0,1.0,5.0,0.2,189.0,4.0,8.0,1195.0,971.0,585.0,17.0,8.0,9.0,0.0,1.0,1.0,0,synthetic_train,
1122.0,0.0,2.4,1.0,5.0,0.0,36.0,0.4,155.0,6.0,18.0,1688.0,947.0,2359.0,11.0,6.0,14.0,1.0,1.0,1.0,1,synthetic_train,
1058.0,1.0,1.6,0.0,4.0,0.0,24.0,0.6,170.0,1.0,11.0,1638.0,951.0,2588.0,7.0,9.0,3.0,1.0,0.0,1.0,2,synthetic_train,
1563.0,0.0,2.4,1.0,4.0,0.0,4.0,0.4,100.0,8.0,10.0,47.0,1362.0,2814.0,8.0,15.0,4.0,0.0,1.0,1.0,2,synthetic_train,
730.0,1.0,2.9,1.0,8.0,0.0,31.0,0.2,82.0,7.0,19.0,1061.0,789.0,1849.0,17.0,11.0,19.0,0.0,0.0,0.0,1,synthetic_train,
859.0,1.0,1.7,1.0,9.0,1.0,60.0,0.3,168.0,6.0,14.0,1071.0,1290.0,611.0,19.0,11.0,15.0,0.0,1.0,1.0,0,synthetic_train,
1401.0,1.0,2.1,1.0,13.0,0.0,12.0,0.5,138.0,1.0,5.0,438.0,1700.0,732.0,5.0,8.0,4.0,0.0,0.0,1.0,0,synthetic_train,
1502.0,0.0,2.8,0.0,1.0,0.0,20.0,1.0,117.0,5.0,5.0,1912.0,620.0,1498.0,15.0,13.0,6.0,1.0,1.0,1.0,1,synthetic_train,
679.0,1.0,1.1,1.0,5.0,0.0,13.0,0.5,188.0,8.0,13.0,513.0,1945.0,2630.0,12.0,16.0,12.0,1.0,0.0,1.0,1,synthetic_train,
1262.0,1.0,2.7,0.0,17.0,0.0,9.0,0.2,119.0,1.0,0.0,1635.0,1297.0,3022.0,8.0,12.0,2.0,0.0,1.0,1.0,3,synthetic_train,
1047.0,0.0,0.7,1.0,18.0,1.0,16.0,0.6,132.0,7.0,3.0,197.0,1441.0,2775.0,12.0,7.0,9.0,1.0,1.0,1.0,2,synthetic_train,
1252.0,1.0,2.1,0.0,18.0,0.0,38.0,0.9,167.0,7.0,1.0,1180.0,1425.0,1424.0,19.0,15.0,8.0,0.0,0.0,1.0,1,synthetic_train,
1937.0,0.0,2.5,1.0,6.0,0.0,51.0,0.8,196.0,1.0,14.0,1443.0,1917.0,1902.0,7.0,17.0,4.0,0.0,1.0,0.0,3,synthetic_train,
614.0,1.0,2.0,1.0,2.0,0.0,45.0,0.9,188.0,2.0,9.0,988.0,1496.0,431.0,17.0,15.0,7.0,1.0,0.0,1.0,0,synthetic_train,
1993.0,0.0,1.7,1.0,3.0,0.0,50.0,0.9,158.0,6.0,0.0,207.0,1824.0,3242.0,6.0,16.0,7.0,1.0,0.0,1.0,3,synthetic_train,
1174.0,1.0,2.0,1.0,2.0,0.0,47.0,0.7,93.0,8.0,15.0,243.0,928.0,1578.0,15.0,5.0,3.0,1.0,1.0,0.0,1,synthetic_train,
1658.0,0.0,0.9,0.0,19.0,1.0,26.0,1.0,93.0,7.0,13.0,1187.0,826.0,2162.0,6.0,8.0,14.0,1.0,0.0,1.0,2,synthetic_train,
1136.0,0.0,1.0,1.0,17.0,0.0,58.0,0.1,163.0,5.0,15.0,1691.0,1464.0,1938.0,5.0,4.0,7.0,0.0,0.0,0.0,1,synthetic_train,
966.0,0.0,1.2,1.0,16.0,0.0,12.0,0.9,141.0,5.0,3.0,1170.0,730.0,1325.0,5.0,6.0,2.0,1.0,1.0,1.0,1,synthetic_train,
1655.0,0.0,2.0,1.0,14.0,0.0,46.0,0.9,96.0,5.0,18.0,197.0,666.0,885.0,17.0,13.0,2.0,0.0,0.0,0.0,0,synthetic_train,
1531.0,0.0,1.6,1.0,6.0,0.0,8.0,0.9,164.0,5.0,3.0,1540.0,817.0,3825.0,13.0,12.0,20.0,0.0,1.0,1.0,3,synthetic_train,
716.0,0.0,1.1,1.0,9.0,0.0,50.0,0.5,194.0,7.0,11.0,900.0,906.0,703.0,15.0,0.0,4.0,0.0,0.0,1.0,0,synthetic_train,
1558.0,0.0,2.7,0.0,16.0,1.0,7.0,0.8,87.0,1.0,11.0,146.0,644.0,3789.0,7.0,14.0,19.0,1.0,0.0,0.0,3,synthetic_train,
1629.0,1.0,1.4,1.0,16.0,0.0,15.0,0.3,179.0,2.0,4.0,721.0,1592.0,679.0,18.0,3.0,5.0,0.0,0.0,0.0,0,synthetic_train,
1081.0,1.0,1.6,1.0,10.0,1.0,26.0,0.6,121.0,1.0,7.0,397.0,1373.0,613.0,17.0,3.0,3.0,1.0,0.0,1.0,0,synthetic_train,
1888.0,1.0,1.5,1.0,16.0,1.0,45.0,0.4,128.0,7.0,1.0,1934.0,800.0,3636.0,12.0,10.0,12.0,0.0,1.0,1.0,3,synthetic_train,
1461.0,1.0,1.0,0.0,6.0,0.0,4.0,0.6,166.0,6.0,9.0,1783.0,923.0,3797.0,18.0,4.0,18.0,1.0,0.0,0.0,3,synthetic_train,
1000.0,0.0,2.3,1.0,8.0,1.0,18.0,0.7,109.0,1.0,14.0,208.0,1893.0,3607.0,7.0,18.0,3.0,0.0,1.0,1.0,2,synthetic_train,
516.0,0.0,1.6,1.0,16.0,0.0,23.0,0.4,99.0,1.0,6.0,1122.0,1868.0,3158.0,9.0,2.0,8.0,1.0,0.0,0.0,2,synthetic_train,
1512.0,0.0,0.5,0.0,7.0,1.0,48.0,0.3,196.0,3.0,11.0,13.0,684.0,2099.0,5.0,2.0,16.0,1.0,1.0,0.0,2,synthetic_train,
813.0,0.0,2.9,0.0,15.0,0.0,62.0,0.4,122.0,2.0,20.0,897.0,1419.0,655.0,7.0,14.0,3.0,1.0,0.0,0.0,0,synthetic_train,
1634.0,0.0,2.5,0.0,9.0,0.0,40.0,0.7,100.0,5.0,4.0,305.0,984.0,2470.0,17.0,5.0,5.0,0.0,0.0,0.0,2,synthetic_train,
1287.0,1.0,2.3,1.0,5.0,0.0,33.0,0.7,163.0,4.0,6.0,1466.0,1039.0,2199.0,11.0,13.0,7.0,1.0,1.0,0.0,2,synthetic_train,
1200.0,1.0,2.7,0.0,4.0,1.0,23.0,0.8,106.0,3.0,2.0,141.0,1399.0,3009.0,14.0,12.0,17.0,0.0,1.0,0.0,2,synthetic_train,
745.0,1.0,2.8,1.0,12.0,1.0,53.0,0.2,173.0,2.0,11.0,1769.0,1975.0,386.0,18.0,3.0,17.0,0.0,0.0,0.0,1,synthetic_train,
1567.0,0.0,1.3,1.0,9.0,0.0,8.0,0.8,88.0,6.0,4.0,453.0,1373.0,545.0,16.0,11.0,15.0,0.0,1.0,0.0,0,synthetic_train,
748.0,1.0,2.0,0.0,7.0,1.0,10.0,0.7,142.0,7.0,17.0,515.0,1928.0,2460.0,10.0,10.0,14.0,0.0,1.0,0.0,2,synthetic_train,
1126.0,0.0,2.0,0.0,14.0,1.0,14.0,0.1,128.0,6.0,6.0,1736.0,1729.0,3457.0,10.0,1.0,2.0,0.0,0.0,0.0,3,synthetic_train,
1754.0,0.0,1.2,0.0,0.0,1.0,18.0,0.4,195.0,7.0,13.0,1767.0,1667.0,3748.0,6.0,14.0,6.0,1.0,0.0,0.0,3,synthetic_train,
1880.0,0.0,1.1,1.0,1.0,0.0,31.0,0.5,143.0,8.0,3.0,188.0,1684.0,2384.0,17.0,16.0,19.0,1.0,0.0,0.0,2,synthetic_train,
1983.0,1.0,0.8,0.0,19.0,1.0,61.0,0.4,191.0,7.0,6.0,213.0,1686.0,1634.0,19.0,17.0,15.0,0.0,0.0,1.0,1,synthetic_train,
1937.0,0.0,2.1,0.0,13.0,0.0,42.0,0.2,110.0,6.0,3.0,1673.0,882.0,2022.0,12.0,1.0,6.0,0.0,0.0,0.0,2,synthetic_train,
1333.0,0.0,2.5,0.0,10.0,0.0,26.0,0.3,137.0,1.0,11.0,1917.0,1964.0,2159.0,12.0,3.0,15.0,1.0,0.0,0.0,2,synthetic_train,
800.0,0.0,2.4,0.0,0.0,0.0,15.0,0.1,178.0,3.0,0.0,958.0,1876.0,2573.0,17.0,15.0,15.0,0.0,0.0,1.0,1,synthetic_train,
1758.0,0.0,1.3,1.0,11.0,1.0,42.0,0.2,99.0,4.0,1.0,323.0,1400.0,1107.0,10.0,5.0,16.0,1.0,1.0,0.0,0,synthetic_train,
1702.0,0.0,1.0,1.0,8.0,1.0,17.0,0.3,192.0,6.0,10.0,299.0,1566.0,1711.0,11.0,11.0,20.0,1.0,1.0,1.0,2,synthetic_train,
1985.0,0.0,1.6,0.0,11.0,1.0,63.0,0.8,173.0,7.0,11.0,522.0,1819.0,2280.0,18.0,6.0,12.0,1.0,1.0,0.0,2,synthetic_train,
1476.0,0.0,1.9,0.0,0.0,1.0,32.0,0.6,161.0,6.0,6.0,1344.0,728.0,3440.0,10.0,4.0,3.0,0.0,1.0,0.0,3,synthetic_train,
712.0,0.0,2.8,0.0,11.0,0.0,36.0,0.5,109.0,3.0,9.0,189.0,597.0,3260.0,18.0,11.0,17.0,0.0,0.0,0.0,2,synthetic_train,
1254.0,0.0,2.7,1.0,11.0,0.0,58.0,0.7,178.0,7.0,8.0,1257.0,1992.0,3077.0,7.0,3.0,2.0,1.0,1.0,1.0,3,synthetic_train,
1172.0,0.0,2.8,0.0,5.0,1.0,21.0,0.6,181.0,6.0,15.0,1576.0,1330.0,1061.0,12.0,2.0,14.0,1.0,0.0,0.0,1,synthetic_train,
1764.0,1.0,2.6,1.0,1.0,1.0,31.0,0.2,115.0,7.0,9.0,281.0,1582.0,1777.0,12.0,10.0,17.0,0.0,0.0,0.0,1,synthetic_train,
1088.0,0.0,2.9,1.0,19.0,0.0,35.0,0.3,151.0,5.0,17.0,1930.0,1253.0,2327.0,9.0,3.0,4.0,1.0,1.0,1.0,2,synthetic_train,
992.0,1.0,1.7,0.0,14.0,0.0,19.0,0.3,87.0,6.0,4.0,1936.0,1275.0,3878.0,19.0,3.0,17.0,1.0,0.0,1.0,3,synthetic_train,
620.0,1.0,0.6,0.0,12.0,1.0,5.0,0.6,127.0,3.0,4.0,582.0,556.0,1583.0,12.0,14.0,17.0,1.0,0.0,1.0,1,synthetic_train,
1753.0,0.0,0.7,0.0,15.0,0.0,19.0,0.5,98.0,4.0,8.0,219.0,933.0,3693.0,18.0,10.0,14.0,1.0,1.0,0.0,3,synthetic_train,
1632.0,0.0,1.5,1.0,13.0,1.0,9.0,0.4,147.0,3.0,1.0,638.0,630.0,3055.0,8.0,10.0,8.0,1.0,1.0,0.0,2,synthetic_train,
561.0,0.0,1.1,0.0,2.0,1.0,44.0,0.6,146.0,3.0,14.0,506.0,1148.0,2628.0,10.0,2.0,5.0,0.0,1.0,1.0,1,synthetic_train,
1150.0,0.0,0.9,0.0,9.0,0.0,2.0,1.0,144.0,6.0,8.0,547.0,532.0,2883.0,12.0,3.0,15.0,0.0,1.0,1.0,2,synthetic_train,
1219.0,0.0,2.9,0.0,17.0,0.0,21.0,0.4,161.0,4.0,7.0,1813.0,1703.0,3224.0,13.0,7.0,4.0,1.0,1.0,1.0,3,synthetic_train,
1203.0,0.0,1.0,0.0,5.0,1.0,57.0,0.6,191.0,2.0,11.0,303.0,940.0,2871.0,8.0,7.0,14.0,1.0,0.0,0.0,2,synthetic_train,
1878.0,0.0,2.9,0.0,19.0,0.0,37.0,0.5,103.0,1.0,1.0,621.0,1610.0,2773.0,9.0,8.0,5.0,0.0,0.0,1.0,3,synthetic_train,
726.0,0.0,2.4,1.0,1.0,0.0,44.0,0.7,105.0,7.0,7.0,1544.0,580.0,1670.0,14.0,2.0,8.0,0.0,1.0,1.0,1,synthetic_train,
959.0,1.0,2.1,0.0,6.0,0.0,44.0,0.8,106.0,4.0,20.0,112.0,549.0,1857.0,9.0,17.0,11.0,0.0,1.0,0.0,0,synthetic_train,
771.0,0.0,2.2,0.0,7.0,1.0,20.0,0.8,192.0,5.0,13.0,119.0,1134.0,2499.0,16.0,6.0,5.0,1.0,1.0,1.0,1,synthetic_train,
866.0,1.0,1.3,0.0,12.0,1.0,41.0,0.3,91.0,8.0,12.0,591.0,1681.0,3413.0,12.0,15.0,17.0,1.0,0.0,0.0,2,synthetic_train,
1860.0,0.0,2.1,1.0,3.0,0.0,15.0,0.5,83.0,1.0,10.0,1897.0,1718.0,2693.0,19.0,7.0,15.0,0.0,1.0,0.0,3,synthetic_train,
1911.0,1.0,1.0,0.0,4.0,1.0,42.0,0.8,99.0,8.0,9.0,1646.0,1316.0,3953.0,8.0,8.0,2.0,0.0,1.0,1.0,3,synthetic_train,
566.0,0.0,2.8,0.0,13.0,0.0,45.0,0.4,173.0,6.0,19.0,1818.0,1420.0,2804.0,17.0,2.0,18.0,0.0,0.0,0.0,1,synthetic_train,
1448.0,1.0,1.3,0.0,5.0,0.0,57.0,1.0,150.0,6.0,19.0,1694.0,1532.0,1781.0,12.0,12.0,15.0,0.0,0.0,0.0,2,synthetic_train,
849.0,1.0,1.1,1.0,17.0,0.0,59.0,0.4,191.0,4.0,8.0,232.0,1510.0,2409.0,6.0,1.0,17.0,0.0,1.0,1.0,1,synthetic_train,
788.0,0.0,2.3,1.0,17.0,0.0,3.0,0.5,104.0,6.0,19.0,786.0,1611.0,2589.0,15.0,14.0,13.0,0.0,0.0,0.0,2,synthetic_train,
938.0,1.0,2.1,1.0,6.0,1.0,20.0,0.5,127.0,2.0,1.0,1038.0,547.0,3500.0,8.0,16.0,13.0,0.0,0.0,0.0,2,synthetic_train,
791.0,0.0,1.6,1.0,11.0,1.0,36.0,0.5,147.0,3.0,6.0,326.0,1142.0,1213.0,7.0,6.0,9.0,1.0,1.0,0.0,0,synthetic_train,
1235.0,0.0,2.1,1.0,6.0,0.0,22.0,0.9,88.0,8.0,6.0,1946.0,1758.0,1187.0,12.0,16.0,6.0,1.0,1.0,0.0,2,synthetic_train,
1993.0,1.0,0.9,0.0,6.0,1.0,40.0,0.2,191.0,3.0,14.0,1182.0,1159.0,1011.0,16.0,13.0,6.0,0.0,1.0,1.0,1,synthetic_train,
1379.0,1.0,2.2,0.0,13.0,1.0,55.0,0.6,177.0,6.0,12.0,1671.0,719.0,464.0,8.0,0.0,8.0,1.0,1.0,1.0,0,synthetic_train,
1584.0,0.0,1.2,0.0,5.0,1.0,18.0,0.7,97.0,8.0,9.0,507.0,1497.0,2782.0,14.0,3.0,7.0,1.0,1.0,1.0,2,synthetic_train,
1239.0,1.0,1.2,1.0,2.0,0.0,58.0,0.9,181.0,5.0,5.0,1402.0,953.0,3858.0,5.0,12.0,16.0,0.0,0.0,1.0,3,synthetic_train,
520.0,1.0,0.9,1.0,5.0,0.0,57.0,0.6,134.0,3.0,10.0,207.0,1266.0,2553.0,7.0,13.0,11.0,0.0,0.0,1.0,2,synthetic_train,
626.0,1.0,1.3,1.0,18.0,0.0,59.0,1.0,120.0,7.0,5.0,44.0,1274.0,483.0,16.0,1.0,9.0,0.0,1.0,0.0,0,synthetic_train,
903.0,0.0,1.3,1.0,5.0,0.0,6.0,0.9,194.0,7.0,10.0,1256.0,1543.0,1620.0,5.0,13.0,15.0,1.0,0.0,1.0,0,synthetic_train,
865.0,1.0,1.6,0.0,7.0,0.0,20.0,0.4,142.0,5.0,7.0,134.0,1894.0,3635.0,10.0,15.0,15.0,1.0,1.0,1.0,3,synthetic_train,
1760.0,0.0,1.0,0.0,12.0,0.0,9.0,0.9,107.0,1.0,18.0,541.0,1539.0,449.0,12.0,1.0,19.0,1.0,1.0,1.0,0,synthetic_train,
1765.0,1.0,1.0,0.0,2.0,0.0,9.0,1.0,177.0,4.0,15.0,1557.0,1996.0,2547.0,5.0,16.0,7.0,0.0,1.0,0.0,3,synthetic_train,
1781.0,1.0,1.9,1.0,5.0,1.0,5.0,0.3,166.0,4.0,3.0,975.0,528.0,1905.0,19.0,10.0,6.0,0.0,0.0,1.0,1,synthetic_train,
1456.0,1.0,0.8,1.0,3.0,1.0,29.0,0.6,103.0,2.0,19.0,738.0,1673.0,3694.0,12.0,11.0,2.0,0.0,1.0,0.0,3,synthetic_train,
1334.0,1.0,2.2,0.0,18.0,1.0,7.0,0.4,161.0,4.0,13.0,569.0,1125.0,2176.0,10.0,0.0,5.0,0.0,1.0,0.0,1,synthetic_train,
1473.0,1.0,2.9,0.0,18.0,0.0,20.0,0.7,156.0,2.0,7.0,1310.0,1593.0,2370.0,19.0,11.0,13.0,0.0,1.0,1.0,2,synthetic_train,
1110.0,0.0,1.6,1.0,15.0,1.0,63.0,0.2,113.0,6.0,11.0,1871.0,627.0,2959.0,13.0,8.0,17.0,0.0,1.0,1.0,3,synthetic_train,
1505.0,0.0,2.8,1.0,4.0,1.0,57.0,0.8,132.0,4.0,4.0,1449.0,1290.0,3329.0,15.0,7.0,13.0,1.0,0.0,1.0,3,synthetic_train,
1691.0,1.0,0.7,1.0,12.0,1.0,61.0,0.5,181.0,6.0,0.0,703.0,544.0,2185.0,6.0,14.0,20.0,0.0,1.0,0.0,2,synthetic_train,
1644.0,0.0,0.6,1.0,13.0,1.0,4.0,0.6,101.0,4.0,8.0,827.0,1497.0,2955.0,7.0,4.0,13.0,1.0,1.0,1.0,3,synthetic_train,
1420.0,1.0,2.3,0.0,17.0,1.0,43.0,0.1,167.0,6.0,16.0,202.0,824.0,3270.0,5.0,1.0,18.0,0.0,0.0,1.0,3,synthetic_train,
587.0,0.0,2.4,0.0,3.0,1.0,41.0,0.7,180.0,6.0,7.0,281.0,716.0,2221.0,12.0,9.0,7.0,0.0,1.0,1.0,1,synthetic_train,
1587.0,1.0,2.6,1.0,14.0,1.0,10.0,0.5,193.0,2.0,8.0,525.0,618.0,2936.0,17.0,14.0,8.0,0.0,1.0,0.0,3,synthetic_train,
1049.0,0.0,0.6,1.0,3.0,1.0,59.0,0.7,119.0,4.0,20.0,758.0,903.0,1615.0,18.0,2.0,17.0,1.0,1.0,1.0,0,synthetic_train,
1615.0,0.0,2.4,1.0,11.0,1.0,27.0,0.4,112.0,6.0,20.0,1941.0,1938.0,1584.0,13.0,18.0,14.0,1.0,0.0,0.0,2,synthetic_train,
1309.0,0.0,1.4,1.0,17.0,1.0,63.0,0.2,193.0,5.0,9.0,1708.0,1975.0,266.0,5.0,12.0,11.0,1.0,1.0,1.0,0,synthetic_train,
1821.0,0.0,1.3,1.0,1.0,0.0,9.0,0.5,135.0,2.0,0.0,221.0,620.0,2761.0,14.0,17.0,20.0,1.0,0.0,1.0,3,synthetic_train,
1007.0,0.0,0.9,0.0,2.0,1.0,42.0,0.9,148.0,7.0,14.0,649.0,1968.0,1195.0,14.0,8.0,16.0,1.0,0.0,1.0,0,synthetic_train,
1897.0,0.0,3.0,0.0,16.0,0.0,10.0,0.3,142.0,2.0,15.0,110.0,1380.0,3302.0,13.0,2.0,7.0,1.0,1.0,0.0,3,synthetic_train,
1766.0,1.0,0.7,1.0,0.0,1.0,61.0,0.7,142.0,8.0,19.0,122.0,984.0,3818.0,15.0,3.0,13.0,1.0,0.0,0.0,3,synthetic_train,
996.0,1.0,2.6,1.0,13.0,1.0,40.0,0.1,155.0,6.0,19.0,734.0,1912.0,3534.0,13.0,9.0,9.0,1.0,0.0,0.0,3,synthetic_train,
1223.0,1.0,2.1,0.0,10.0,1.0,6.0,0.7,131.0,3.0,13.0,1880.0,861.0,1287.0,15.0,11.0,9.0,1.0,0.0,1.0,0,synthetic_train,
1297.0,1.0,2.3,1.0,6.0,0.0,15.0,0.3,127.0,2.0,2.0,363.0,772.0,2695.0,12.0,13.0,17.0,0.0,1.0,1.0,2,synthetic_train,
1652.0,1.0,2.3,0.0,17.0,1.0,24.0,0.5,128.0,8.0,5.0,1334.0,844.0,3070.0,7.0,15.0,14.0,1.0,1.0,0.0,3,synthetic_train,
1533.0,1.0,2.6,0.0,16.0,0.0,2.0,0.4,159.0,5.0,15.0,769.0,718.0,2150.0,6.0,14.0,2.0,1.0,1.0,1.0,2,synthetic_train,
1778.0,0.0,1.0,1.0,6.0,0.0,2.0,0.2,178.0,7.0,12.0,1060.0,1226.0,2159.0,18.0,11.0,12.0,1.0,0.0,1.0,2,synthetic_train,
1054.0,1.0,0.5,1.0,0.0,0.0,60.0,0.4,147.0,7.0,9.0,1704.0,710.0,1895.0,11.0,0.0,14.0,0.0,0.0,1.0,1,synthetic_train,
1257.0,0.0,2.0,0.0,2.0,1.0,63.0,0.4,161.0,1.0,8.0,1625.0,835.0,1410.0,9.0,10.0,11.0,0.0,0.0,0.0,1,synthetic_train,
1146.0,0.0,1.4,0.0,2.0,0.0,35.0,0.6,129.0,6.0,14.0,1624.0,1056.0,2401.0,9.0,15.0,7.0,0.0,1.0,0.0,2,synthetic_train,
1864.0,1.0,0.8,1.0,19.0,0.0,58.0,1.0,173.0,3.0,8.0,806.0,1472.0,3965.0,5.0,16.0,14.0,1.0,0.0,0.0,3,synthetic_train,
957.0,0.0,1.0,1.0,11.0,1.0,43.0,0.5,127.0,8.0,3.0,95.0,1786.0,1075.0,19.0,15.0,20.0,0.0,0.0,0.0,0,synthetic_train,
1380.0,1.0,1.3,0.0,13.0,1.0,3.0,0.9,130.0,2.0,20.0,1931.0,612.0,431.0,6.0,0.0,3.0,1.0,1.0,1.0,0,synthetic_train,
680.0,1.0,0.7,1.0,4.0,0.0,47.0,0.5,86.0,1.0,7.0,1949.0,1445.0,466.0,8.0,8.0,13.0,0.0,1.0,0.0,0,synthetic_train,
1775.0,1.0,0.6,0.0,17.0,1.0,3.0,0.2,111.0,6.0,5.0,1681.0,655.0,2434.0,11.0,11.0,19.0,0.0,0.0,1.0,2,synthetic_train,
1076.0,1.0,2.8,1.0,14.0,0.0,53.0,0.3,169.0,5.0,1.0,935.0,1985.0,1266.0,10.0,4.0,9.0,1.0,1.0,0.0,0,synthetic_train,
1010.0,1.0,1.3,0.0,15.0,1.0,25.0,0.5,90.0,5.0,9.0,550.0,915.0,1983.0,5.0,7.0,8.0,0.0,0.0,0.0,1,synthetic_train,
1374.0,0.0,3.0,1.0,9.0,0.0,10.0,0.4,107.0,3.0,20.0,342.0,1784.0,3814.0,9.0,1.0,6.0,0.0,0.0,1.0,3,synthetic_train,
1248.0,1.0,2.9,1.0,13.0,1.0,18.0,0.9,173.0,4.0,3.0,727.0,1665.0,542.0,16.0,3.0,6.0,0.0,0.0,0.0,0,synthetic_train,
1771.0,0.0,0.9,1.0,10.0,1.0,45.0,0.7,185.0,8.0,5.0,655.0,986.0,909.0,8.0,0.0,9.0,0.0,1.0,0.0,0,synthetic_train,
1297.0,0.0,2.3,1.0,7.0,1.0,55.0,0.6,130.0,7.0,3.0,540.0,984.0,1057.0,17.0,18.0,16.0,0.0,0.0,1.0,0,synthetic_train,
1275.0,0.0,2.0,1.0,11.0,1.0,37.0,0.5,129.0,8.0,1.0,1863.0,975.0,1966.0,10.0,16.0,5.0,1.0,0.0,0.0,1,synthetic_train,
657.0,0.0,2.2,1.0,6.0,1.0,12.0,0.5,141.0,3.0,12.0,1292.0,1205.0,2854.0,5.0,7.0,6.0,0.0,0.0,1.0,2,synthetic_train,
532.0,1.0,0.7,1.0,19.0,0.0,58.0,0.7,173.0,7.0,6.0,437.0,1162.0,942.0,6.0,0.0,20.0,1.0,1.0,0.0,0,synthetic_train,
1097.0,0.0,1.0,1.0,14.0,0.0,51.0,0.2,136.0,4.0,15.0,1253.0,1484.0,661.0,17.0,6.0,20.0,0.0,0.0,0.0,0,synthetic_train,
1997.0,1.0,0.7,1.0,14.0,0.0,27.0,0.2,100.0,8.0,8.0,1382.0,1196.0,577.0,11.0,8.0,6.0,0.0,1.0,0.0,0,synthetic_train,
1876.0,1.0,2.0,1.0,14.0,0.0,36.0,0.4,132.0,7.0,13.0,1024.0,1682.0,3254.0,19.0,3.0,9.0,0.0,1.0,0.0,3,synthetic_train,
1443.0,1.0,3.0,1.0,8.0,1.0,62.0,0.3,110.0,2.0,1.0,1856.0,1199.0,366.0,16.0,12.0,9.0,0.0,1.0,0.0,0,synthetic_train,
1446.0,1.0,2.2,1.0,19.0,0.0,25.0,0.7,162.0,8.0,6.0,1894.0,960.0,2595.0,5.0,18.0,7.0,1.0,0.0,0.0,2,synthetic_train,
1087.0,0.0,2.3,0.0,4.0,1.0,3.0,0.1,97.0,5.0,8.0,847.0,989.0,2420.0,9.0,16.0,4.0,1.0,0.0,0.0,2,synthetic_train,
766.0,0.0,3.0,1.0,11.0,0.0,11.0,0.2,153.0,7.0,1.0,926.0,1595.0,633.0,15.0,16.0,3.0,0.0,0.0,0.0,0,synthetic_train,
512.0,1.0,2.2,0.0,1.0,0.0,39.0,0.9,95.0,5.0,8.0,425.0,710.0,2324.0,5.0,15.0,13.0,0.0,1.0,1.0,1,synthetic_train,
1008.0,1.0,0.6,1.0,5.0,1.0,64.0,1.0,197.0,2.0,9.0,1536.0,928.0,1329.0,19.0,1.0,2.0,0.0,1.0,0.0,1,synthetic_train,
974.0,1.0,2.7,0.0,11.0,1.0,48.0,0.5,157.0,8.0,8.0,1825.0,967.0,2183.0,7.0,10.0,13.0,1.0,1.0,0.0,1,synthetic_train,
787.0,0.0,1.4,1.0,9.0,1.0,40.0,0.5,96.0,1.0,10.0,1290.0,1466.0,769.0,16.0,10.0,3.0,0.0,0.0,1.0,0,synthetic_train,
888.0,0.0,0.5,0.0,18.0,0.0,22.0,0.8,196.0,7.0,16.0,394.0,693.0,2755.0,17.0,1.0,4.0,1.0,1.0,1.0,2,synthetic_train,
537.0,0.0,1.8,1.0,12.0,1.0,29.0,0.1,149.0,2.0,16.0,1016.0,1175.0,3241.0,12.0,2.0,2.0,0.0,0.0,1.0,2,synthetic_train,
1411.0,0.0,2.8,1.0,8.0,1.0,4.0,0.5,153.0,7.0,0.0,1558.0,1511.0,267.0,17.0,10.0,9.0,0.0,0.0,0.0,0,synthetic_train,
1891.0,0.0,1.1,0.0,8.0,0.0,25.0,0.2,87.0,4.0,13.0,82.0,1889.0,2250.0,18.0,13.0,8.0,0.0,0.0,0.0,1,synthetic_train,
1536.0,1.0,1.7,1.0,12.0,1.0,41.0,0.5,102.0,2.0,18.0,1157.0,1156.0,2679.0,16.0,3.0,8.0,0.0,0.0,1.0,2,synthetic_train,
1172.0,0.0,0.9,0.0,15.0,1.0,59.0,1.0,177.0,2.0,18.0,1289.0,1972.0,266.0,15.0,9.0,7.0,1.0,0.0,0.0,0,synthetic_train,
1130.0,1.0,0.6,1.0,5.0,0.0,60.0,0.8,136.0,3.0,6.0,1052.0,1410.0,2966.0,10.0,1.0,19.0,1.0,0.0,1.0,3,synthetic_train,
961.0,1.0,0.7,1.0,11.0,0.0,53.0,1.0,154.0,8.0,16.0,1260.0,1660.0,2288.0,9.0,2.0,10.0,0.0,1.0,0.0,1,synthetic_train,
713.0,1.0,2.3,0.0,11.0,0.0,3.0,0.8,199.0,7.0,16.0,1756.0,864.0,1402.0,18.0,11.0,17.0,1.0,0.0,1.0,0,synthetic_train,
1397.0,0.0,2.7,0.0,0.0,1.0,53.0,0.6,131.0,6.0,7.0,244.0,1872.0,2063.0,8.0,10.0,6.0,0.0,1.0,1.0,2,synthetic_train,
1349.0,0.0,0.9,0.0,18.0,1.0,15.0,0.8,126.0,6.0,18.0,1119.0,888.0,2809.0,11.0,14.0,11.0,1.0,1.0,0.0,2,synthetic_train,
510.0,1.0,1.2,0.0,11.0,1.0,40.0,0.7,177.0,4.0,13.0,1560.0,704.0,2663.0,12.0,17.0,3.0,1.0,0.0,0.0,2,synthetic_train,
1123.0,0.0,1.0,0.0,4.0,1.0,61.0,0.5,87.0,8.0,15.0,1611.0,618.0,3163.0,10.0,3.0,6.0,1.0,1.0,0.0,2,synthetic_train,
917.0,1.0,0.6,1.0,12.0,0.0,57.0,0.4,135.0,3.0,15.0,915.0,1481.0,386.0,10.0,6.0,3.0,1.0,1.0,0.0,0,synthetic_train,
755.0,1.0,1.9,1.0,13.0,1.0,43.0,0.6,183.0,8.0,16.0,1955.0,1441.0,3203.0,13.0,16.0,2.0,0.0,0.0,0.0,2,synthetic_train,
1554.0,0.0,2.2,0.0,18.0,0.0,20.0,0.3,107.0,4.0,20.0,635.0,797.0,388.0,9.0,0.0,5.0,0.0,1.0,1.0,0,synthetic_train,
1288.0,1.0,2.1,0.0,0.0,1.0,34.0,0.5,116.0,3.0,18.0,864.0,1817.0,2689.0,19.0,15.0,5.0,1.0,1.0,1.0,2,synthetic_train,
1450.0,0.0,1.5,0.0,8.0,0.0,46.0,0.2,137.0,4.0,8.0,1615.0,915.0,1563.0,7.0,17.0,8.0,0.0,0.0,0.0,1,synthetic_train,
1570.0,0.0,1.9,1.0,3.0,0.0,34.0,0.6,88.0,6.0,11.0,861.0,1414.0,494.0,10.0,1.0,16.0,1.0,1.0,1.0,0,synthetic_train,
1972.0,1.0,0.7,0.0,11.0,0.0,27.0,0.3,88.0,6.0,13.0,673.0,1283.0,2833.0,17.0,2.0,4.0,1.0,1.0,1.0,2,synthetic_train,
1704.0,1.0,0.9,0.0,10.0,0.0,27.0,0.4,110.0,7.0,17.0,1089.0,1387.0,2324.0,12.0,13.0,13.0,0.0,1.0,0.0,3,synthetic_train,
1430.0,0.0,2.8,0.0,9.0,0.0,39.0,0.5,188.0,1.0,8.0,1219.0,1612.0,2750.0,15.0,9.0,8.0,0.0,1.0,1.0,2,synthetic_train,
1818.0,1.0,2.4,0.0,19.0,1.0,4.0,0.2,106.0,2.0,6.0,1902.0,1890.0,1663.0,14.0,18.0,9.0,1.0,0.0,1.0,2,synthetic_train,
1216.0,1.0,2.8,1.0,10.0,0.0,64.0,1.0,168.0,7.0,15.0,1211.0,1581.0,1297.0,9.0,10.0,19.0,0.0,1.0,0.0,1,synthetic_train,
1977.0,1.0,2.8,0.0,8.0,1.0,8.0,0.5,131.0,8.0,20.0,363.0,1859.0,2594.0,16.0,12.0,10.0,1.0,0.0,1.0,2,synthetic_train,
1642.0,0.0,2.1,1.0,1.0,0.0,64.0,0.4,171.0,2.0,19.0,103.0,1803.0,1064.0,8.0,4.0,6.0,1.0,1.0,0.0,0,synthetic_train,
1476.0,0.0,2.8,1.0,5.0,1.0,4.0,0.1,119.0,8.0,3.0,1896.0,1038.0,3295.0,16.0,6.0,6.0,0.0,1.0,0.0,3,synthetic_train,
1854.0,1.0,1.5,1.0,17.0,0.0,34.0,0.9,185.0,3.0,19.0,829.0,1338.0,2812.0,6.0,3.0,5.0,1.0,0.0,1.0,3,synthetic_train,
1272.0,1.0,0.5,0.0,9.0,0.0,28.0,0.7,124.0,8.0,16.0,395.0,796.0,3998.0,15.0,2.0,17.0,0.0,1.0,0.0,3,synthetic_train,
1581.0,1.0,0.7,1.0,18.0,0.0,38.0,0.5,175.0,8.0,3.0,436.0,1888.0,357.0,6.0,2.0,14.0,1.0,1.0,0.0,0,synthetic_train,
927.0,0.0,0.8,0.0,10.0,1.0,29.0,0.3,180.0,6.0,0.0,208.0,1949.0,2447.0,18.0,16.0,7.0,1.0,1.0,1.0,2,synthetic_train,
1944.0,0.0,0.7,1.0,10.0,1.0,58.0,0.8,132.0,2.0,4.0,391.0,1830.0,2340.0,14.0,1.0,11.0,0.0,0.0,0.0,3,synthetic_train,
1435.0,1.0,1.4,1.0,8.0,0.0,3.0,1.0,160.0,7.0,19.0,1530.0,1613.0,3465.0,5.0,9.0,11.0,1.0,0.0,0.0,3,synthetic_train,
1673.0,0.0,2.3,0.0,11.0,0.0,64.0,0.4,94.0,1.0,15.0,1284.0,1772.0,1843.0,6.0,9.0,2.0,1.0,1.0,1.0,2,synthetic_train,
1191.0,0.0,2.5,1.0,1.0,1.0,45.0,0.2,140.0,3.0,12.0,1176.0,1690.0,3761.0,7.0,1.0,19.0,1.0,1.0,0.0,3,synthetic_train,
1800.0,1.0,2.0,1.0,1.0,1.0,51.0,0.2,125.0,6.0,13.0,22.0,844.0,1150.0,19.0,15.0,16.0,1.0,0.0,1.0,0,synthetic_train,
611.0,1.0,0.9,1.0,9.0,0.0,10.0,0.1,195.0,1.0,8.0,1318.0,895.0,3453.0,13.0,9.0,12.0,0.0,1.0,1.0,2,synthetic_train,
671.0,0.0,2.4,0.0,11.0,0.0,6.0,0.8,193.0,4.0,19.0,1900.0,1296.0,2203.0,9.0,2.0,15.0,1.0,0.0,1.0,2,synthetic_train,
1260.0,0.0,1.4,1.0,11.0,1.0,27.0,1.0,174.0,7.0,3.0,1810.0,1130.0,3789.0,9.0,2.0,4.0,1.0,1.0,0.0,3,synthetic_train,
1598.0,0.0,0.5,0.0,8.0,0.0,22.0,1.0,194.0,1.0,6.0,775.0,1603.0,1068.0,5.0,13.0,20.0,0.0,0.0,0.0,1,synthetic_train,
1713.0,1.0,1.2,0.0,5.0,0.0,51.0,0.8,198.0,3.0,4.0,1177.0,1603.0,1229.0,8.0,11.0,14.0,1.0,1.0,1.0,2,synthetic_train,
1160.0,0.0,1.3,1.0,14.0,0.0,58.0,0.2,172.0,1.0,17.0,585.0,1963.0,2368.0,17.0,7.0,19.0,0.0,1.0,0.0,1,synthetic_train,
1474.0,1.0,1.2,0.0,12.0,0.0,28.0,1.0,151.0,6.0,11.0,1742.0,1681.0,2321.0,13.0,7.0,18.0,1.0,1.0,0.0,2,synthetic_train,
1329.0,0.0,2.5,1.0,0.0,1.0,50.0,0.4,104.0,1.0,14.0,1804.0,517.0,813.0,10.0,0.0,13.0,0.0,1.0,0.0,1,synthetic_train,
1942.0,1.0,2.4,0.0,9.0,0.0,5.0,0.4,178.0,3.0,19.0,437.0,1010.0,2694.0,5.0,0.0,7.0,0.0,0.0,0.0,2,synthetic_train,
1481.0,1.0,2.2,0.0,14.0,0.0,48.0,0.7,103.0,5.0,4.0,954.0,990.0,1774.0,10.0,10.0,15.0,1.0,1.0,0.0,2,synthetic_train,
1125.0,1.0,0.8,0.0,15.0,0.0,8.0,0.1,102.0,2.0,20.0,463.0,1449.0,822.0,10.0,6.0,11.0,0.0,0.0,0.0,0,synthetic_train,
1954.0,1.0,2.5,1.0,5.0,1.0,44.0,0.8,186.0,2.0,2.0,1204.0,1013.0,2166.0,6.0,4.0,9.0,0.0,0.0,1.0,2,synthetic_train,
660.0,1.0,2.2,1.0,18.0,0.0,26.0,1.0,93.0,7.0,15.0,574.0,1966.0,2867.0,14.0,7.0,15.0,1.0,0.0,1.0,1,synthetic_train,
1976.0,0.0,1.0,0.0,13.0,0.0,28.0,0.8,97.0,7.0,14.0,1364.0,932.0,374.0,14.0,11.0,18.0,0.0,0.0,0.0,0,synthetic_train,
731.0,1.0,2.1,1.0,8.0,0.0,19.0,0.8,141.0,1.0,17.0,1924.0,1155.0,3700.0,19.0,5.0,5.0,1.0,1.0,0.0,3,synthetic_train,
932.0,1.0,1.7,0.0,12.0,1.0,27.0,0.5,150.0,7.0,3.0,1708.0,1725.0,2541.0,10.0,6.0,12.0,0.0,0.0,0.0,2,synthetic_train,
1732.0,1.0,1.6,1.0,17.0,1.0,57.0,0.2,85.0,4.0,20.0,357.0,1050.0,1230.0,9.0,5.0,16.0,0.0,0.0,0.0,0,synthetic_train,
1600.0,0.0,0.8,0.0,4.0,0.0,52.0,0.8,125.0,2.0,16.0,254.0,567.0,3064.0,17.0,12.0,8.0,0.0,0.0,0.0,3,synthetic_train,
1955.0,1.0,1.8,1.0,3.0,0.0,23.0,0.6,107.0,8.0,2.0,1597.0,998.0,3413.0,10.0,1.0,8.0,1.0,0.0,1.0,3,synthetic_train,
1624.0,0.0,0.7,0.0,8.0,0.0,20.0,0.9,116.0,3.0,11.0,160.0,1038.0,3834.0,14.0,17.0,2.0,1.0,0.0,0.0,3,synthetic_train,
1455.0,1.0,0.9,0.0,1.0,0.0,34.0,0.2,101.0,3.0,17.0,784.0,1417.0,3214.0,16.0,10.0,8.0,0.0,0.0,0.0,3,synthetic_train,
1019.0,1.0,0.8,1.0,16.0,1.0,45.0,0.4,161.0,2.0,10.0,1948.0,1566.0,1016.0,18.0,4.0,13.0,0.0,1.0,0.0,0,synthetic_train,
507.0,0.0,2.9,1.0,19.0,1.0,13.0,0.4,137.0,8.0,7.0,878.0,1322.0,868.0,9.0,14.0,20.0,0.0,1.0,0.0,0,synthetic_train,
685.0,1.0,1.2,0.0,12.0,0.0,47.0,0.7,196.0,3.0,5.0,17.0,1109.0,1037.0,14.0,17.0,11.0,0.0,1.0,1.0,0,synthetic_train,
946.0,1.0,1.4,1.0,19.0,0.0,61.0,0.8,81.0,5.0,10.0,1912.0,1253.0,3533.0,6.0,1.0,7.0,1.0,0.0,1.0,3,synthetic_train,
561.0,0.0,1.3,1.0,1.0,0.0,55.0,1.0,174.0,2.0,20.0,1388.0,715.0,1396.0,16.0,3.0,17.0,1.0,0.0,0.0,0,synthetic_train,
1262.0,0.0,2.7,0.0,12.0,1.0,36.0,0.4,190.0,8.0,12.0,648.0,771.0,1492.0,5.0,2.0,5.0,1.0,1.0,0.0,1,synthetic_train,
1666.0,0.0,1.9,0.0,8.0,1.0,22.0,0.5,138.0,7.0,15.0,1198.0,1415.0,3590.0,15.0,1.0,5.0,1.0,0.0,1.0,3,synthetic_train,
1944.0,1.0,2.8,1.0,5.0,0.0,22.0,0.1,164.0,5.0,16.0,1200.0,1797.0,1020.0,8.0,14.0,11.0,1.0,0.0,0.0,1,synthetic_train,
1234.0,1.0,1.2,1.0,6.0,0.0,48.0,0.3,133.0,3.0,16.0,1083.0,1283.0,1778.0,11.0,3.0,17.0,1.0,1.0,0.0,1,synthetic_train,
1812.0,1.0,0.8,1.0,10.0,0.0,30.0,0.4,151.0,6.0,8.0,1884.0,590.0,1365.0,6.0,7.0,6.0,1.0,0.0,0.0,1,synthetic_train,
1978.0,1.0,1.9,1.0,12.0,0.0,8.0,0.6,189.0,4.0,16.0,1541.0,1971.0,1385.0,15.0,15.0,2.0,1.0,1.0,0.0,2,synthetic_train,
1789.0,1.0,1.4,1.0,3.0,0.0,44.0,0.5,144.0,8.0,6.0,507.0,985.0,2485.0,12.0,11.0,15.0,0.0,0.0,1.0,2,synthetic_train,
1197.0,0.0,2.5,1.0,12.0,0.0,10.0,0.4,149.0,6.0,12.0,1946.0,1622.0,3030.0,14.0,12.0,13.0,0.0,1.0,1.0,3,synthetic_train,
987.0,0.0,2.7,1.0,18.0,1.0,64.0,0.7,199.0,1.0,6.0,1887.0,1845.0,1248.0,10.0,1.0,15.0,0.0,1.0,1.0,1,synthetic_train,
1966.0,0.0,1.7,0.0,0.0,0.0,28.0,0.8,140.0,7.0,19.0,91.0,1978.0,398.0,5.0,18.0,9.0,0.0,1.0,1.0,0,synthetic_train,
862.0,0.0,2.9,1.0,17.0,0.0,23.0,0.3,100.0,2.0,15.0,582.0,674.0,2649.0,13.0,1.0,4.0,0.0,1.0,1.0,1,synthetic_train,
1117.0,1.0,1.9,1.0,12.0,1.0,5.0,0.4,162.0,3.0,12.0,1205.0,779.0,2310.0,15.0,13.0,8.0,0.0,0.0,0.0,2,synthetic_train,
611.0,0.0,1.2,0.0,6.0,1.0,12.0,0.7,163.0,4.0,9.0,1722.0,1467.0,2722.0,14.0,12.0,10.0,0.0,1.0,1.0,1,synthetic_train,
1690.0,0.0,1.7,1.0,14.0,1.0,61.0,0.8,108.0,2.0,10.0,1405.0,1641.0,1941.0,8.0,7.0,10.0,1.0,0.0,0.0,2,synthetic_train,
1474.0,0.0,0.6,1.0,12.0,1.0,35.0,0.8,168.0,8.0,16.0,1125.0,1751.0,3163.0,15.0,15.0,18.0,1.0,1.0,1.0,3,synthetic_train,
627.0,0.0,2.5,0.0,15.0,1.0,58.0,0.3,87.0,8.0,5.0,599.0,1326.0,2594.0,13.0,16.0,6.0,1.0,1.0,1.0,2,synthetic_train,
832.0,0.0,0.8,0.0,1.0,0.0,62.0,0.6,118.0,2.0,17.0,189.0,737.0,3091.0,8.0,1.0,7.0,0.0,1.0,1.0,2,synthetic_train,
1333.0,0.0,1.3,0.0,1.0,0.0,5.0,0.9,183.0,3.0,5.0,1750.0,1568.0,2992.0,6.0,18.0,5.0,0.0,1.0,1.0,3,synthetic_train,
1310.0,1.0,1.9,0.0,12.0,0.0,25.0,0.5,154.0,3.0,2.0,1044.0,1501.0,2115.0,9.0,4.0,12.0,0.0,0.0,1.0,2,synthetic_train,
1703.0,0.0,0.6,0.0,6.0,1.0,54.0,0.5,153.0,6.0,15.0,896.0,1200.0,1472.0,5.0,15.0,17.0,1.0,1.0,0.0,1,synthetic_train,
899.0,0.0,0.7,0.0,4.0,1.0,33.0,1.0,155.0,5.0,14.0,1921.0,1455.0,2435.0,15.0,15.0,18.0,1.0,1.0,1.0,2,synthetic_train,
1887.0,0.0,2.2,0.0,8.0,1.0,34.0,0.2,99.0,6.0,7.0,322.0,818.0,2638.0,5.0,10.0,6.0,1.0,0.0,0.0,2,synthetic_train,
1166.0,1.0,0.7,0.0,14.0,1.0,37.0,0.7,196.0,1.0,13.0,498.0,1715.0,2395.0,5.0,16.0,10.0,1.0,1.0,1.0,1,synthetic_train,
1733.0,1.0,1.7,0.0,3.0,0.0,46.0,0.9,116.0,5.0,15.0,1675.0,568.0,2218.0,7.0,15.0,16.0,1.0,1.0,0.0,2,synthetic_train,
857.0,1.0,1.3,1.0,19.0,1.0,61.0,0.2,175.0,2.0,16.0,557.0,1757.0,1539.0,9.0,9.0,2.0,0.0,0.0,0.0,0,synthetic_train,
555.0,1.0,1.1,0.0,8.0,1.0,57.0,0.7,199.0,2.0,20.0,1849.0,1756.0,757.0,5.0,3.0,15.0,0.0,0.0,1.0,0,synthetic_train,
582.0,1.0,1.0,1.0,3.0,1.0,41.0,0.5,109.0,7.0,17.0,1682.0,1530.0,1856.0,14.0,8.0,4.0,0.0,0.0,0.0,1,synthetic_train,
1059.0,1.0,2.4,0.0,1.0,1.0,38.0,0.9,156.0,2.0,9.0,195.0,1721.0,3556.0,6.0,17.0,2.0,0.0,1.0,1.0,3,synthetic_train,
1929.0,0.0,2.9,1.0,17.0,0.0,24.0,0.9,85.0,1.0,4.0,897.0,1868.0,2938.0,17.0,3.0,4.0,0.0,1.0,0.0,3,synthetic_train,
573.0,1.0,0.9,1.0,2.0,1.0,9.0,0.9,156.0,4.0,2.0,1474.0,743.0,3080.0,13.0,18.0,18.0,1.0,0.0,0.0,2,synthetic_train,
1053.0,0.0,2.9,1.0,8.0,0.0,46.0,0.2,133.0,6.0,12.0,960.0,1316.0,3014.0,6.0,3.0,14.0,0.0,1.0,0.0,2,synthetic_train,
663.0,0.0,2.0,0.0,13.0,0.0,2.0,0.8,88.0,5.0,13.0,421.0,1467.0,3705.0,11.0,12.0,16.0,1.0,1.0,0.0,3,synthetic_train,
1897.0,1.0,2.1,1.0,10.0,0.0,45.0,0.9,161.0,2.0,14.0,88.0,1913.0,1102.0,7.0,12.0,15.0,1.0,0.0,0.0,1,synthetic_train,
1512.0,0.0,2.3,0.0,5.0,0.0,33.0,0.7,197.0,7.0,0.0,13.0,1605.0,2952.0,19.0,3.0,17.0,1.0,0.0,0.0,3,synthetic_train,
1644.0,0.0,2.3,0.0,2.0,1.0,51.0,0.6,90.0,4.0,14.0,349.0,1390.0,516.0,13.0,8.0,11.0,0.0,0.0,1.0,0,synthetic_train,
1569.0,1.0,2.5,1.0,14.0,1.0,61.0,0.1,188.0,6.0,16.0,511.0,1335.0,1172.0,17.0,2.0,17.0,1.0,0.0,1.0,0,synthetic_train,
1485.0,0.0,1.7,0.0,9.0,0.0,36.0,0.9,182.0,2.0,15.0,591.0,715.0,366.0,10.0,6.0,3.0,0.0,1.0,0.0,0,synthetic_train,
1660.0,0.0,1.8,0.0,0.0,1.0,38.0,0.1,146.0,8.0,11.0,1676.0,975.0,1867.0,7.0,18.0,13.0,0.0,0.0,1.0,2,synthetic_train,
512.0,1.0,1.3,1.0,3.0,0.0,32.0,0.4,189.0,3.0,0.0,997.0,1149.0,782.0,8.0,1.0,16.0,1.0,1.0,0.0,0,synthetic_train,
1798.0,1.0,0.8,0.0,11.0,0.0,25.0,0.9,117.0,8.0,10.0,276.0,1820.0,1704.0,11.0,16.0,20.0,1.0,1.0,1.0,1,synthetic_train,
1609.0,0.0,2.2,1.0,3.0,1.0,7.0,1.0,167.0,4.0,13.0,163.0,1791.0,759.0,16.0,12.0,8.0,0.0,0.0,1.0,0,synthetic_train,
1609.0,1.0,0.6,0.0,7.0,0.0,3.0,1.0,164.0,6.0,11.0,256.0,1463.0,390.0,11.0,14.0,5.0,0.0,1.0,1.0,0,synthetic_train,
1090.0,1.0,1.2,0.0,2.0,1.0,47.0,0.5,150.0,5.0,12.0,614.0,658.0,2043.0,18.0,5.0,15.0,0.0,0.0,0.0,1,synthetic_train,
1701.0,0.0,0.7,0.0,15.0,1.0,59.0,0.3,180.0,1.0,10.0,1449.0,1579.0,1792.0,10.0,18.0,3.0,0.0,1.0,0.0,2,synthetic_train,
1072.0,0.0,1.0,0.0,12.0,1.0,5.0,0.5,186.0,1.0,11.0,97.0,1187.0,1817.0,8.0,4.0,16.0,0.0,0.0,0.0,0,synthetic_train,
573.0,0.0,2.1,0.0,15.0,0.0,22.0,0.2,175.0,4.0,6.0,796.0,1477.0,1549.0,12.0,9.0,15.0,0.0,1.0,1.0,0,synthetic_train,
1861.0,0.0,2.1,0.0,1.0,1.0,40.0,0.9,151.0,2.0,12.0,877.0,1149.0,1787.0,6.0,0.0,15.0,0.0,0.0,1.0,1,synthetic_train,
851.0,0.0,1.6,0.0,7.0,0.0,46.0,0.6,198.0,5.0,5.0,291.0,1581.0,270.0,15.0,16.0,7.0,0.0,1.0,0.0,0,synthetic_train,
652.0,0.0,0.7,0.0,5.0,1.0,48.0,0.5,147.0,2.0,10.0,114.0,826.0,2045.0,6.0,13.0,4.0,0.0,1.0,0.0,0,synthetic_train,
1432.0,0.0,1.6,0.0,12.0,1.0,45.0,0.2,157.0,5.0,8.0,451.0,717.0,3426.0,14.0,3.0,13.0,0.0,1.0,0.0,2,synthetic_train,
850.0,0.0,1.4,1.0,16.0,0.0,7.0,0.5,102.0,2.0,14.0,297.0,829.0,778.0,10.0,12.0,8.0,1.0,0.0,1.0,0,synthetic_train,
1787.0,0.0,2.3,1.0,4.0,0.0,17.0,0.9,118.0,2.0,18.0,1558.0,1882.0,794.0,10.0,3.0,9.0,1.0,0.0,0.0,1,synthetic_train,
1165.0,0.0,1.9,1.0,15.0,0.0,31.0,0.7,189.0,3.0,13.0,1797.0,613.0,3175.0,14.0,8.0,5.0,0.0,0.0,1.0,3,synthetic_train,
506.0,0.0,1.7,1.0,11.0,0.0,6.0,0.2,140.0,5.0,2.0,1222.0,928.0,2131.0,15.0,9.0,8.0,1.0,1.0,1.0,1,synthetic_train,
1927.0,0.0,1.7,0.0,16.0,0.0,23.0,0.2,141.0,4.0,14.0,1487.0,1013.0,1218.0,18.0,17.0,17.0,1.0,1.0,1.0,1,synthetic_train,
1271.0,1.0,2.9,0.0,1.0,0.0,26.0,0.5,178.0,3.0,6.0,1492.0,1753.0,3193.0,9.0,6.0,18.0,0.0,1.0,0.0,3,synthetic_train,
894.0,0.0,2.4,1.0,19.0,1.0,63.0,0.2,119.0,3.0,1.0,1721.0,1038.0,1472.0,17.0,0.0,8.0,0.0,0.0,1.0,1,synthetic_train,
1515.0,1.0,1.7,0.0,8.0,1.0,21.0,0.9,112.0,3.0,4.0,191.0,1839.0,2518.0,17.0,8.0,4.0,0.0,1.0,0.0,2,synthetic_train,
1295.0,1.0,1.7,1.0,5.0,0.0,63.0,0.7,81.0,4.0,20.0,1955.0,1981.0,2337.0,19.0,17.0,2.0,1.0,0.0,0.0,3,synthetic_train,
544.0,1.0,0.6,0.0,3.0,0.0,46.0,0.2,108.0,7.0,8.0,898.0,1476.0,889.0,19.0,15.0,5.0,0.0,0.0,1.0,0,synthetic_train,
1639.0,1.0,2.9,0.0,19.0,1.0,45.0,0.8,141.0,5.0,4.0,1064.0,1014.0,3081.0,16.0,1.0,2.0,0.0,1.0,1.0,3,synthetic_train,
1102.0,0.0,1.3,1.0,17.0,1.0,53.0,0.4,167.0,4.0,2.0,1563.0,1396.0,2569.0,9.0,1.0,14.0,0.0,0.0,1.0,3,synthetic_train,
1549.0,1.0,1.1,1.0,2.0,1.0,55.0,0.3,119.0,6.0,13.0,968.0,1503.0,1036.0,15.0,14.0,14.0,1.0,0.0,1.0,0,synthetic_train,
1843.0,0.0,3.0,1.0,8.0,1.0,16.0,0.6,133.0,5.0,15.0,521.0,663.0,3091.0,16.0,13.0,16.0,0.0,0.0,0.0,2,synthetic_train,
1415.0,0.0,2.3,0.0,14.0,1.0,28.0,0.1,106.0,8.0,7.0,37.0,1748.0,2578.0,9.0,10.0,8.0,1.0,1.0,1.0,1,synthetic_train,
1507.0,0.0,0.6,0.0,11.0,1.0,35.0,0.5,178.0,5.0,2.0,331.0,1153.0,3455.0,17.0,1.0,17.0,1.0,1.0,0.0,3,synthetic_train,
881.0,0.0,0.7,1.0,3.0,1.0,63.0,0.9,143.0,2.0,7.0,165.0,1767.0,3325.0,15.0,5.0,5.0,0.0,1.0,1.0,2,synthetic_train,
856.0,0.0,0.6,0.0,7.0,1.0,4.0,0.9,97.0,5.0,13.0,748.0,1416.0,1448.0,12.0,16.0,6.0,1.0,1.0,1.0,1,synthetic_train,
1122.0,0.0,2.0,1.0,7.0,0.0,32.0,0.4,153.0,7.0,2.0,1527.0,1790.0,3762.0,17.0,2.0,19.0,0.0,1.0,0.0,3,synthetic_train,
1779.0,1.0,0.7,0.0,5.0,1.0,15.0,0.7,120.0,2.0,5.0,653.0,622.0,382.0,6.0,3.0,18.0,1.0,1.0,0.0,0,synthetic_train,
1286.0,1.0,2.8,1.0,19.0,1.0,15.0,0.3,184.0,2.0,0.0,1171.0,563.0,1506.0,15.0,8.0,13.0,1.0,0.0,0.0,0,synthetic_train,
1022.0,0.0,2.8,1.0,4.0,0.0,49.0,0.6,112.0,5.0,9.0,363.0,667.0,2531.0,16.0,13.0,13.0,1.0,0.0,0.0,2,synthetic_train,
1669.0,1.0,1.9,0.0,14.0,0.0,14.0,0.3,184.0,8.0,3.0,1157.0,1810.0,2257.0,5.0,15.0,15.0,1.0,1.0,1.0,2,synthetic_train,
1780.0,0.0,2.0,1.0,18.0,1.0,51.0,0.6,164.0,3.0,4.0,1870.0,1989.0,1101.0,11.0,11.0,17.0,1.0,1.0,0.0,2,synthetic_train,
1853.0,0.0,1.2,0.0,15.0,1.0,64.0,0.3,96.0,5.0,2.0,618.0,1997.0,1002.0,12.0,9.0,6.0,1.0,0.0,0.0,1,synthetic_train,
948.0,1.0,0.7,0.0,15.0,1.0,50.0,0.9,171.0,6.0,15.0,947.0,998.0,3178.0,8.0,7.0,3.0,0.0,0.0,0.0,2,synthetic_train,
1564.0,1.0,2.3,1.0,3.0,1.0,12.0,0.9,167.0,6.0,10.0,1888.0,896.0,3535.0,18.0,0.0,5.0,0.0,1.0,0.0,3,synthetic_train,
1385.0,0.0,0.8,1.0,2.0,1.0,10.0,0.4,135.0,2.0,19.0,1192.0,1024.0,2800.0,14.0,5.0,8.0,0.0,0.0,1.0,2,synthetic_train,
1173.0,0.0,0.7,0.0,15.0,0.0,29.0,0.8,99.0,4.0,8.0,782.0,1724.0,2240.0,9.0,4.0,6.0,0.0,1.0,1.0,1,synthetic_train,
1095.0,0.0,1.3,0.0,14.0,0.0,36.0,0.2,137.0,8.0,4.0,237.0,877.0,3150.0,11.0,1.0,11.0,0.0,1.0,1.0,2,synthetic_train,
671.0,0.0,0.5,0.0,14.0,0.0,51.0,0.8,153.0,8.0,4.0,1838.0,1320.0,1154.0,6.0,14.0,4.0,0.0,1.0,0.0,0,synthetic_train,
912.0,0.0,1.6,1.0,8.0,0.0,28.0,0.4,95.0,7.0,20.0,1196.0,1468.0,3877.0,6.0,6.0,12.0,0.0,0.0,0.0,3,synthetic_train,
1324.0,1.0,2.3,1.0,10.0,1.0,12.0,0.2,121.0,1.0,12.0,111.0,1041.0,723.0,16.0,9.0,15.0,1.0,1.0,0.0,0,synthetic_train,
1829.0,1.0,2.5,1.0,0.0,1.0,64.0,0.7,164.0,4.0,6.0,1088.0,1209.0,2443.0,19.0,3.0,3.0,1.0,0.0,1.0,2,synthetic_train,
1799.0,0.0,2.0,0.0,5.0,0.0,58.0,0.5,146.0,1.0,13.0,1899.0,1497.0,1532.0,9.0,11.0,7.0,1.0,0.0,0.0,2,synthetic_train,
781.0,1.0,2.6,0.0,10.0,0.0,43.0,0.6,200.0,3.0,11.0,1827.0,1684.0,3640.0,8.0,2.0,12.0,0.0,0.0,1.0,3,synthetic_train,
1518.0,0.0,1.5,0.0,2.0,1.0,45.0,0.6,106.0,7.0,2.0,383.0,784.0,1172.0,15.0,12.0,3.0,1.0,1.0,1.0,1,synthetic_train,
627.0,0.0,2.6,0.0,2.0,1.0,60.0,0.2,174.0,4.0,14.0,808.0,1268.0,2658.0,12.0,14.0,14.0,0.0,0.0,1.0,1,synthetic_train,
1512.0,0.0,1.8,0.0,0.0,1.0,31.0,0.1,131.0,2.0,2.0,1934.0,731.0,840.0,7.0,5.0,16.0,0.0,0.0,1.0,0,synthetic_train,
1012.0,1.0,1.1,1.0,4.0,0.0,11.0,0.6,106.0,6.0,4.0,1533.0,523.0,936.0,15.0,4.0,8.0,0.0,1.0,0.0,0,synthetic_train,
1174.0,1.0,2.9,0.0,19.0,1.0,40.0,0.7,195.0,7.0,14.0,1098.0,1467.0,1814.0,8.0,14.0,2.0,1.0,1.0,1.0,1,synthetic_train,
1576.0,1.0,1.2,0.0,13.0,1.0,30.0,0.1,155.0,6.0,9.0,596.0,1223.0,3247.0,6.0,4.0,11.0,0.0,1.0,0.0,3,synthetic_train,
1137.0,0.0,0.6,1.0,18.0,1.0,52.0,0.4,144.0,7.0,4.0,1495.0,888.0,1296.0,11.0,3.0,18.0,0.0,1.0,1.0,1,synthetic_train,
1711.0,1.0,1.1,1.0,5.0,1.0,50.0,0.7,115.0,6.0,1.0,1135.0,582.0,2852.0,16.0,6.0,7.0,1.0,1.0,1.0,2,synthetic_train,
1300.0,0.0,1.4,1.0,11.0,1.0,31.0,0.7,186.0,6.0,12.0,1027.0,1917.0,2394.0,12.0,18.0,18.0,1.0,1.0,0.0,2,synthetic_train,
1998.0,0.0,1.4,0.0,17.0,0.0,25.0,0.8,83.0,8.0,14.0,1817.0,1739.0,3916.0,14.0,8.0,18.0,0.0,1.0,1.0,3,synthetic_train,
1457.0,1.0,1.8,0.0,7.0,0.0,28.0,0.5,93.0,3.0,4.0,739.0,1901.0,1381.0,8.0,4.0,7.0,1.0,1.0,1.0,1,synthetic_train,
944.0,0.0,2.7,1.0,13.0,0.0,41.0,0.6,101.0,4.0,8.0,1225.0,670.0,1167.0,12.0,9.0,13.0,1.0,0.0,0.0,0,synthetic_train,
1662.0,1.0,1.2,1.0,13.0,1.0,42.0,0.6,159.0,5.0,7.0,85.0,521.0,3634.0,15.0,6.0,2.0,1.0,0.0,0.0,3,synthetic_train,
1111.0,1.0,1.8,0.0,16.0,1.0,34.0,0.4,92.0,6.0,18.0,1394.0,825.0,1502.0,12.0,12.0,12.0,0.0,0.0,0.0,1,synthetic_train,
1301.0,1.0,1.4,1.0,19.0,0.0,35.0,0.1,176.0,4.0,16.0,1073.0,650.0,1059.0,8.0,8.0,18.0,0.0,1.0,0.0,1,synthetic_train,
705.0,0.0,2.6,0.0,12.0,0.0,64.0,0.1,103.0,4.0,5.0,1717.0,1189.0,3330.0,19.0,11.0,19.0,0.0,1.0,0.0,2,synthetic_train,
679.0,0.0,0.9,0.0,11.0,0.0,17.0,0.9,161.0,2.0,10.0,652.0,1467.0,3298.0,6.0,8.0,5.0,1.0,0.0,0.0,2,synthetic_train,
1362.0,1.0,0.8,0.0,17.0,0.0,12.0,0.3,176.0,6.0,19.0,1814.0,792.0,491.0,18.0,9.0,14.0,0.0,0.0,0.0,0,synthetic_train,
780.0,1.0,1.8,1.0,13.0,1.0,52.0,0.7,186.0,1.0,7.0,1128.0,1094.0,3460.0,15.0,8.0,3.0,0.0,1.0,0.0,2,synthetic_train,
1996.0,1.0,2.2,0.0,7.0,1.0,60.0,0.6,115.0,4.0,2.0,408.0,1308.0,2626.0,6.0,7.0,7.0,1.0,1.0,0.0,3,synthetic_train,
1783.0,1.0,2.5,1.0,12.0,0.0,40.0,0.5,89.0,4.0,6.0,314.0,975.0,1299.0,8.0,18.0,17.0,1.0,1.0,1.0,0,synthetic_train,
1551.0,0.0,2.0,0.0,10.0,0.0,27.0,0.9,171.0,7.0,12.0,384.0,1190.0,2260.0,10.0,5.0,14.0,0.0,0.0,0.0,2,synthetic_train,
1602.0,0.0,2.4,0.0,4.0,1.0,23.0,0.7,134.0,4.0,20.0,592.0,1384.0,1149.0,19.0,15.0,9.0,1.0,1.0,0.0,0,synthetic_train,
1392.0,1.0,1.5,1.0,10.0,1.0,31.0,0.1,194.0,1.0,6.0,1079.0,1927.0,887.0,12.0,13.0,20.0,1.0,1.0,0.0,0,synthetic_train,
590.0,0.0,0.6,1.0,12.0,0.0,5.0,0.8,102.0,5.0,1.0,1702.0,964.0,751.0,8.0,10.0,16.0,1.0,0.0,0.0,0,synthetic_train,
1088.0,1.0,0.8,0.0,18.0,0.0,35.0,0.6,149.0,2.0,3.0,1952.0,632.0,874.0,18.0,6.0,2.0,0.0,1.0,1.0,0,synthetic_train,
1243.0,0.0,0.6,0.0,11.0,0.0,18.0,0.4,94.0,4.0,8.0,1329.0,1801.0,2437.0,6.0,9.0,3.0,1.0,0.0,1.0,2,synthetic_train,
1872.0,1.0,1.3,0.0,3.0,0.0,18.0,0.8,138.0,3.0,1.0,961.0,1364.0,3288.0,17.0,16.0,13.0,1.0,1.0,1.0,3,synthetic_train,
829.0,1.0,1.7,0.0,19.0,1.0,37.0,0.7,80.0,2.0,0.0,1202.0,1207.0,2076.0,17.0,3.0,18.0,0.0,1.0,1.0,2,synthetic_train,
1245.0,0.0,1.4,0.0,11.0,1.0,62.0,0.4,170.0,8.0,13.0,648.0,1579.0,313.0,10.0,11.0,4.0,1.0,1.0,0.0,0,synthetic_train,
1016.0,0.0,1.9,1.0,5.0,1.0,14.0,1.0,153.0,3.0,17.0,480.0,1970.0,1860.0,5.0,14.0,12.0,0.0,0.0,1.0,1,synthetic_train,
701.0,1.0,1.7,0.0,15.0,0.0,59.0,0.7,91.0,5.0,4.0,1053.0,691.0,3051.0,18.0,12.0,17.0,1.0,1.0,0.0,2,synthetic_train,
654.0,0.0,2.2,1.0,7.0,0.0,34.0,0.6,140.0,7.0,10.0,1622.0,1790.0,3382.0,19.0,2.0,18.0,0.0,1.0,0.0,3,synthetic_train,
1048.0,1.0,2.2,1.0,7.0,0.0,63.0,0.2,131.0,3.0,12.0,126.0,1454.0,2998.0,10.0,9.0,14.0,0.0,0.0,0.0,2,synthetic_train,
623.0,1.0,1.3,1.0,16.0,1.0,26.0,0.4,161.0,8.0,14.0,217.0,1377.0,1638.0,7.0,3.0,20.0,0.0,1.0,1.0,0,synthetic_train,
600.0,1.0,1.4,1.0,17.0,1.0,64.0,0.5,140.0,4.0,20.0,347.0,1795.0,2687.0,9.0,17.0,19.0,0.0,1.0,0.0,2,synthetic_train,
1026.0,0.0,2.0,1.0,10.0,0.0,43.0,0.7,135.0,8.0,18.0,411.0,955.0,511.0,7.0,6.0,17.0,1.0,0.0,0.0,0,synthetic_train,
802.0,1.0,2.0,0.0,7.0,1.0,44.0,0.6,180.0,4.0,6.0,292.0,1680.0,1788.0,14.0,8.0,14.0,1.0,1.0,1.0,1,synthetic_train,
1332.0,0.0,1.3,0.0,17.0,0.0,37.0,0.8,142.0,1.0,20.0,255.0,1355.0,2265.0,12.0,16.0,20.0,0.0,0.0,0.0,2,synthetic_train,
526.0,1.0,1.3,1.0,3.0,1.0,30.0,0.3,178.0,7.0,0.0,54.0,1901.0,362.0,10.0,8.0,2.0,1.0,1.0,0.0,0,synthetic_train,
952.0,1.0,2.2,0.0,14.0,0.0,35.0,0.7,187.0,7.0,20.0,683.0,1201.0,309.0,14.0,3.0,3.0,0.0,1.0,0.0,0,synthetic_train,
1179.0,0.0,2.1,1.0,11.0,1.0,55.0,0.8,182.0,8.0,2.0,1416.0,1580.0,3257.0,14.0,16.0,11.0,0.0,1.0,1.0,3,synthetic_train,
1944.0,0.0,0.8,1.0,17.0,1.0,51.0,0.8,195.0,1.0,2.0,307.0,1245.0,1080.0,5.0,12.0,14.0,1.0,1.0,1.0,1,synthetic_train,
1451.0,0.0,1.6,1.0,8.0,0.0,3.0,0.8,164.0,7.0,2.0,638.0,1090.0,726.0,11.0,11.0,19.0,0.0,0.0,0.0,0,synthetic_train,
1821.0,1.0,2.7,0.0,16.0,0.0,45.0,0.9,147.0,3.0,2.0,1908.0,1062.0,2472.0,17.0,1.0,14.0,1.0,1.0,0.0,2,synthetic_train,
1014.0,0.0,0.6,0.0,0.0,0.0,54.0,0.2,144.0,7.0,9.0,330.0,1879.0,1306.0,16.0,8.0,6.0,0.0,0.0,1.0,0,synthetic_train,
1174.0,0.0,2.6,0.0,15.0,0.0,48.0,0.7,104.0,8.0,13.0,1936.0,1755.0,3921.0,17.0,8.0,19.0,0.0,0.0,1.0,3,synthetic_train,
1130.0,1.0,0.9,0.0,1.0,1.0,33.0,1.0,180.0,2.0,15.0,1004.0,837.0,3799.0,19.0,4.0,3.0,0.0,1.0,1.0,3,synthetic_train,
1831.0,1.0,1.8,0.0,12.0,1.0,23.0,0.6,163.0,3.0,0.0,1420.0,1797.0,3340.0,5.0,10.0,3.0,1.0,0.0,0.0,3,synthetic_train,
1938.0,1.0,1.6,0.0,3.0,1.0,44.0,0.3,185.0,3.0,6.0,634.0,1374.0,1385.0,9.0,4.0,15.0,0.0,0.0,1.0,1,synthetic_train,
1943.0,1.0,0.5,0.0,19.0,0.0,43.0,1.0,164.0,3.0,2.0,636.0,656.0,3532.0,11.0,8.0,20.0,1.0,0.0,1.0,3,synthetic_train,
1627.0,1.0,2.8,1.0,15.0,1.0,25.0,0.3,138.0,5.0,3.0,770.0,1647.0,1210.0,12.0,15.0,11.0,0.0,1.0,1.0,1,synthetic_train,
1254.0,1.0,1.6,1.0,2.0,0.0,27.0,0.4,115.0,4.0,15.0,250.0,743.0,1152.0,16.0,13.0,4.0,1.0,1.0,0.0,0,synthetic_train,
1311.0,0.0,2.9,1.0,17.0,0.0,25.0,0.3,199.0,6.0,13.0,618.0,1807.0,3899.0,15.0,5.0,2.0,0.0,1.0,0.0,3,synthetic_train,
1970.0,1.0,1.2,0.0,5.0,1.0,4.0,0.5,168.0,6.0,4.0,1753.0,1181.0,2779.0,15.0,3.0,20.0,0.0,1.0,1.0,3,synthetic_train,
926.0,1.0,2.7,0.0,10.0,0.0,3.0,0.5,185.0,2.0,6.0,7.0,1873.0,577.0,7.0,0.0,7.0,1.0,1.0,0.0,0,synthetic_train,
1020.0,1.0,2.8,1.0,1.0,1.0,7.0,0.5,150.0,1.0,19.0,1121.0,1224.0,3574.0,15.0,6.0,14.0,1.0,1.0,1.0,3,synthetic_train,
1845.0,1.0,1.9,0.0,2.0,0.0,28.0,0.9,141.0,6.0,12.0,1349.0,627.0,857.0,16.0,0.0,8.0,1.0,0.0,0.0,0,synthetic_train,
1079.0,1.0,1.0,0.0,4.0,0.0,34.0,0.5,84.0,2.0,5.0,277.0,1649.0,2805.0,16.0,2.0,6.0,0.0,0.0,0.0,2,synthetic_train,
852.0,0.0,2.2,1.0,10.0,1.0,27.0,0.6,88.0,2.0,19.0,217.0,1588.0,1896.0,13.0,18.0,14.0,1.0,0.0,1.0,0,synthetic_train,
1340.0,1.0,1.9,1.0,10.0,1.0,62.0,0.9,165.0,5.0,4.0,1083.0,953.0,321.0,6.0,16.0,16.0,0.0,1.0,0.0,0,synthetic_train,
988.0,1.0,2.9,1.0,17.0,1.0,16.0,0.8,107.0,3.0,6.0,429.0,805.0,3204.0,7.0,10.0,10.0,1.0,1.0,1.0,2,synthetic_train,
1836.0,0.0,1.6,0.0,3.0,0.0,26.0,0.3,89.0,2.0,14.0,1917.0,1794.0,2826.0,16.0,14.0,11.0,0.0,0.0,0.0,3,synthetic_train,
1863.0,1.0,1.2,0.0,14.0,0.0,17.0,0.1,173.0,3.0,10.0,373.0,1667.0,3566.0,18.0,9.0,11.0,1.0,1.0,0.0,3,synthetic_train,
959.0,0.0,0.8,0.0,0.0,0.0,20.0,0.7,155.0,5.0,1.0,256.0,946.0,2545.0,17.0,11.0,13.0,0.0,0.0,0.0,1,synthetic_train,
1294.0,1.0,2.2,1.0,5.0,0.0,38.0,0.9,93.0,7.0,16.0,649.0,1550.0,3084.0,11.0,17.0,17.0,0.0,1.0,1.0,2,synthetic_train,
1975.0,1.0,2.9,0.0,3.0,1.0,21.0,0.6,140.0,8.0,4.0,650.0,860.0,3647.0,13.0,1.0,15.0,0.0,1.0,0.0,3,synthetic_train,
1613.0,0.0,0.6,0.0,2.0,0.0,22.0,0.3,136.0,6.0,14.0,314.0,771.0,3909.0,7.0,6.0,7.0,1.0,0.0,0.0,3,synthetic_train,
823.0,0.0,2.4,0.0,11.0,0.0,44.0,0.8,80.0,8.0,7.0,1304.0,1495.0,2354.0,13.0,2.0,6.0,1.0,0.0,0.0,1,synthetic_train,
1386.0,1.0,2.8,0.0,18.0,0.0,54.0,0.7,153.0,5.0,15.0,680.0,1748.0,319.0,7.0,15.0,14.0,0.0,0.0,0.0,0,synthetic_train,
1429.0,0.0,0.7,0.0,13.0,0.0,15.0,0.6,127.0,4.0,18.0,1033.0,1877.0,1550.0,16.0,15.0,14.0,1.0,1.0,0.0,1,synthetic_train,
1480.0,1.0,0.8,1.0,17.0,1.0,9.0,0.9,186.0,7.0,16.0,477.0,1192.0,2574.0,16.0,13.0,8.0,0.0,1.0,1.0,2,synthetic_train,
537.0,0.0,2.2,1.0,11.0,1.0,17.0,0.8,94.0,3.0,19.0,189.0,714.0,666.0,5.0,11.0,17.0,1.0,1.0,1.0,0,synthetic_train,
949.0,1.0,2.1,1.0,1.0,1.0,38.0,0.7,182.0,7.0,11.0,120.0,1315.0,691.0,19.0,9.0,9.0,1.0,1.0,0.0,0,synthetic_train,
1781.0,1.0,0.7,0.0,6.0,1.0,62.0,0.7,80.0,8.0,1.0,103.0,1520.0,1733.0,16.0,0.0,8.0,1.0,0.0,0.0,1,synthetic_train,
862.0,1.0,2.6,1.0,16.0,0.0,12.0,0.7,172.0,4.0,11.0,1707.0,1956.0,3663.0,10.0,14.0,12.0,0.0,1.0,0.0,3,synthetic_train,
949.0,0.0,1.8,1.0,0.0,0.0,4.0,0.6,174.0,6.0,9.0,518.0,668.0,1460.0,11.0,16.0,5.0,1.0,1.0,0.0,0,synthetic_train,
983.0,1.0,2.8,0.0,1.0,1.0,35.0,0.5,129.0,7.0,15.0,599.0,1484.0,3756.0,6.0,18.0,15.0,1.0,1.0,1.0,3,synthetic_train,
766.0,0.0,2.7,1.0,16.0,0.0,64.0,0.7,113.0,7.0,5.0,1135.0,1267.0,3261.0,19.0,6.0,19.0,1.0,1.0,1.0,2,synthetic_train,
733.0,0.0,2.5,0.0,1.0,1.0,36.0,0.6,97.0,2.0,14.0,186.0,1382.0,1390.0,6.0,3.0,19.0,1.0,1.0,1.0,0,synthetic_train,
1020.0,0.0,1.8,1.0,19.0,0.0,60.0,0.5,121.0,8.0,9.0,1177.0,638.0,1120.0,18.0,12.0,10.0,1.0,1.0,0.0,0,synthetic_train,
1811.0,1.0,1.1,0.0,15.0,0.0,42.0,0.2,161.0,5.0,14.0,1022.0,525.0,3354.0,14.0,0.0,7.0,0.0,1.0,1.0,3,synthetic_train,
502.0,1.0,1.8,0.0,13.0,0.0,3.0,0.7,167.0,1.0,8.0,1552.0,1409.0,3085.0,18.0,1.0,11.0,1.0,1.0,1.0,2,synthetic_train,
924.0,0.0,0.8,0.0,10.0,0.0,28.0,0.7,101.0,1.0,8.0,241.0,798.0,2615.0,10.0,15.0,3.0,0.0,1.0,0.0,2,synthetic_train,
590.0,0.0,2.1,1.0,1.0,1.0,50.0,0.4,81.0,6.0,4.0,33.0,1420.0,3917.0,18.0,18.0,14.0,0.0,0.0,0.0,3,synthetic_train,
1342.0,1.0,0.8,0.0,8.0,0.0,34.0,0.4,147.0,4.0,17.0,1516.0,539.0,632.0,11.0,7.0,10.0,1.0,1.0,0.0,0,synthetic_train,
875.0,0.0,1.8,1.0,16.0,0.0,14.0,0.3,150.0,1.0,1.0,725.0,1701.0,1699.0,10.0,9.0,4.0,1.0,0.0,0.0,1,synthetic_train,
1687.0,0.0,0.6,0.0,18.0,0.0,13.0,1.0,198.0,5.0,4.0,120.0,999.0,2512.0,10.0,10.0,12.0,1.0,1.0,1.0,2,synthetic_train,
1377.0,1.0,1.2,1.0,8.0,0.0,43.0,0.9,172.0,5.0,8.0,1091.0,1176.0,524.0,19.0,2.0,15.0,0.0,1.0,1.0,0,synthetic_train,
1675.0,0.0,1.1,0.0,16.0,1.0,31.0,0.6,146.0,1.0,3.0,911.0,1016.0,3909.0,11.0,4.0,6.0,1.0,0.0,1.0,3,synthetic_train,
1452.0,1.0,2.1,0.0,15.0,1.0,38.0,0.5,151.0,3.0,19.0,1864.0,1127.0,2396.0,12.0,5.0,9.0,1.0,0.0,0.0,2,synthetic_train,
1157.0,1.0,2.5,0.0,1.0,1.0,25.0,0.8,158.0,4.0,7.0,1850.0,1294.0,1409.0,14.0,15.0,18.0,0.0,1.0,0.0,1,synthetic_train,
1791.0,0.0,0.6,0.0,12.0,0.0,23.0,0.6,134.0,7.0,5.0,1056.0,1467.0,1151.0,13.0,8.0,15.0,1.0,0.0,1.0,1,synthetic_train,
1214.0,0.0,2.6,0.0,12.0,0.0,43.0,1.0,161.0,6.0,5.0,311.0,1533.0,260.0,13.0,13.0,17.0,1.0,1.0,1.0,0,synthetic_train,
1924.0,1.0,2.7,0.0,10.0,0.0,2.0,0.1,103.0,1.0,4.0,1466.0,1984.0,2474.0,10.0,3.0,10.0,0.0,1.0,1.0,2,synthetic_train,
1992.0,1.0,1.4,1.0,15.0,0.0,29.0,0.1,180.0,5.0,13.0,394.0,768.0,3912.0,7.0,18.0,11.0,0.0,1.0,1.0,3,synthetic_train,
1383.0,1.0,2.1,0.0,17.0,1.0,25.0,0.6,184.0,8.0,10.0,1643.0,1806.0,391.0,19.0,16.0,11.0,0.0,1.0,1.0,1,synthetic_train,
1511.0,0.0,1.5,0.0,11.0,1.0,51.0,0.3,132.0,1.0,4.0,1177.0,1401.0,1805.0,12.0,9.0,10.0,0.0,0.0,1.0,1,synthetic_train,
883.0,1.0,0.9,0.0,6.0,1.0,47.0,0.6,135.0,8.0,18.0,695.0,964.0,2734.0,19.0,4.0,4.0,0.0,0.0,0.0,2,synthetic_train,
1721.0,1.0,1.8,1.0,19.0,0.0,28.0,0.8,140.0,1.0,13.0,1921.0,1874.0,1868.0,11.0,18.0,2.0,1.0,0.0,1.0,2,synthetic_train,
1507.0,0.0,0.7,0.0,19.0,0.0,18.0,0.2,178.0,5.0,8.0,1008.0,1559.0,2692.0,13.0,15.0,17.0,0.0,1.0,1.0,2,synthetic_train,
1853.0,1.0,2.7,1.0,13.0,1.0,16.0,0.5,101.0,3.0,10.0,756.0,777.0,2923.0,13.0,9.0,12.0,0.0,1.0,0.0,2,synthetic_train,
900.0,1.0,2.8,0.0,12.0,0.0,15.0,0.7,121.0,6.0,13.0,370.0,762.0,3870.0,19.0,5.0,12.0,0.0,1.0,1.0,3,synthetic_train,
1681.0,0.0,2.6,1.0,2.0,1.0,19.0,0.9,154.0,7.0,3.0,1271.0,1487.0,2518.0,6.0,11.0,13.0,0.0,1.0,1.0,2,synthetic_train,
1205.0,0.0,1.9,0.0,8.0,0.0,49.0,0.5,163.0,7.0,16.0,529.0,1593.0,2912.0,12.0,7.0,9.0,1.0,0.0,1.0,2,synthetic_train,
777.0,1.0,1.9,0.0,3.0,1.0,4.0,0.3,115.0,7.0,5.0,298.0,568.0,1386.0,7.0,12.0,18.0,0.0,0.0,0.0,0,synthetic_train,
756.0,0.0,3.0,1.0,10.0,1.0,3.0,0.6,94.0,7.0,0.0,232.0,1441.0,820.0,18.0,15.0,10.0,1.0,0.0,1.0,0,synthetic_train,
1343.0,0.0,1.1,0.0,16.0,1.0,36.0,0.5,141.0,3.0,10.0,1257.0,1296.0,630.0,12.0,9.0,11.0,1.0,0.0,0.0,0,synthetic_train,
979.0,0.0,0.7,0.0,4.0,0.0,16.0,0.8,157.0,4.0,18.0,1806.0,1953.0,665.0,18.0,0.0,12.0,0.0,1.0,0.0,1,synthetic_train,
652.0,1.0,1.9,1.0,19.0,1.0,54.0,0.6,172.0,6.0,15.0,495.0,1611.0,3352.0,9.0,10.0,4.0,1.0,1.0,0.0,2,synthetic_train,
1140.0,0.0,1.3,0.0,2.0,1.0,49.0,0.4,80.0,2.0,6.0,426.0,1862.0,408.0,7.0,16.0,5.0,0.0,1.0,0.0,0,synthetic_train,
1479.0,1.0,1.3,1.0,1.0,1.0,50.0,0.8,82.0,5.0,8.0,1202.0,551.0,2065.0,14.0,4.0,5.0,1.0,1.0,0.0,1,synthetic_train,
978.0,1.0,0.5,0.0,19.0,0.0,30.0,0.6,126.0,5.0,12.0,280.0,1645.0,2551.0,7.0,18.0,6.0,0.0,0.0,0.0,1,synthetic_train,
1933.0,1.0,2.0,0.0,2.0,0.0,29.0,0.3,148.0,8.0,4.0,173.0,1000.0,2773.0,10.0,6.0,5.0,0.0,0.0,1.0,2,synthetic_train,
1669.0,1.0,1.2,0.0,14.0,1.0,28.0,0.6,80.0,1.0,17.0,1250.0,1329.0,503.0,9.0,12.0,6.0,1.0,1.0,0.0,0,synthetic_train,
1269.0,0.0,1.0,0.0,15.0,0.0,14.0,1.0,100.0,1.0,6.0,1029.0,1816.0,3476.0,8.0,13.0,19.0,0.0,0.0,1.0,3,synthetic_train,
1901.0,0.0,0.6,0.0,6.0,0.0,37.0,0.7,130.0,1.0,4.0,56.0,1804.0,1892.0,6.0,3.0,8.0,1.0,1.0,0.0,2,synthetic_train,
1149.0,0.0,1.4,1.0,1.0,0.0,56.0,0.4,113.0,5.0,1.0,465.0,837.0,322.0,14.0,0.0,17.0,1.0,0.0,0.0,0,synthetic_train,
709.0,1.0,2.7,1.0,6.0,0.0,18.0,0.7,165.0,5.0,14.0,389.0,859.0,752.0,16.0,18.0,9.0,0.0,0.0,1.0,0,synthetic_train,
553.0,1.0,1.3,0.0,1.0,0.0,5.0,0.4,84.0,5.0,0.0,1336.0,1583.0,3472.0,10.0,13.0,17.0,0.0,0.0,0.0,2,synthetic_train,
1907.0,0.0,2.2,1.0,13.0,0.0,37.0,0.6,187.0,2.0,16.0,1305.0,1816.0,3786.0,9.0,11.0,16.0,0.0,0.0,1.0,3,synthetic_train,
1939.0,1.0,2.4,1.0,17.0,0.0,27.0,0.6,100.0,3.0,20.0,1466.0,1417.0,3069.0,7.0,5.0,17.0,0.0,0.0,1.0,3,synthetic_train,
1608.0,1.0,1.3,1.0,19.0,0.0,52.0,0.3,133.0,4.0,2.0,194.0,581.0,1503.0,15.0,2.0,7.0,0.0,0.0,0.0,1,synthetic_train,
654.0,0.0,2.6,0.0,16.0,0.0,55.0,0.4,199.0,1.0,2.0,1663.0,745.0,3799.0,17.0,5.0,3.0,0.0,1.0,0.0,3,synthetic_train,
940.0,0.0,2.2,1.0,15.0,0.0,61.0,0.9,160.0,7.0,19.0,410.0,1623.0,1288.0,13.0,10.0,7.0,1.0,1.0,0.0,0,synthetic_train,
561.0,0.0,1.9,0.0,17.0,0.0,26.0,0.3,200.0,1.0,2.0,1946.0,1611.0,1130.0,11.0,13.0,15.0,1.0,1.0,0.0,0,synthetic_train,
576.0,0.0,0.5,1.0,15.0,0.0,58.0,0.8,82.0,6.0,8.0,1709.0,1843.0,3119.0,14.0,6.0,14.0,1.0,0.0,0.0,2,synthetic_train,
869.0,0.0,0.6,1.0,13.0,0.0,9.0,0.7,167.0,4.0,18.0,900.0,1297.0,1462.0,18.0,4.0,15.0,1.0,0.0,1.0,1,synthetic_train,
1358.0,1.0,3.0,0.0,19.0,0.0,25.0,0.6,89.0,8.0,2.0,1540.0,1140.0,2202.0,19.0,4.0,20.0,0.0,1.0,0.0,1,synthetic_train,
598.0,1.0,2.5,0.0,6.0,0.0,18.0,0.2,154.0,6.0,13.0,1315.0,667.0,2731.0,7.0,18.0,6.0,0.0,0.0,1.0,1,synthetic_train,
1976.0,1.0,2.8,0.0,8.0,0.0,60.0,0.3,119.0,4.0,8.0,1517.0,1672.0,877.0,12.0,11.0,10.0,1.0,1.0,1.0,1,synthetic_train,
1182.0,0.0,2.8,1.0,18.0,1.0,39.0,0.3,174.0,6.0,9.0,36.0,1923.0,3721.0,18.0,18.0,11.0,0.0,1.0,1.0,3,synthetic_train,
895.0,1.0,0.6,1.0,6.0,0.0,25.0,0.6,95.0,1.0,19.0,164.0,567.0,878.0,14.0,0.0,4.0,0.0,0.0,1.0,0,synthetic_train,
1274.0,0.0,2.5,0.0,5.0,1.0,11.0,1.0,188.0,2.0,13.0,1774.0,1237.0,3971.0,17.0,8.0,14.0,1.0,0.0,0.0,3,synthetic_train,
1685.0,0.0,1.6,0.0,3.0,1.0,51.0,0.9,138.0,4.0,6.0,1532.0,1032.0,1294.0,19.0,8.0,2.0,1.0,1.0,1.0,1,synthetic_train,
968.0,1.0,2.5,0.0,5.0,1.0,43.0,0.1,142.0,7.0,19.0,1207.0,1616.0,1815.0,6.0,7.0,19.0,1.0,1.0,1.0,2,synthetic_train,
571.0,1.0,0.5,0.0,11.0,1.0,55.0,0.3,149.0,7.0,12.0,612.0,1644.0,1204.0,14.0,7.0,3.0,0.0,1.0,0.0,0,synthetic_train,
576.0,0.0,1.2,1.0,17.0,1.0,29.0,0.2,84.0,4.0,2.0,826.0,826.0,2274.0,12.0,1.0,4.0,0.0,0.0,1.0,1,synthetic_train,
1777.0,0.0,2.4,0.0,2.0,1.0,11.0,1.0,117.0,3.0,8.0,770.0,1927.0,259.0,9.0,0.0,5.0,1.0,0.0,1.0,0,synthetic_train,
667.0,1.0,2.5,0.0,13.0,1.0,23.0,0.3,165.0,8.0,5.0,851.0,705.0,894.0,14.0,14.0,18.0,0.0,1.0,1.0,0,synthetic_train,
1453.0,1.0,2.0,1.0,15.0,0.0,41.0,0.3,196.0,5.0,13.0,1232.0,1671.0,2200.0,6.0,8.0,18.0,0.0,1.0,0.0,2,synthetic_train,
1076.0,0.0,1.3,0.0,17.0,1.0,17.0,0.7,199.0,1.0,18.0,1486.0,1611.0,2853.0,12.0,3.0,19.0,1.0,1.0,0.0,3,synthetic_train,
1666.0,1.0,1.3,1.0,15.0,0.0,6.0,0.6,144.0,2.0,0.0,752.0,743.0,3859.0,11.0,6.0,17.0,1.0,1.0,1.0,3,synthetic_train,
590.0,1.0,2.9,1.0,3.0,0.0,53.0,0.3,111.0,7.0,16.0,1634.0,1510.0,3390.0,10.0,17.0,19.0,1.0,0.0,1.0,3,synthetic_train,
1846.0,0.0,1.6,0.0,9.0,1.0,35.0,0.7,137.0,8.0,19.0,177.0,905.0,3705.0,14.0,8.0,10.0,0.0,0.0,1.0,3,synthetic_train,
1547.0,1.0,1.6,1.0,19.0,1.0,26.0,0.2,136.0,8.0,20.0,1584.0,910.0,3245.0,19.0,18.0,2.0,1.0,1.0,1.0,3,synthetic_train,
1173.0,1.0,1.9,1.0,18.0,0.0,36.0,0.1,128.0,1.0,13.0,1326.0,629.0,3162.0,19.0,3.0,10.0,1.0,0.0,1.0,3,synthetic_train,
810.0,1.0,1.5,1.0,12.0,0.0,48.0,0.2,123.0,7.0,6.0,1001.0,1618.0,1550.0,15.0,2.0,6.0,1.0,1.0,0.0,1,synthetic_train,
1965.0,0.0,1.9,0.0,19.0,1.0,2.0,0.4,185.0,1.0,3.0,735.0,1710.0,3643.0,9.0,10.0,6.0,1.0,1.0,1.0,3,synthetic_train,
953.0,0.0,1.6,0.0,13.0,1.0,29.0,1.0,127.0,7.0,19.0,727.0,1256.0,3861.0,19.0,12.0,15.0,1.0,0.0,0.0,3,synthetic_train,
1235.0,1.0,2.6,0.0,1.0,0.0,18.0,0.6,83.0,8.0,8.0,706.0,1663.0,2178.0,19.0,18.0,5.0,1.0,0.0,1.0,1,synthetic_train,
1091.0,1.0,2.8,0.0,18.0,1.0,7.0,0.8,167.0,3.0,7.0,1854.0,1022.0,706.0,17.0,8.0,8.0,0.0,1.0,0.0,0,synthetic_train,
845.0,0.0,2.8,0.0,3.0,0.0,4.0,0.4,160.0,2.0,15.0,52.0,1347.0,415.0,18.0,3.0,9.0,0.0,0.0,1.0,0,synthetic_train,
1124.0,1.0,1.9,1.0,7.0,0.0,29.0,0.7,125.0,6.0,15.0,1243.0,1679.0,2104.0,17.0,10.0,3.0,0.0,0.0,1.0,2,synthetic_train,
727.0,1.0,1.6,1.0,4.0,0.0,36.0,1.0,156.0,1.0,16.0,1939.0,1145.0,2632.0,16.0,5.0,15.0,1.0,0.0,0.0,1,synthetic_train,
502.0,0.0,2.3,0.0,14.0,1.0,33.0,0.4,193.0,5.0,18.0,1066.0,1424.0,2331.0,15.0,3.0,16.0,0.0,0.0,0.0,2,synthetic_train,
934.0,1.0,2.6,0.0,0.0,0.0,51.0,1.0,191.0,3.0,18.0,1253.0,717.0,3610.0,14.0,1.0,12.0,1.0,1.0,0.0,3,synthetic_train,
668.0,0.0,1.9,0.0,12.0,0.0,30.0,0.7,175.0,4.0,3.0,1173.0,1260.0,2264.0,14.0,13.0,2.0,1.0,1.0,1.0,1,synthetic_train,
1122.0,0.0,2.2,0.0,17.0,0.0,39.0,0.8,150.0,7.0,3.0,991.0,1775.0,2730.0,10.0,12.0,16.0,1.0,0.0,1.0,2,synthetic_train,
1794.0,0.0,2.4,1.0,15.0,0.0,53.0,0.3,83.0,8.0,4.0,1235.0,1658.0,3092.0,18.0,3.0,10.0,0.0,0.0,0.0,3,synthetic_train,
743.0,0.0,2.2,0.0,6.0,1.0,43.0,0.7,141.0,4.0,13.0,1771.0,949.0,3605.0,14.0,10.0,7.0,1.0,1.0,1.0,2,synthetic_train,
501.0,1.0,2.4,0.0,17.0,0.0,59.0,0.6,179.0,3.0,12.0,1398.0,1316.0,2537.0,14.0,16.0,20.0,0.0,0.0,1.0,2,synthetic_train,
666.0,0.0,1.0,1.0,7.0,1.0,15.0,1.0,182.0,7.0,18.0,1665.0,1428.0,2342.0,16.0,15.0,18.0,1.0,1.0,0.0,2,synthetic_train,
1262.0,1.0,1.7,0.0,13.0,0.0,51.0,0.9,173.0,4.0,17.0,1084.0,1906.0,544.0,6.0,8.0,10.0,0.0,0.0,0.0,0,synthetic_train,
912.0,0.0,2.0,0.0,10.0,0.0,45.0,0.5,199.0,2.0,17.0,1516.0,1742.0,2660.0,18.0,1.0,10.0,0.0,0.0,0.0,3,synthetic_train,
1234.0,1.0,0.5,0.0,1.0,0.0,38.0,1.0,142.0,8.0,1.0,1716.0,1726.0,929.0,13.0,12.0,19.0,1.0,1.0,1.0,1,synthetic_train,
543.0,0.0,2.6,1.0,0.0,0.0,2.0,0.9,93.0,8.0,14.0,415.0,1628.0,1636.0,19.0,9.0,5.0,0.0,0.0,1.0,0,synthetic_train,
999.0,1.0,2.0,0.0,3.0,1.0,36.0,0.6,140.0,3.0,17.0,1685.0,1036.0,2248.0,6.0,17.0,9.0,1.0,0.0,1.0,2,synthetic_train,
1115.0,1.0,0.8,1.0,18.0,0.0,56.0,0.2,118.0,2.0,20.0,1346.0,1065.0,565.0,8.0,10.0,12.0,0.0,1.0,1.0,0,synthetic_train,
1146.0,1.0,2.5,1.0,19.0,1.0,42.0,0.2,181.0,2.0,7.0,867.0,1196.0,2855.0,19.0,14.0,8.0,0.0,0.0,1.0,2,synthetic_train,
1326.0,0.0,2.3,0.0,8.0,1.0,2.0,0.2,174.0,5.0,16.0,1518.0,1138.0,1306.0,15.0,10.0,7.0,0.0,0.0,0.0,1,synthetic_train,
1670.0,0.0,2.4,1.0,19.0,0.0,20.0,0.2,131.0,3.0,8.0,330.0,1935.0,2180.0,14.0,10.0,4.0,0.0,1.0,1.0,1,synthetic_train,
1200.0,0.0,1.5,1.0,0.0,0.0,37.0,1.0,126.0,5.0,3.0,1369.0,1812.0,1566.0,11.0,6.0,7.0,1.0,1.0,0.0,1,synthetic_train,
1761.0,0.0,2.6,0.0,19.0,1.0,53.0,0.3,99.0,7.0,7.0,1130.0,1841.0,1586.0,13.0,7.0,8.0,1.0,1.0,1.0,2,synthetic_train,
1294.0,0.0,1.5,1.0,4.0,0.0,30.0,0.7,85.0,1.0,5.0,1741.0,1410.0,1729.0,13.0,5.0,17.0,0.0,1.0,1.0,1,synthetic_train,
890.0,1.0,1.9,0.0,0.0,0.0,55.0,0.7,117.0,7.0,19.0,1217.0,786.0,447.0,7.0,8.0,8.0,0.0,1.0,1.0,0,synthetic_train,
843.0,0.0,0.5,0.0,15.0,0.0,52.0,0.7,109.0,1.0,3.0,1030.0,715.0,987.0,13.0,18.0,5.0,1.0,1.0,1.0,0,synthetic_train,
983.0,0.0,2.1,1.0,7.0,0.0,18.0,0.3,112.0,1.0,2.0,1026.0,911.0,3197.0,12.0,6.0,18.0,1.0,1.0,0.0,2,synthetic_train,
1396.0,0.0,2.3,0.0,5.0,0.0,14.0,0.6,200.0,6.0,12.0,1088.0,1475.0,712.0,9.0,8.0,8.0,0.0,1.0,1.0,1,synthetic_train,
863.0,1.0,1.9,0.0,15.0,1.0,58.0,0.7,162.0,5.0,12.0,1746.0,1046.0,2116.0,10.0,17.0,19.0,0.0,0.0,1.0,2,synthetic_train,
1871.0,1.0,1.7,0.0,6.0,1.0,39.0,0.6,146.0,8.0,11.0,1539.0,1482.0,780.0,16.0,2.0,4.0,0.0,0.0,1.0,1,synthetic_train,
1219.0,1.0,2.5,0.0,15.0,1.0,55.0,0.3,101.0,5.0,3.0,182.0,1818.0,2272.0,15.0,4.0,2.0,1.0,1.0,0.0,1,synthetic_train,
1794.0,0.0,2.2,1.0,3.0,0.0,60.0,0.8,181.0,4.0,10.0,1044.0,1001.0,2665.0,12.0,9.0,19.0,1.0,1.0,0.0,2,synthetic_train,
1524.0,0.0,1.2,1.0,1.0,0.0,28.0,0.2,158.0,6.0,19.0,563.0,1890.0,2011.0,14.0,7.0,3.0,0.0,1.0,1.0,2,synthetic_train,
1000.0,1.0,2.9,0.0,6.0,1.0,4.0,0.6,142.0,7.0,1.0,322.0,1267.0,3143.0,8.0,6.0,2.0,0.0,0.0,1.0,3,synthetic_train,
842.0,1.0,2.3,1.0,12.0,0.0,59.0,0.5,136.0,6.0,16.0,1697.0,1702.0,1249.0,12.0,14.0,14.0,1.0,0.0,1.0,1,synthetic_train,
1615.0,0.0,3.0,0.0,4.0,0.0,38.0,0.3,146.0,3.0,2.0,1681.0,589.0,2344.0,13.0,9.0,8.0,0.0,1.0,0.0,2,synthetic_train,
996.0,0.0,2.9,0.0,2.0,1.0,9.0,0.8,181.0,8.0,4.0,1842.0,913.0,1290.0,8.0,6.0,11.0,0.0,1.0,1.0,0,synthetic_train,
870.0,0.0,2.8,1.0,14.0,0.0,35.0,0.3,167.0,3.0,18.0,772.0,1895.0,2161.0,7.0,9.0,9.0,0.0,0.0,1.0,1,synthetic_train,
1895.0,1.0,2.4,1.0,9.0,1.0,3.0,0.9,138.0,3.0,6.0,835.0,1829.0,493.0,12.0,16.0,7.0,0.0,1.0,0.0,0,synthetic_train,
1223.0,0.0,2.0,0.0,8.0,0.0,20.0,0.9,160.0,3.0,10.0,1525.0,1355.0,1263.0,19.0,18.0,11.0,0.0,0.0,0.0,1,synthetic_train,
572.0,1.0,0.9,0.0,4.0,0.0,23.0,0.4,192.0,3.0,8.0,377.0,549.0,2904.0,11.0,4.0,6.0,1.0,0.0,0.0,1,synthetic_train,
1242.0,1.0,1.9,1.0,0.0,1.0,30.0,0.4,119.0,2.0,12.0,106.0,589.0,3168.0,18.0,0.0,6.0,0.0,0.0,1.0,2,synthetic_train,
1191.0,1.0,2.4,1.0,1.0,0.0,37.0,0.2,188.0,5.0,8.0,824.0,1133.0,1273.0,17.0,0.0,6.0,1.0,0.0,1.0,1,synthetic_train,
1795.0,1.0,1.8,0.0,13.0,1.0,54.0,0.9,153.0,6.0,9.0,1233.0,1846.0,1222.0,16.0,8.0,4.0,1.0,1.0,0.0,1,synthetic_train,
1567.0,0.0,2.7,1.0,1.0,0.0,24.0,0.7,102.0,4.0,17.0,894.0,1066.0,1373.0,18.0,11.0,11.0,1.0,0.0,0.0,1,synthetic_train,
787.0,1.0,0.8,1.0,4.0,0.0,48.0,0.1,197.0,8.0,11.0,414.0,1825.0,1301.0,11.0,0.0,12.0,1.0,0.0,0.0,0,synthetic_train,
725.0,0.0,1.5,1.0,18.0,1.0,61.0,0.6,163.0,4.0,11.0,1018.0,1302.0,3974.0,16.0,9.0,2.0,1.0,1.0,1.0,3,synthetic_train,
1405.0,0.0,1.8,0.0,6.0,1.0,49.0,0.2,126.0,4.0,16.0,1848.0,702.0,2693.0,7.0,7.0,10.0,1.0,0.0,0.0,3,synthetic_train,
571.0,0.0,1.6,1.0,14.0,1.0,18.0,0.6,105.0,1.0,8.0,538.0,1340.0,1700.0,9.0,17.0,16.0,1.0,0.0,0.0,0,synthetic_train,
978.0,0.0,0.8,1.0,6.0,1.0,44.0,0.6,190.0,8.0,17.0,784.0,1046.0,1985.0,13.0,11.0,2.0,0.0,1.0,0.0,1,synthetic_train,
707.0,0.0,0.9,1.0,18.0,1.0,19.0,0.2,179.0,2.0,15.0,613.0,837.0,2167.0,5.0,8.0,7.0,1.0,1.0,0.0,1,synthetic_train,
530.0,0.0,2.6,0.0,16.0,1.0,32.0,0.8,85.0,2.0,18.0,575.0,1512.0,2325.0,16.0,11.0,20.0,1.0,1.0,0.0,1,synthetic_train,
1878.0,0.0,1.7,0.0,9.0,0.0,41.0,0.3,156.0,8.0,9.0,1285.0,806.0,1702.0,18.0,2.0,10.0,0.0,0.0,1.0,1,synthetic_train,
634.0,0.0,0.6,1.0,13.0,1.0,20.0,0.6,93.0,5.0,11.0,734.0,1857.0,3903.0,6.0,9.0,2.0,0.0,0.0,0.0,3,synthetic_train,
513.0,0.0,0.5,0.0,8.0,1.0,2.0,0.7,115.0,1.0,2.0,1219.0,1704.0,1342.0,19.0,6.0,12.0,1.0,1.0,0.0,1,synthetic_train,
1899.0,0.0,1.7,1.0,18.0,0.0,54.0,1.0,148.0,4.0,2.0,38.0,1672.0,1855.0,6.0,3.0,9.0,0.0,1.0,1.0,1,synthetic_train,
782.0,1.0,0.9,1.0,7.0,1.0,47.0,0.5,110.0,5.0,2.0,1298.0,614.0,277.0,6.0,7.0,6.0,0.0,1.0,0.0,0,synthetic_train,
1724.0,0.0,2.3,0.0,16.0,0.0,9.0,0.9,142.0,1.0,13.0,206.0,1940.0,2096.0,16.0,12.0,3.0,1.0,0.0,1.0,2,synthetic_train,
546.0,0.0,2.5,1.0,12.0,0.0,25.0,0.4,131.0,7.0,6.0,739.0,1239.0,3455.0,15.0,11.0,18.0,0.0,0.0,0.0,3,synthetic_train,
730.0,0.0,1.1,1.0,12.0,0.0,18.0,0.9,150.0,6.0,6.0,1711.0,1598.0,3988.0,19.0,18.0,17.0,0.0,0.0,0.0,3,synthetic_train,
665.0,0.0,2.0,0.0,7.0,1.0,63.0,0.3,176.0,1.0,12.0,659.0,787.0,2027.0,11.0,5.0,14.0,1.0,0.0,1.0,0,synthetic_train,
1559.0,1.0,0.9,1.0,16.0,0.0,61.0,0.7,98.0,5.0,8.0,1368.0,1651.0,777.0,13.0,13.0,2.0,0.0,1.0,1.0,1,synthetic_train,
1430.0,1.0,1.3,1.0,14.0,0.0,45.0,0.2,176.0,2.0,2.0,689.0,979.0,2950.0,7.0,10.0,18.0,0.0,1.0,1.0,3,synthetic_train,
1213.0,1.0,2.7,0.0,16.0,0.0,29.0,1.0,106.0,6.0,11.0,1769.0,1559.0,2653.0,15.0,16.0,10.0,0.0,0.0,0.0,3,synthetic_train,
862.0,1.0,1.9,1.0,16.0,0.0,5.0,1.0,84.0,4.0,11.0,1865.0,915.0,3844.0,19.0,17.0,11.0,0.0,0.0,1.0,3,synthetic_train,
633.0,0.0,2.7,0.0,3.0,0.0,17.0,0.5,134.0,2.0,2.0,1782.0,1897.0,2146.0,13.0,13.0,18.0,0.0,0.0,0.0,2,synthetic_train,
1353.0,1.0,1.1,0.0,17.0,1.0,7.0,0.6,116.0,5.0,5.0,775.0,1562.0,266.0,18.0,8.0,10.0,0.0,0.0,0.0,0,synthetic_train,
846.0,0.0,1.3,1.0,16.0,1.0,51.0,0.6,102.0,4.0,4.0,622.0,1177.0,3627.0,10.0,10.0,6.0,1.0,1.0,1.0,3,synthetic_train,
1385.0,1.0,1.7,0.0,4.0,0.0,7.0,0.3,131.0,3.0,14.0,1188.0,1183.0,2782.0,19.0,12.0,6.0,1.0,1.0,0.0,3,synthetic_train,
1531.0,0.0,1.7,0.0,19.0,1.0,44.0,0.7,185.0,8.0,5.0,1601.0,500.0,3251.0,13.0,15.0,19.0,0.0,1.0,1.0,2,synthetic_train,
1774.0,1.0,3.0,0.0,10.0,1.0,62.0,0.7,150.0,6.0,0.0,1025.0,948.0,700.0,7.0,4.0,12.0,1.0,1.0,0.0,1,synthetic_train,
1240.0,0.0,0.8,1.0,6.0,0.0,21.0,0.6,168.0,4.0,5.0,1447.0,1683.0,1967.0,10.0,16.0,12.0,0.0,1.0,0.0,2,synthetic_train,
507.0,1.0,2.6,0.0,4.0,1.0,45.0,0.2,98.0,2.0,9.0,1718.0,1746.0,1970.0,12.0,15.0,13.0,0.0,1.0,0.0,1,synthetic_train,
921.0,0.0,2.7,1.0,7.0,1.0,57.0,0.9,89.0,5.0,16.0,1474.0,1998.0,1257.0,6.0,1.0,6.0,0.0,0.0,1.0,1,synthetic_train,
1780.0,1.0,1.9,0.0,0.0,0.0,28.0,0.2,120.0,1.0,1.0,723.0,628.0,3425.0,18.0,5.0,9.0,0.0,1.0,0.0,3,synthetic_train,
1299.0,1.0,1.4,0.0,13.0,1.0,30.0,0.7,173.0,8.0,18.0,489.0,875.0,959.0,8.0,4.0,20.0,1.0,1.0,1.0,0,synthetic_train,
1428.0,1.0,1.8,0.0,14.0,0.0,14.0,0.2,187.0,1.0,6.0,851.0,1648.0,523.0,15.0,11.0,4.0,0.0,1.0,0.0,0,synthetic_train,
1186.0,0.0,1.2,0.0,13.0,0.0,28.0,0.2,92.0,6.0,7.0,1127.0,1041.0,1133.0,18.0,3.0,20.0,0.0,1.0,1.0,1,synthetic_train,
744.0,0.0,2.5,0.0,10.0,1.0,57.0,0.1,137.0,3.0,0.0,1652.0,872.0,3960.0,11.0,5.0,7.0,0.0,1.0,0.0,3,synthetic_train,
1845.0,1.0,1.7,1.0,7.0,0.0,43.0,0.4,127.0,6.0,5.0,589.0,921.0,680.0,14.0,3.0,7.0,0.0,1.0,0.0,1,synthetic_train,
1659.0,0.0,2.8,0.0,14.0,0.0,14.0,0.7,170.0,3.0,9.0,315.0,1876.0,2430.0,12.0,1.0,2.0,0.0,0.0,1.0,2,synthetic_train,
1992.0,0.0,2.1,1.0,17.0,1.0,35.0,0.6,104.0,1.0,13.0,618.0,1785.0,941.0,16.0,8.0,14.0,1.0,1.0,0.0,0,synthetic_train,
1783.0,0.0,1.8,1.0,1.0,1.0,46.0,0.7,138.0,8.0,16.0,1165.0,508.0,1734.0,5.0,6.0,8.0,0.0,1.0,0.0,1,synthetic_train,
936.0,0.0,2.3,1.0,7.0,0.0,6.0,0.7,182.0,7.0,10.0,455.0,1760.0,2321.0,10.0,9.0,10.0,0.0,0.0,1.0,1,synthetic_train,
881.0,0.0,1.8,0.0,19.0,0.0,50.0,0.2,136.0,1.0,2.0,784.0,1334.0,329.0,14.0,4.0,13.0,1.0,1.0,1.0,0,synthetic_train,
872.0,0.0,2.8,1.0,17.0,0.0,14.0,0.2,174.0,1.0,8.0,503.0,1765.0,1158.0,6.0,5.0,14.0,0.0,0.0,0.0,0,synthetic_train,
1878.0,1.0,1.0,1.0,19.0,0.0,20.0,0.7,155.0,5.0,15.0,1933.0,1432.0,2452.0,17.0,16.0,20.0,1.0,1.0,0.0,2,synthetic_train,
1335.0,1.0,2.9,1.0,3.0,1.0,28.0,0.7,152.0,8.0,13.0,1005.0,1531.0,310.0,14.0,15.0,12.0,0.0,0.0,1.0,0,synthetic_train,
1181.0,0.0,2.5,1.0,9.0,1.0,33.0,0.6,111.0,5.0,12.0,1414.0,1365.0,2108.0,5.0,5.0,5.0,0.0,1.0,1.0,1,synthetic_train,
1952.0,0.0,2.7,0.0,2.0,0.0,59.0,0.3,200.0,1.0,10.0,1020.0,1601.0,2515.0,5.0,3.0,15.0,1.0,1.0,1.0,2,synthetic_train,
1405.0,0.0,1.7,1.0,17.0,0.0,16.0,0.8,110.0,6.0,10.0,20.0,1721.0,1061.0,7.0,18.0,3.0,0.0,0.0,1.0,0,synthetic_train,
1864.0,1.0,2.6,0.0,10.0,1.0,18.0,0.2,192.0,4.0,20.0,517.0,1261.0,863.0,14.0,12.0,18.0,0.0,1.0,0.0,0,synthetic_train,
1976.0,0.0,1.3,1.0,4.0,1.0,25.0,0.7,199.0,6.0,12.0,1646.0,668.0,2091.0,12.0,9.0,7.0,0.0,1.0,1.0,2,synthetic_train,
619.0,1.0,2.4,1.0,1.0,0.0,56.0,0.2,141.0,3.0,12.0,1002.0,639.0,2945.0,12.0,13.0,15.0,1.0,0.0,1.0,2,synthetic_train,
1042.0,1.0,0.9,1.0,14.0,1.0,62.0,0.7,185.0,1.0,7.0,1378.0,1122.0,303.0,13.0,4.0,4.0,0.0,1.0,1.0,0,synthetic_train,
1601.0,1.0,1.3,0.0,16.0,0.0,30.0,0.5,166.0,1.0,10.0,1493.0,1209.0,1520.0,12.0,8.0,9.0,1.0,1.0,1.0,2,synthetic_train,
1719.0,0.0,1.6,0.0,17.0,0.0,45.0,0.7,169.0,6.0,14.0,1100.0,1794.0,3997.0,10.0,7.0,15.0,0.0,0.0,0.0,3,synthetic_train,
722.0,1.0,1.3,1.0,19.0,1.0,59.0,0.1,88.0,6.0,18.0,1132.0,549.0,1512.0,5.0,13.0,13.0,1.0,0.0,1.0,0,synthetic_train,
977.0,1.0,1.5,1.0,16.0,1.0,55.0,0.6,96.0,3.0,16.0,463.0,1832.0,1499.0,5.0,3.0,2.0,1.0,0.0,0.0,1,synthetic_train,
1322.0,1.0,2.6,0.0,15.0,1.0,44.0,0.2,88.0,1.0,13.0,488.0,582.0,3017.0,15.0,9.0,2.0,1.0,0.0,1.0,2,synthetic_train,
1698.0,1.0,1.1,0.0,16.0,1.0,36.0,0.7,83.0,7.0,16.0,292.0,1247.0,2053.0,16.0,15.0,20.0,1.0,1.0,1.0,1,synthetic_train,
669.0,1.0,2.4,0.0,19.0,0.0,64.0,0.2,181.0,2.0,0.0,583.0,1133.0,1720.0,8.0,3.0,12.0,1.0,1.0,0.0,0,synthetic_train,
1401.0,0.0,0.7,1.0,9.0,1.0,17.0,0.2,101.0,2.0,5.0,1232.0,1336.0,3193.0,8.0,2.0,18.0,0.0,0.0,1.0,3,synthetic_train,
944.0,1.0,2.4,0.0,15.0,0.0,24.0,0.7,80.0,4.0,5.0,1820.0,563.0,371.0,11.0,15.0,3.0,0.0,0.0,1.0,0,synthetic_train,
824.0,1.0,2.5,0.0,16.0,0.0,46.0,0.2,193.0,6.0,13.0,862.0,1645.0,2923.0,14.0,16.0,11.0,0.0,1.0,1.0,2,synthetic_train,
1273.0,0.0,1.5,1.0,2.0,1.0,3.0,0.3,113.0,8.0,15.0,1180.0,701.0,1680.0,13.0,8.0,12.0,0.0,0.0,0.0,1,synthetic_train,
1121.0,0.0,2.3,0.0,13.0,0.0,33.0,0.8,178.0,6.0,3.0,1689.0,1668.0,3581.0,13.0,0.0,19.0,1.0,1.0,0.0,3,synthetic_train,
1453.0,1.0,2.8,1.0,6.0,0.0,55.0,0.8,196.0,8.0,4.0,1328.0,1349.0,2969.0,5.0,10.0,15.0,0.0,0.0,1.0,2,synthetic_train,
976.0,0.0,2.5,0.0,2.0,1.0,13.0,0.9,143.0,6.0,10.0,514.0,1831.0,3779.0,11.0,5.0,13.0,1.0,1.0,1.0,3,synthetic_train,
1734.0,0.0,1.5,1.0,3.0,1.0,52.0,0.4,192.0,7.0,20.0,551.0,1967.0,737.0,16.0,11.0,7.0,1.0,1.0,1.0,0,synthetic_train,
617.0,1.0,1.7,1.0,2.0,1.0,27.0,0.6,197.0,2.0,0.0,1250.0,1764.0,964.0,13.0,2.0,20.0,0.0,1.0,1.0,0,synthetic_train,
1792.0,1.0,2.4,1.0,17.0,0.0,56.0,0.8,97.0,1.0,18.0,564.0,1177.0,3636.0,17.0,15.0,8.0,0.0,0.0,0.0,3,synthetic_train,
544.0,1.0,1.2,0.0,15.0,1.0,41.0,0.2,97.0,6.0,4.0,487.0,1121.0,1717.0,15.0,13.0,7.0,1.0,0.0,0.0,0,synthetic_train,
1603.0,0.0,2.5,0.0,2.0,0.0,11.0,0.8,124.0,8.0,5.0,1160.0,1493.0,3308.0,18.0,12.0,15.0,0.0,0.0,1.0,3,synthetic_train,
1019.0,0.0,1.3,0.0,12.0,1.0,48.0,0.2,147.0,6.0,13.0,1247.0,1473.0,2826.0,13.0,9.0,20.0,0.0,0.0,0.0,2,synthetic_train,
1075.0,1.0,2.5,1.0,13.0,1.0,5.0,0.9,175.0,3.0,15.0,496.0,1684.0,2126.0,13.0,4.0,18.0,0.0,1.0,0.0,1,synthetic_train,
528.0,1.0,0.7,0.0,10.0,1.0,17.0,0.7,102.0,4.0,18.0,94.0,1224.0,424.0,13.0,17.0,5.0,1.0,1.0,1.0,0,synthetic_train,
1553.0,0.0,0.6,0.0,12.0,1.0,57.0,0.5,103.0,1.0,0.0,1506.0,1193.0,532.0,8.0,5.0,17.0,0.0,0.0,1.0,1,synthetic_train,
748.0,0.0,3.0,0.0,18.0,0.0,57.0,0.5,117.0,3.0,1.0,768.0,676.0,2939.0,11.0,6.0,8.0,0.0,0.0,1.0,1,synthetic_train,
1488.0,0.0,2.7,1.0,10.0,0.0,4.0,0.3,112.0,6.0,10.0,1241.0,753.0,620.0,7.0,17.0,6.0,0.0,0.0,0.0,0,synthetic_train,
1587.0,1.0,2.7,1.0,13.0,1.0,25.0,0.4,193.0,2.0,11.0,338.0,1731.0,274.0,11.0,0.0,19.0,1.0,1.0,0.0,0,synthetic_train,
1767.0,0.0,2.9,1.0,11.0,1.0,7.0,0.8,127.0,4.0,5.0,616.0,1982.0,1077.0,7.0,2.0,20.0,1.0,0.0,0.0,1,synthetic_train,
1562.0,1.0,1.6,1.0,7.0,0.0,19.0,0.6,185.0,3.0,13.0,1188.0,1402.0,3677.0,12.0,14.0,9.0,0.0,0.0,0.0,3,synthetic_train,
952.0,0.0,1.2,1.0,17.0,0.0,62.0,0.6,86.0,4.0,5.0,243.0,1015.0,2600.0,19.0,6.0,2.0,0.0,0.0,0.0,2,synthetic_train,
1607.0,1.0,0.8,0.0,8.0,0.0,14.0,0.3,92.0,7.0,19.0,621.0,586.0,2944.0,11.0,11.0,5.0,1.0,0.0,1.0,3,synthetic_train,
1738.0,0.0,1.8,0.0,15.0,0.0,42.0,0.7,177.0,8.0,3.0,1409.0,564.0,2697.0,16.0,11.0,12.0,0.0,1.0,1.0,2,synthetic_train,
975.0,1.0,1.1,0.0,12.0,1.0,52.0,0.5,110.0,4.0,13.0,1512.0,1514.0,2372.0,11.0,15.0,3.0,1.0,1.0,1.0,2,synthetic_train,
686.0,1.0,2.8,0.0,13.0,0.0,57.0,0.3,89.0,7.0,11.0,692.0,1462.0,1215.0,18.0,11.0,6.0,0.0,1.0,0.0,0,synthetic_train,
1835.0,0.0,0.5,0.0,15.0,0.0,24.0,0.9,151.0,6.0,2.0,224.0,924.0,1861.0,8.0,8.0,4.0,1.0,1.0,1.0,1,synthetic_train,
721.0,0.0,0.9,0.0,14.0,1.0,45.0,0.6,97.0,8.0,12.0,50.0,782.0,2295.0,17.0,10.0,20.0,1.0,1.0,0.0,1,synthetic_train,
1390.0,1.0,1.1,0.0,11.0,0.0,32.0,0.6,87.0,6.0,3.0,1090.0,603.0,3954.0,15.0,14.0,8.0,1.0,1.0,0.0,3,synthetic_train,
854.0,1.0,1.0,0.0,12.0,0.0,8.0,1.0,129.0,5.0,11.0,1360.0,1522.0,3621.0,18.0,7.0,9.0,1.0,0.0,0.0,3,synthetic_train,
689.0,1.0,1.1,1.0,10.0,1.0,16.0,0.4,146.0,6.0,13.0,1164.0,1409.0,3012.0,6.0,3.0,10.0,0.0,0.0,0.0,2,synthetic_train,
1664.0,1.0,2.1,1.0,6.0,0.0,49.0,0.9,143.0,3.0,1.0,794.0,999.0,3300.0,18.0,9.0,2.0,1.0,1.0,1.0,3,synthetic_train,
715.0,1.0,1.3,1.0,14.0,1.0,45.0,0.7,150.0,6.0,4.0,43.0,1597.0,3277.0,18.0,18.0,12.0,1.0,1.0,1.0,2,synthetic_train,
1505.0,1.0,2.0,0.0,17.0,1.0,34.0,0.7,82.0,6.0,6.0,443.0,1767.0,2755.0,9.0,2.0,19.0,1.0,1.0,1.0,3,synthetic_train,
1539.0,0.0,2.7,0.0,14.0,1.0,51.0,0.3,115.0,5.0,19.0,70.0,1275.0,3345.0,14.0,3.0,17.0,0.0,1.0,0.0,3,synthetic_train,
590.0,1.0,2.0,1.0,15.0,0.0,45.0,0.1,121.0,1.0,4.0,906.0,893.0,530.0,13.0,18.0,6.0,1.0,0.0,0.0,0,synthetic_train,
759.0,0.0,2.2,1.0,16.0,1.0,23.0,0.5,115.0,5.0,19.0,604.0,508.0,337.0,5.0,15.0,2.0,1.0,1.0,0.0,0,synthetic_train,
1691.0,0.0,1.4,0.0,7.0,1.0,20.0,0.1,147.0,6.0,11.0,139.0,1692.0,1918.0,12.0,2.0,16.0,1.0,0.0,1.0,1,synthetic_train,
1260.0,0.0,0.9,0.0,1.0,0.0,61.0,0.2,107.0,2.0,19.0,1194.0,1364.0,460.0,14.0,4.0,17.0,0.0,0.0,1.0,0,synthetic_train,
682.0,0.0,1.3,0.0,6.0,1.0,63.0,0.6,156.0,7.0,17.0,726.0,1020.0,1526.0,8.0,13.0,19.0,0.0,1.0,1.0,0,synthetic_train,
1987.0,0.0,2.9,1.0,15.0,1.0,3.0,0.8,193.0,7.0,6.0,1887.0,509.0,998.0,10.0,14.0,12.0,0.0,0.0,0.0,1,synthetic_train,
897.0,1.0,2.1,0.0,16.0,1.0,51.0,0.3,159.0,5.0,11.0,818.0,1720.0,3840.0,13.0,13.0,10.0,1.0,0.0,0.0,3,synthetic_train,
506.0,0.0,1.2,1.0,10.0,0.0,10.0,0.8,127.0,8.0,15.0,178.0,1888.0,2708.0,18.0,16.0,16.0,0.0,1.0,1.0,1,synthetic_train,
1886.0,0.0,1.6,0.0,15.0,1.0,56.0,1.0,132.0,7.0,1.0,1382.0,1221.0,413.0,5.0,9.0,15.0,1.0,1.0,1.0,0,synthetic_train,
524.0,0.0,2.6,1.0,1.0,0.0,39.0,0.8,150.0,4.0,13.0,1378.0,900.0,2591.0,19.0,16.0,16.0,1.0,1.0,0.0,1,synthetic_train,
1330.0,1.0,2.2,1.0,12.0,0.0,45.0,0.8,167.0,8.0,9.0,1822.0,1429.0,2997.0,17.0,11.0,7.0,1.0,0.0,1.0,3,synthetic_train,
1989.0,1.0,1.9,1.0,13.0,0.0,46.0,0.7,116.0,8.0,0.0,1358.0,1805.0,1473.0,17.0,9.0,19.0,1.0,0.0,1.0,2,synthetic_train,
1366.0,1.0,2.7,0.0,10.0,0.0,40.0,0.3,84.0,1.0,18.0,709.0,1380.0,3560.0,5.0,12.0,2.0,1.0,1.0,0.0,2,synthetic_train,
1376.0,0.0,2.2,1.0,14.0,0.0,17.0,0.4,165.0,8.0,5.0,1312.0,518.0,3897.0,13.0,8.0,3.0,0.0,0.0,1.0,3,synthetic_train,
1082.0,1.0,2.1,1.0,9.0,1.0,52.0,1.0,160.0,1.0,18.0,1565.0,792.0,3926.0,10.0,11.0,14.0,0.0,0.0,0.0,3,synthetic_train,
690.0,1.0,1.0,0.0,10.0,1.0,36.0,0.7,92.0,4.0,4.0,1012.0,645.0,604.0,18.0,15.0,12.0,1.0,1.0,1.0,0,synthetic_train,
1359.0,0.0,0.8,0.0,12.0,0.0,36.0,0.8,155.0,8.0,11.0,1558.0,1116.0,1936.0,16.0,18.0,12.0,1.0,1.0,1.0,1,synthetic_train,
1845.0,1.0,2.9,0.0,15.0,0.0,22.0,1.0,88.0,6.0,7.0,1895.0,1176.0,3163.0,14.0,11.0,19.0,0.0,1.0,1.0,3,synthetic_train,
636.0,0.0,2.0,0.0,4.0,1.0,2.0,0.3,157.0,3.0,18.0,1480.0,1302.0,1913.0,5.0,0.0,18.0,1.0,0.0,0.0,2,synthetic_train,
1820.0,1.0,1.5,0.0,6.0,1.0,36.0,0.4,170.0,6.0,20.0,983.0,1637.0,2055.0,18.0,11.0,15.0,0.0,1.0,0.0,2,synthetic_train,
1122.0,1.0,2.0,1.0,8.0,1.0,23.0,0.7,81.0,2.0,16.0,966.0,668.0,1484.0,12.0,4.0,5.0,0.0,1.0,0.0,0,synthetic_train,
1304.0,0.0,0.7,1.0,4.0,0.0,43.0,0.1,167.0,2.0,17.0,1643.0,1912.0,1823.0,7.0,4.0,3.0,0.0,1.0,1.0,2,synthetic_train,
748.0,1.0,2.6,1.0,6.0,0.0,24.0,0.6,94.0,8.0,16.0,1711.0,895.0,2855.0,18.0,16.0,4.0,0.0,0.0,1.0,2,synthetic_train,
1432.0,0.0,1.0,1.0,7.0,0.0,63.0,0.8,112.0,1.0,6.0,514.0,1281.0,351.0,18.0,8.0,13.0,1.0,1.0,0.0,0,synthetic_train,
773.0,0.0,2.5,1.0,6.0,0.0,44.0,0.6,165.0,8.0,19.0,19.0,816.0,3248.0,12.0,15.0,15.0,1.0,1.0,0.0,2,synthetic_train,
909.0,1.0,1.8,1.0,8.0,1.0,30.0,0.4,122.0,4.0,11.0,1581.0,1032.0,2980.0,14.0,7.0,17.0,1.0,1.0,1.0,3,synthetic_train,
1582.0,1.0,1.2,0.0,10.0,0.0,46.0,0.8,198.0,1.0,7.0,462.0,1748.0,774.0,14.0,11.0,3.0,0.0,0.0,0.0,0,synthetic_train,
575.0,1.0,0.6,1.0,13.0,1.0,42.0,0.2,195.0,7.0,4.0,1954.0,566.0,3144.0,9.0,12.0,7.0,1.0,1.0,0.0,3,synthetic_train,
1170.0,1.0,2.5,0.0,6.0,1.0,41.0,0.9,199.0,1.0,14.0,70.0,1224.0,2207.0,16.0,16.0,8.0,1.0,1.0,0.0,2,synthetic_train,
1391.0,0.0,0.9,0.0,16.0,1.0,38.0,0.2,92.0,3.0,5.0,1784.0,1374.0,1449.0,19.0,3.0,14.0,0.0,0.0,1.0,1,synthetic_train,
698.0,1.0,0.6,0.0,9.0,0.0,60.0,0.9,101.0,2.0,13.0,1329.0,1354.0,1960.0,19.0,10.0,2.0,1.0,0.0,0.0,1,synthetic_train,
942.0,1.0,2.4,1.0,14.0,0.0,22.0,0.5,102.0,7.0,1.0,596.0,1069.0,2190.0,15.0,7.0,17.0,0.0,1.0,0.0,1,synthetic_train,
1015.0,1.0,1.4,0.0,2.0,0.0,29.0,0.5,150.0,4.0,13.0,68.0,1066.0,1044.0,10.0,8.0,3.0,0.0,0.0,0.0,0,synthetic_train,
1495.0,1.0,1.5,1.0,3.0,0.0,17.0,0.6,132.0,6.0,13.0,1659.0,1862.0,2525.0,18.0,16.0,11.0,1.0,1.0,0.0,3,synthetic_train,
1965.0,1.0,1.1,1.0,9.0,1.0,37.0,0.3,170.0,1.0,11.0,234.0,861.0,2611.0,18.0,2.0,19.0,1.0,0.0,1.0,2,synthetic_train,
1754.0,1.0,2.6,0.0,7.0,1.0,64.0,0.5,114.0,6.0,13.0,186.0,1219.0,1632.0,5.0,10.0,5.0,0.0,0.0,0.0,1,synthetic_train,
784.0,0.0,1.2,0.0,9.0,0.0,40.0,0.9,104.0,6.0,20.0,1549.0,1046.0,1979.0,10.0,7.0,15.0,0.0,1.0,1.0,0,synthetic_train,
527.0,0.0,1.0,0.0,3.0,1.0,15.0,0.8,158.0,3.0,17.0,1328.0,1647.0,2560.0,13.0,17.0,12.0,1.0,0.0,0.0,2,synthetic_train,
577.0,0.0,1.3,1.0,9.0,1.0,60.0,0.2,154.0,8.0,9.0,249.0,1707.0,2140.0,13.0,4.0,17.0,0.0,1.0,1.0,1,synthetic_train,
1393.0,1.0,1.0,0.0,13.0,0.0,51.0,0.7,163.0,4.0,18.0,670.0,1771.0,1880.0,15.0,4.0,13.0,1.0,1.0,0.0,1,synthetic_train,
734.0,1.0,1.3,1.0,14.0,1.0,29.0,0.9,117.0,6.0,20.0,1306.0,627.0,3835.0,12.0,1.0,18.0,0.0,1.0,0.0,3,synthetic_train,
846.0,0.0,0.7,0.0,4.0,1.0,11.0,0.8,143.0,2.0,3.0,1291.0,647.0,3542.0,5.0,8.0,9.0,0.0,1.0,0.0,2,synthetic_train,
1771.0,1.0,0.9,1.0,6.0,1.0,27.0,0.5,192.0,8.0,7.0,710.0,1062.0,1676.0,7.0,0.0,5.0,0.0,1.0,1.0,2,synthetic_train,
1810.0,1.0,1.5,1.0,10.0,1.0,52.0,0.1,153.0,2.0,15.0,808.0,1160.0,2945.0,16.0,9.0,14.0,0.0,0.0,1.0,3,synthetic_train,
1758.0,0.0,2.7,1.0,10.0,0.0,38.0,0.9,192.0,6.0,10.0,156.0,594.0,3288.0,15.0,4.0,20.0,1.0,1.0,0.0,3,synthetic_train,
880.0,0.0,0.6,1.0,15.0,1.0,13.0,0.5,132.0,1.0,2.0,17.0,1839.0,669.0,14.0,7.0,10.0,1.0,1.0,0.0,0,synthetic_train,
1429.0,1.0,1.0,0.0,7.0,1.0,11.0,0.4,85.0,1.0,9.0,1897.0,1844.0,2471.0,11.0,11.0,17.0,1.0,0.0,0.0,3,synthetic_train,
1416.0,0.0,2.8,1.0,13.0,0.0,62.0,0.8,172.0,2.0,7.0,453.0,1136.0,3248.0,9.0,13.0,18.0,1.0,0.0,0.0,3,synthetic_train,
777.0,1.0,2.7,0.0,17.0,1.0,30.0,0.3,135.0,8.0,15.0,1818.0,1653.0,470.0,9.0,1.0,14.0,0.0,0.0,0.0,0,synthetic_train,
1330.0,1.0,2.2,0.0,5.0,1.0,45.0,0.9,85.0,2.0,10.0,83.0,1347.0,1519.0,15.0,2.0,17.0,1.0,0.0,1.0,1,synthetic_train,
1287.0,1.0,1.1,0.0,16.0,0.0,24.0,0.2,96.0,8.0,2.0,1941.0,1484.0,3242.0,12.0,6.0,12.0,1.0,0.0,1.0,3,synthetic_train,
1094.0,0.0,1.5,1.0,6.0,0.0,7.0,0.8,117.0,5.0,1.0,837.0,1808.0,3757.0,6.0,9.0,17.0,1.0,0.0,1.0,3,synthetic_train,
1627.0,1.0,1.0,1.0,6.0,1.0,27.0,1.0,103.0,1.0,6.0,1580.0,637.0,3970.0,10.0,16.0,8.0,1.0,1.0,0.0,3,synthetic_train,
1516.0,0.0,0.8,1.0,13.0,1.0,45.0,1.0,162.0,4.0,3.0,1647.0,848.0,2514.0,17.0,2.0,11.0,0.0,0.0,0.0,2,synthetic_train,
1298.0,0.0,1.4,0.0,12.0,0.0,23.0,0.9,153.0,4.0,18.0,690.0,1141.0,415.0,13.0,1.0,3.0,0.0,1.0,1.0,0,synthetic_train,
1588.0,0.0,1.9,0.0,10.0,0.0,40.0,0.9,119.0,3.0,5.0,1447.0,1840.0,359.0,17.0,11.0,5.0,1.0,0.0,0.0,0,synthetic_train,
1644.0,0.0,1.4,1.0,4.0,1.0,29.0,0.4,90.0,5.0,13.0,655.0,1387.0,3292.0,12.0,18.0,13.0,0.0,1.0,0.0,3,synthetic_train,
1350.0,0.0,2.0,1.0,1.0,0.0,23.0,1.0,89.0,7.0,2.0,1547.0,1095.0,3004.0,12.0,15.0,15.0,1.0,1.0,0.0,2,synthetic_train,
901.0,1.0,1.2,1.0,18.0,0.0,18.0,0.9,194.0,8.0,9.0,1880.0,543.0,981.0,19.0,10.0,2.0,1.0,1.0,1.0,0,synthetic_train,
1637.0,0.0,1.4,0.0,17.0,0.0,18.0,0.6,121.0,5.0,19.0,1582.0,1388.0,745.0,12.0,0.0,3.0,1.0,1.0,1.0,1,synthetic_train,
1576.0,1.0,2.5,0.0,17.0,0.0,18.0,0.5,92.0,8.0,13.0,1427.0,904.0,801.0,7.0,10.0,2.0,0.0,0.0,1.0,0,synthetic_train,
1975.0,0.0,2.7,0.0,10.0,1.0,47.0,0.2,166.0,8.0,6.0,729.0,991.0,3539.0,11.0,8.0,11.0,0.0,1.0,1.0,3,synthetic_train,
724.0,0.0,1.3,1.0,17.0,0.0,23.0,0.6,185.0,1.0,15.0,213.0,1992.0,3118.0,14.0,8.0,8.0,0.0,0.0,0.0,2,synthetic_train,
1128.0,1.0,1.9,0.0,9.0,1.0,48.0,0.7,94.0,6.0,10.0,992.0,1290.0,3805.0,10.0,9.0,3.0,1.0,1.0,1.0,3,synthetic_train,
1886.0,1.0,1.2,1.0,1.0,1.0,21.0,0.5,194.0,7.0,4.0,254.0,707.0,681.0,11.0,10.0,17.0,1.0,1.0,1.0,0,synthetic_train,
1271.0,1.0,0.6,0.0,3.0,1.0,22.0,0.5,167.0,1.0,20.0,997.0,573.0,2858.0,18.0,13.0,12.0,0.0,1.0,1.0,2,synthetic_train,
1913.0,1.0,2.3,0.0,5.0,1.0,60.0,0.6,110.0,5.0,19.0,1704.0,1081.0,3713.0,11.0,3.0,2.0,0.0,0.0,1.0,3,synthetic_train,
518.0,0.0,0.9,1.0,7.0,1.0,57.0,0.1,173.0,8.0,11.0,222.0,597.0,2250.0,9.0,1.0,15.0,0.0,0.0,1.0,0,synthetic_train,
552.0,0.0,1.6,0.0,18.0,1.0,27.0,1.0,130.0,3.0,0.0,1766.0,1142.0,3153.0,6.0,0.0,19.0,1.0,1.0,0.0,2,synthetic_train,
1694.0,1.0,1.7,0.0,6.0,1.0,18.0,0.4,156.0,7.0,8.0,1172.0,1121.0,2509.0,11.0,7.0,9.0,1.0,0.0,1.0,2,synthetic_train,
1037.0,1.0,1.0,1.0,12.0,0.0,47.0,0.2,95.0,8.0,10.0,92.0,1818.0,282.0,16.0,9.0,20.0,0.0,1.0,0.0,0,synthetic_train,
1280.0,0.0,0.7,0.0,5.0,1.0,6.0,0.1,109.0,6.0,19.0,1412.0,1002.0,1861.0,9.0,14.0,9.0,1.0,0.0,1.0,1,synthetic_train,
1142.0,0.0,1.4,1.0,12.0,0.0,30.0,0.9,173.0,6.0,15.0,0.0,914.0,1234.0,12.0,8.0,3.0,0.0,0.0,0.0,1,synthetic_train,
1111.0,1.0,2.9,0.0,11.0,0.0,39.0,0.9,177.0,5.0,4.0,1198.0,1423.0,568.0,14.0,10.0,4.0,1.0,1.0,1.0,0,synthetic_train,
1909.0,1.0,2.0,0.0,3.0,0.0,44.0,0.2,81.0,4.0,10.0,995.0,1457.0,2485.0,18.0,18.0,3.0,0.0,0.0,1.0,3,synthetic_train,
641.0,0.0,1.5,0.0,9.0,1.0,8.0,0.2,105.0,4.0,3.0,1462.0,556.0,3732.0,17.0,14.0,7.0,1.0,0.0,1.0,3,synthetic_train,
1658.0,0.0,0.6,0.0,2.0,1.0,2.0,0.5,153.0,5.0,9.0,737.0,625.0,457.0,9.0,13.0,9.0,1.0,0.0,0.0,0,synthetic_train,
1834.0,1.0,2.0,0.0,17.0,0.0,19.0,0.3,189.0,4.0,11.0,233.0,751.0,1488.0,7.0,6.0,10.0,0.0,1.0,1.0,1,synthetic_train,
1486.0,0.0,0.7,1.0,14.0,1.0,9.0,0.8,161.0,7.0,10.0,759.0,1664.0,2762.0,15.0,2.0,11.0,1.0,1.0,1.0,2,synthetic_train,
1092.0,0.0,1.9,0.0,18.0,0.0,33.0,0.2,165.0,7.0,8.0,1493.0,814.0,1426.0,8.0,17.0,18.0,1.0,1.0,0.0,0,synthetic_train,
740.0,0.0,2.4,0.0,17.0,0.0,59.0,0.6,127.0,3.0,9.0,1870.0,1988.0,692.0,10.0,10.0,2.0,0.0,1.0,1.0,1,synthetic_train,
1523.0,1.0,1.6,1.0,4.0,0.0,20.0,0.4,86.0,5.0,16.0,408.0,1160.0,972.0,6.0,1.0,19.0,1.0,1.0,0.0,0,synthetic_train,
1203.0,0.0,1.2,0.0,14.0,1.0,30.0,0.5,172.0,2.0,10.0,689.0,1899.0,348.0,16.0,9.0,6.0,0.0,0.0,1.0,0,synthetic_train,
724.0,0.0,0.6,0.0,2.0,0.0,15.0,0.5,176.0,2.0,0.0,1719.0,870.0,3970.0,7.0,1.0,20.0,1.0,0.0,0.0,3,synthetic_train,
1039.0,0.0,0.6,1.0,19.0,0.0,4.0,0.2,133.0,3.0,15.0,613.0,1135.0,2095.0,10.0,18.0,4.0,1.0,1.0,0.0,1,synthetic_train,
1942.0,1.0,1.6,1.0,15.0,1.0,46.0,0.3,141.0,1.0,12.0,480.0,706.0,3784.0,11.0,10.0,3.0,1.0,0.0,0.0,3,synthetic_train,
898.0,0.0,2.7,0.0,13.0,0.0,18.0,0.2,108.0,7.0,14.0,1630.0,1768.0,2822.0,5.0,14.0,4.0,1.0,0.0,1.0,2,synthetic_train,
767.0,0.0,1.1,0.0,19.0,1.0,36.0,0.2,134.0,2.0,14.0,964.0,1395.0,1563.0,16.0,8.0,7.0,1.0,0.0,1.0,0,synthetic_train,
1522.0,0.0,1.9,0.0,16.0,1.0,45.0,1.0,109.0,3.0,3.0,1143.0,613.0,3783.0,14.0,0.0,19.0,0.0,1.0,1.0,3,synthetic_train,
799.0,1.0,2.2,1.0,17.0,0.0,54.0,0.4,130.0,3.0,20.0,955.0,1615.0,1229.0,13.0,12.0,10.0,1.0,1.0,1.0,0,synthetic_train,
1879.0,1.0,0.7,0.0,2.0,1.0,13.0,0.4,96.0,2.0,20.0,1182.0,1829.0,932.0,7.0,12.0,5.0,0.0,0.0,0.0,1,synthetic_train,
1788.0,1.0,0.9,1.0,0.0,1.0,38.0,0.2,153.0,3.0,3.0,527.0,1527.0,3270.0,5.0,4.0,14.0,0.0,1.0,0.0,3,synthetic_train,
1975.0,0.0,1.3,0.0,19.0,0.0,59.0,0.8,109.0,6.0,4.0,1435.0,1711.0,2327.0,5.0,13.0,11.0,1.0,1.0,1.0,2,synthetic_train,
1868.0,1.0,2.2,0.0,5.0,0.0,32.0,0.9,167.0,8.0,5.0,709.0,913.0,1837.0,14.0,4.0,15.0,1.0,1.0,0.0,1,synthetic_train,
865.0,0.0,1.6,1.0,8.0,0.0,4.0,0.8,142.0,2.0,20.0,1026.0,1147.0,2457.0,16.0,13.0,16.0,1.0,1.0,0.0,2,synthetic_train,
818.0,1.0,2.3,0.0,0.0,0.0,18.0,0.7,188.0,2.0,19.0,363.0,1780.0,3878.0,16.0,14.0,16.0,0.0,1.0,0.0,3,synthetic_train,
1013.0,0.0,2.7,0.0,12.0,0.0,52.0,0.8,106.0,4.0,5.0,22.0,1411.0,1304.0,17.0,2.0,4.0,0.0,0.0,0.0,0,synthetic_train,
1204.0,1.0,2.4,1.0,16.0,0.0,51.0,0.5,113.0,3.0,13.0,1117.0,1417.0,3629.0,10.0,5.0,11.0,0.0,1.0,1.0,3,synthetic_train,
1819.0,1.0,3.0,1.0,16.0,1.0,21.0,0.9,109.0,7.0,5.0,272.0,1649.0,3665.0,5.0,3.0,13.0,1.0,1.0,0.0,3,synthetic_train,
1600.0,0.0,2.4,0.0,11.0,0.0,14.0,0.8,156.0,2.0,0.0,1790.0,1421.0,3098.0,8.0,13.0,12.0,1.0,0.0,1.0,3,synthetic_train,
1466.0,1.0,2.6,1.0,13.0,0.0,20.0,0.1,92.0,4.0,4.0,1881.0,689.0,844.0,16.0,4.0,20.0,1.0,0.0,1.0,0,synthetic_train,
1817.0,0.0,2.6,1.0,10.0,0.0,17.0,0.5,163.0,5.0,1.0,620.0,819.0,592.0,16.0,12.0,20.0,1.0,0.0,0.0,0,synthetic_train,
1468.0,0.0,2.3,1.0,8.0,1.0,48.0,0.3,179.0,4.0,17.0,566.0,1666.0,706.0,12.0,7.0,17.0,1.0,1.0,0.0,0,synthetic_train,
1068.0,0.0,2.5,0.0,11.0,0.0,55.0,0.2,161.0,5.0,16.0,996.0,863.0,2884.0,5.0,1.0,6.0,1.0,0.0,0.0,3,synthetic_train,
1119.0,1.0,2.8,1.0,18.0,0.0,4.0,0.9,96.0,7.0,3.0,400.0,1497.0,1753.0,16.0,16.0,12.0,1.0,1.0,0.0,1,synthetic_train,
1275.0,0.0,1.7,0.0,5.0,0.0,48.0,0.1,139.0,5.0,11.0,1690.0,1211.0,3951.0,17.0,13.0,17.0,0.0,0.0,1.0,3,synthetic_train,
633.0,1.0,2.1,1.0,9.0,0.0,49.0,0.8,144.0,4.0,4.0,199.0,1429.0,279.0,8.0,4.0,7.0,0.0,1.0,1.0,0,synthetic_train,
1612.0,1.0,1.8,1.0,12.0,0.0,40.0,1.0,127.0,8.0,11.0,887.0,856.0,1653.0,17.0,16.0,15.0,0.0,0.0,1.0,2,synthetic_train,
1479.0,1.0,2.6,0.0,11.0,1.0,56.0,0.5,136.0,8.0,18.0,370.0,965.0,1244.0,14.0,13.0,6.0,0.0,0.0,0.0,0,synthetic_train,
1596.0,1.0,1.6,1.0,0.0,1.0,4.0,0.4,172.0,8.0,18.0,1630.0,1531.0,3555.0,18.0,15.0,4.0,1.0,1.0,1.0,3,synthetic_train,
1300.0,0.0,2.5,0.0,5.0,0.0,46.0,0.6,180.0,1.0,17.0,282.0,757.0,709.0,14.0,3.0,6.0,1.0,0.0,1.0,0,synthetic_train,
1674.0,1.0,2.5,0.0,12.0,0.0,10.0,0.8,116.0,7.0,5.0,875.0,962.0,1783.0,6.0,0.0,19.0,1.0,0.0,0.0,1,synthetic_train,
1924.0,0.0,2.9,1.0,13.0,0.0,58.0,0.3,119.0,8.0,4.0,1634.0,1996.0,3499.0,14.0,1.0,20.0,1.0,1.0,1.0,3,synthetic_train,
1354.0,1.0,1.1,1.0,14.0,0.0,33.0,0.3,105.0,7.0,3.0,863.0,727.0,3891.0,6.0,10.0,18.0,1.0,0.0,0.0,3,synthetic_train,
1166.0,0.0,2.3,1.0,19.0,0.0,7.0,0.6,128.0,6.0,2.0,361.0,1365.0,3685.0,8.0,14.0,7.0,1.0,0.0,1.0,3,synthetic_train,
656.0,1.0,2.4,1.0,13.0,1.0,49.0,0.9,146.0,3.0,12.0,308.0,727.0,2702.0,18.0,17.0,16.0,1.0,0.0,1.0,1,synthetic_train,
1668.0,1.0,2.8,1.0,11.0,0.0,49.0,0.4,166.0,6.0,13.0,1186.0,1560.0,865.0,19.0,18.0,6.0,1.0,1.0,1.0,1,synthetic_train,
1855.0,1.0,2.8,0.0,6.0,0.0,31.0,0.4,112.0,5.0,18.0,245.0,690.0,617.0,12.0,11.0,4.0,0.0,0.0,0.0,0,synthetic_train,
1549.0,0.0,1.9,1.0,7.0,0.0,21.0,1.0,106.0,7.0,1.0,696.0,1360.0,1794.0,9.0,11.0,6.0,1.0,1.0,0.0,2,synthetic_train,
1798.0,1.0,1.9,0.0,16.0,1.0,3.0,0.3,84.0,3.0,5.0,1199.0,1159.0,2049.0,10.0,5.0,4.0,1.0,0.0,1.0,2,synthetic_train,
1791.0,0.0,0.9,0.0,9.0,1.0,59.0,0.2,91.0,6.0,15.0,744.0,1536.0,2180.0,8.0,0.0,14.0,0.0,1.0,0.0,2,synthetic_train,
1697.0,0.0,2.9,0.0,14.0,0.0,13.0,0.6,86.0,7.0,14.0,1622.0,504.0,442.0,13.0,3.0,14.0,0.0,0.0,1.0,0,synthetic_train,
1254.0,0.0,1.1,0.0,2.0,0.0,55.0,0.1,105.0,7.0,8.0,1348.0,1273.0,2783.0,11.0,1.0,2.0,0.0,0.0,1.0,3,synthetic_train,
649.0,1.0,2.3,0.0,2.0,1.0,39.0,0.3,164.0,2.0,3.0,265.0,1313.0,1734.0,5.0,13.0,4.0,1.0,0.0,0.0,0,synthetic_train,
504.0,1.0,2.5,1.0,4.0,1.0,45.0,0.7,173.0,7.0,10.0,1602.0,860.0,662.0,14.0,9.0,11.0,0.0,1.0,0.0,0,synthetic_train,
806.0,1.0,1.6,1.0,3.0,1.0,45.0,0.7,197.0,2.0,3.0,1784.0,947.0,3682.0,14.0,14.0,4.0,1.0,1.0,0.0,2,synthetic_train,
1146.0,0.0,1.0,0.0,12.0,1.0,56.0,0.6,145.0,8.0,11.0,396.0,1558.0,1591.0,15.0,2.0,17.0,0.0,1.0,0.0,1,synthetic_train,
1615.0,0.0,1.0,0.0,12.0,1.0,4.0,0.4,135.0,1.0,18.0,703.0,1328.0,1125.0,19.0,17.0,9.0,0.0,0.0,1.0,1,synthetic_train,
1183.0,1.0,2.6,1.0,11.0,0.0,64.0,0.6,188.0,2.0,4.0,775.0,1367.0,2099.0,15.0,13.0,9.0,0.0,0.0,0.0,1,synthetic_train,
534.0,0.0,1.8,0.0,5.0,1.0,4.0,0.7,97.0,5.0,2.0,833.0,1902.0,3813.0,15.0,17.0,2.0,1.0,0.0,1.0,2,synthetic_train,
815.0,0.0,0.7,1.0,11.0,0.0,64.0,0.8,156.0,5.0,15.0,909.0,1107.0,3342.0,8.0,12.0,15.0,0.0,0.0,1.0,2,synthetic_train,
1968.0,1.0,2.3,1.0,2.0,0.0,18.0,0.8,178.0,6.0,0.0,1754.0,1802.0,630.0,11.0,6.0,15.0,1.0,0.0,0.0,1,synthetic_train,
1982.0,0.0,1.1,0.0,9.0,0.0,55.0,0.7,140.0,4.0,20.0,1277.0,1960.0,2826.0,11.0,11.0,16.0,0.0,1.0,0.0,3,synthetic_train,
1065.0,1.0,2.7,1.0,3.0,0.0,7.0,0.9,111.0,1.0,16.0,1757.0,1364.0,2744.0,19.0,11.0,12.0,0.0,0.0,1.0,2,synthetic_train,
1707.0,1.0,1.3,1.0,1.0,0.0,31.0,0.9,155.0,5.0,8.0,687.0,817.0,3572.0,12.0,3.0,7.0,0.0,0.0,0.0,3,synthetic_train,
1578.0,1.0,1.0,1.0,3.0,0.0,36.0,0.2,200.0,5.0,7.0,1029.0,1126.0,3870.0,15.0,1.0,3.0,0.0,1.0,0.0,3,synthetic_train,
1896.0,1.0,0.7,0.0,2.0,0.0,62.0,1.0,108.0,5.0,8.0,208.0,569.0,3047.0,13.0,12.0,7.0,0.0,0.0,0.0,3,synthetic_train,
1831.0,1.0,1.8,1.0,9.0,1.0,9.0,0.9,148.0,4.0,8.0,542.0,1546.0,2704.0,5.0,1.0,12.0,1.0,0.0,1.0,2,synthetic_train,
1443.0,1.0,1.6,1.0,10.0,1.0,4.0,0.4,86.0,8.0,17.0,1145.0,910.0,1579.0,19.0,1.0,4.0,1.0,1.0,1.0,2,synthetic_train,
1091.0,0.0,2.4,0.0,12.0,0.0,42.0,0.1,108.0,7.0,16.0,337.0,1883.0,3620.0,15.0,1.0,3.0,1.0,1.0,1.0,3,synthetic_train,
1439.0,0.0,1.7,1.0,8.0,1.0,5.0,0.6,172.0,2.0,4.0,1883.0,1478.0,3785.0,8.0,11.0,6.0,0.0,1.0,1.0,3,synthetic_train,
978.0,0.0,1.4,1.0,3.0,0.0,50.0,0.5,140.0,1.0,3.0,532.0,1233.0,3965.0,5.0,17.0,3.0,1.0,1.0,0.0,3,synthetic_train,
1022.0,1.0,1.2,0.0,0.0,1.0,4.0,0.8,104.0,2.0,11.0,316.0,779.0,3829.0,19.0,9.0,2.0,0.0,0.0,1.0,3,synthetic_train,
1413.0,1.0,1.2,0.0,14.0,1.0,63.0,0.6,120.0,1.0,13.0,1530.0,648.0,2658.0,9.0,2.0,11.0,0.0,1.0,1.0,2,synthetic_train,
1357.0,0.0,2.8,1.0,19.0,1.0,35.0,0.2,94.0,6.0,15.0,176.0,1508.0,3835.0,5.0,9.0,16.0,1.0,1.0,1.0,3,synthetic_train,
1371.0,1.0,0.9,0.0,5.0,0.0,61.0,0.3,174.0,5.0,6.0,636.0,1648.0,3184.0,14.0,9.0,11.0,1.0,0.0,1.0,3,synthetic_train,
1077.0,0.0,3.0,1.0,4.0,1.0,9.0,0.9,194.0,4.0,10.0,389.0,898.0,1155.0,5.0,11.0,3.0,1.0,1.0,0.0,0,synthetic_train,
1113.0,1.0,1.3,0.0,6.0,0.0,19.0,0.1,92.0,5.0,2.0,1362.0,515.0,375.0,8.0,8.0,8.0,0.0,0.0,1.0,0,synthetic_train,
515.0,1.0,0.7,1.0,4.0,1.0,30.0,0.8,108.0,7.0,9.0,1653.0,979.0,3926.0,18.0,10.0,2.0,1.0,1.0,1.0,3,synthetic_train,
1402.0,1.0,1.1,1.0,4.0,1.0,3.0,0.4,183.0,7.0,14.0,382.0,1646.0,1855.0,5.0,6.0,13.0,0.0,0.0,0.0,1,synthetic_train,
1363.0,0.0,0.6,1.0,9.0,0.0,8.0,0.5,186.0,4.0,6.0,815.0,1369.0,3525.0,16.0,17.0,6.0,0.0,1.0,0.0,3,synthetic_train,
1903.0,0.0,2.5,1.0,15.0,0.0,22.0,0.6,172.0,5.0,6.0,938.0,627.0,1334.0,14.0,10.0,9.0,0.0,1.0,1.0,1,synthetic_train,
1256.0,1.0,1.8,0.0,14.0,0.0,48.0,0.3,166.0,5.0,9.0,1354.0,672.0,1605.0,9.0,5.0,19.0,0.0,1.0,1.0,1,synthetic_train,
1201.0,1.0,1.3,0.0,19.0,1.0,46.0,0.7,184.0,8.0,18.0,690.0,659.0,3340.0,9.0,0.0,13.0,0.0,0.0,1.0,2,synthetic_train,
601.0,1.0,2.2,1.0,7.0,1.0,7.0,0.7,125.0,7.0,12.0,1025.0,1636.0,2222.0,12.0,12.0,16.0,0.0,0.0,1.0,1,synthetic_train,
795.0,0.0,2.1,1.0,9.0,1.0,5.0,0.2,188.0,3.0,19.0,987.0,1671.0,2792.0,12.0,7.0,8.0,0.0,1.0,0.0,2,synthetic_train,
1007.0,0.0,2.8,0.0,7.0,1.0,43.0,0.4,187.0,8.0,1.0,22.0,1111.0,1454.0,18.0,4.0,19.0,1.0,0.0,1.0,0,synthetic_train,
1065.0,0.0,2.9,1.0,0.0,1.0,24.0,0.8,107.0,4.0,17.0,1117.0,1533.0,2555.0,8.0,9.0,15.0,0.0,0.0,0.0,2,synthetic_train,
1044.0,1.0,2.2,1.0,7.0,1.0,51.0,0.7,88.0,7.0,0.0,1113.0,531.0,2078.0,13.0,9.0,11.0,1.0,1.0,1.0,1,synthetic_train,
1091.0,0.0,2.5,0.0,5.0,0.0,20.0,0.6,143.0,8.0,6.0,1943.0,1342.0,3742.0,15.0,15.0,13.0,0.0,0.0,1.0,3,synthetic_train,
1653.0,0.0,2.5,0.0,9.0,1.0,24.0,0.8,171.0,7.0,8.0,1000.0,907.0,2097.0,5.0,10.0,13.0,1.0,0.0,1.0,1,synthetic_train,
696.0,0.0,1.7,1.0,3.0,0.0,15.0,0.2,182.0,1.0,4.0,1764.0,1730.0,588.0,18.0,13.0,5.0,1.0,0.0,1.0,0,synthetic_train,
998.0,1.0,2.3,1.0,14.0,1.0,18.0,0.2,97.0,2.0,20.0,684.0,1232.0,3013.0,19.0,12.0,6.0,1.0,1.0,1.0,2,synthetic_train,
744.0,1.0,0.7,0.0,16.0,1.0,46.0,0.7,125.0,7.0,18.0,1364.0,1776.0,3826.0,6.0,16.0,15.0,0.0,0.0,0.0,3,synthetic_train,
961.0,1.0,2.4,1.0,19.0,0.0,31.0,0.7,172.0,1.0,11.0,1768.0,1343.0,3560.0,8.0,0.0,10.0,0.0,0.0,1.0,3,synthetic_train,
1526.0,0.0,2.9,1.0,1.0,1.0,43.0,0.8,87.0,1.0,9.0,301.0,1185.0,633.0,16.0,7.0,16.0,0.0,1.0,1.0,0,synthetic_train,
570.0,0.0,0.7,0.0,2.0,0.0,6.0,0.3,167.0,3.0,15.0,1111.0,1919.0,3993.0,17.0,13.0,11.0,0.0,0.0,0.0,3,synthetic_train,
1009.0,0.0,2.6,0.0,19.0,1.0,35.0,0.6,115.0,4.0,14.0,1802.0,1993.0,1554.0,7.0,2.0,3.0,1.0,1.0,0.0,1,synthetic_train,
535.0,0.0,2.8,1.0,16.0,0.0,30.0,0.7,82.0,2.0,10.0,1090.0,1182.0,3377.0,18.0,8.0,14.0,1.0,1.0,1.0,2,synthetic_train,
1932.0,1.0,1.1,0.0,11.0,0.0,59.0,0.3,109.0,2.0,17.0,1750.0,1036.0,2615.0,9.0,7.0,13.0,1.0,0.0,1.0,3,synthetic_train,
1590.0,1.0,1.8,0.0,6.0,1.0,28.0,0.6,169.0,3.0,4.0,823.0,1468.0,3898.0,9.0,15.0,8.0,1.0,1.0,0.0,3,synthetic_train,
865.0,1.0,2.8,0.0,10.0,0.0,8.0,0.7,185.0,5.0,5.0,1738.0,757.0,1534.0,10.0,18.0,17.0,1.0,0.0,0.0,1,synthetic_train,
797.0,0.0,2.9,1.0,10.0,1.0,45.0,0.3,89.0,5.0,0.0,1233.0,1079.0,2531.0,15.0,2.0,8.0,0.0,1.0,1.0,2,synthetic_train,
648.0,0.0,0.8,0.0,16.0,0.0,11.0,0.4,136.0,7.0,2.0,939.0,1768.0,2810.0,8.0,4.0,4.0,0.0,1.0,0.0,2,synthetic_train,
1209.0,1.0,1.4,1.0,10.0,0.0,59.0,0.3,104.0,8.0,4.0,421.0,1844.0,834.0,13.0,14.0,4.0,1.0,0.0,1.0,0,synthetic_train,
1630.0,0.0,2.2,1.0,0.0,0.0,26.0,0.9,162.0,1.0,13.0,334.0,1122.0,3158.0,6.0,3.0,19.0,1.0,0.0,1.0,2,synthetic_train,
1376.0,0.0,1.1,0.0,13.0,0.0,51.0,0.3,174.0,6.0,17.0,566.0,1085.0,792.0,7.0,9.0,9.0,0.0,0.0,0.0,0,synthetic_train,
1821.0,0.0,1.3,0.0,15.0,0.0,43.0,0.2,196.0,2.0,12.0,1479.0,1810.0,3357.0,16.0,17.0,9.0,1.0,1.0,1.0,3,synthetic_train,
1015.0,0.0,0.6,0.0,5.0,1.0,31.0,0.1,122.0,3.0,9.0,917.0,803.0,728.0,10.0,18.0,7.0,0.0,0.0,0.0,0,synthetic_train,
917.0,1.0,0.9,0.0,2.0,1.0,38.0,0.1,116.0,3.0,5.0,761.0,591.0,927.0,16.0,18.0,16.0,1.0,0.0,0.0,0,synthetic_train,
1217.0,1.0,1.9,1.0,2.0,1.0,13.0,0.3,117.0,6.0,2.0,915.0,609.0,2108.0,16.0,2.0,13.0,1.0,1.0,1.0,1,synthetic_train,
803.0,0.0,2.1,1.0,16.0,0.0,6.0,0.6,172.0,3.0,12.0,675.0,666.0,937.0,19.0,2.0,19.0,1.0,1.0,1.0,0,synthetic_train,
1963.0,1.0,2.1,1.0,8.0,1.0,50.0,0.1,133.0,8.0,2.0,1582.0,1818.0,543.0,7.0,3.0,18.0,1.0,1.0,1.0,1,synthetic_train,
778.0,0.0,2.4,1.0,10.0,1.0,62.0,0.4,82.0,4.0,16.0,766.0,560.0,451.0,19.0,14.0,20.0,0.0,1.0,1.0,0,synthetic_train,
1218.0,0.0,1.5,1.0,19.0,1.0,56.0,0.2,194.0,7.0,8.0,925.0,998.0,1327.0,18.0,3.0,8.0,1.0,0.0,1.0,0,synthetic_train,
1283.0,0.0,1.2,1.0,1.0,1.0,21.0,0.5,92.0,8.0,7.0,1096.0,1402.0,2093.0,11.0,8.0,13.0,0.0,0.0,1.0,1,synthetic_train,
585.0,1.0,0.5,1.0,4.0,0.0,24.0,0.1,192.0,5.0,0.0,1267.0,1413.0,420.0,7.0,15.0,8.0,1.0,0.0,0.0,0,synthetic_train,
1202.0,1.0,1.0,0.0,16.0,0.0,24.0,0.6,99.0,1.0,5.0,654.0,1746.0,770.0,7.0,9.0,15.0,0.0,1.0,0.0,0,synthetic_train,
1182.0,1.0,1.3,1.0,10.0,1.0,46.0,0.7,145.0,6.0,0.0,143.0,1970.0,2545.0,12.0,17.0,16.0,0.0,1.0,1.0,2,synthetic_train,
889.0,0.0,0.9,0.0,0.0,1.0,41.0,0.8,117.0,4.0,15.0,1352.0,1103.0,1448.0,5.0,9.0,6.0,0.0,1.0,0.0,1,synthetic_train,
691.0,0.0,0.6,1.0,14.0,1.0,52.0,0.3,163.0,3.0,10.0,1098.0,849.0,3092.0,6.0,7.0,18.0,1.0,1.0,1.0,2,synthetic_train,
567.0,1.0,0.9,0.0,2.0,1.0,61.0,0.9,128.0,4.0,16.0,1270.0,635.0,3401.0,12.0,18.0,7.0,1.0,0.0,1.0,2,synthetic_train,
512.0,0.0,2.2,1.0,15.0,1.0,26.0,0.7,124.0,3.0,11.0,1066.0,1836.0,369.0,13.0,10.0,20.0,0.0,1.0,0.0,0,synthetic_train,
1222.0,0.0,2.1,1.0,15.0,0.0,43.0,0.2,137.0,3.0,20.0,997.0,1059.0,3806.0,17.0,3.0,18.0,0.0,1.0,1.0,3,synthetic_train,
634.0,1.0,2.8,0.0,16.0,0.0,33.0,0.5,197.0,8.0,16.0,1860.0,1846.0,2814.0,19.0,12.0,2.0,1.0,1.0,0.0,2,synthetic_train,
1938.0,1.0,2.5,1.0,9.0,0.0,62.0,0.8,109.0,3.0,3.0,105.0,1021.0,3333.0,9.0,14.0,9.0,1.0,0.0,0.0,3,synthetic_train,
867.0,0.0,1.9,1.0,5.0,1.0,24.0,0.4,106.0,4.0,2.0,181.0,1633.0,2045.0,9.0,15.0,9.0,0.0,0.0,0.0,0,synthetic_train,
1478.0,0.0,0.8,1.0,17.0,1.0,13.0,0.4,88.0,6.0,18.0,1836.0,1464.0,258.0,7.0,0.0,17.0,1.0,0.0,0.0,1,synthetic_train,
1510.0,1.0,1.9,0.0,11.0,0.0,25.0,0.7,169.0,2.0,5.0,1739.0,1569.0,3569.0,8.0,2.0,15.0,0.0,0.0,0.0,3,synthetic_train,
1243.0,0.0,0.7,1.0,12.0,1.0,40.0,0.1,161.0,5.0,16.0,807.0,1477.0,2382.0,11.0,11.0,2.0,1.0,1.0,0.0,2,synthetic_train,
1825.0,0.0,1.6,1.0,2.0,1.0,62.0,1.0,153.0,8.0,13.0,1060.0,960.0,394.0,19.0,14.0,17.0,1.0,1.0,0.0,0,synthetic_train,
666.0,0.0,1.5,0.0,12.0,1.0,54.0,0.3,82.0,7.0,14.0,881.0,654.0,879.0,18.0,12.0,6.0,0.0,1.0,0.0,0,synthetic_train,
851.0,0.0,1.6,0.0,11.0,1.0,3.0,0.1,175.0,1.0,5.0,1955.0,516.0,1027.0,18.0,7.0,9.0,1.0,1.0,0.0,0,synthetic_train,
878.0,1.0,1.2,1.0,5.0,1.0,34.0,0.1,177.0,4.0,6.0,894.0,1129.0,1662.0,11.0,14.0,5.0,1.0,0.0,1.0,0,synthetic_train,
703.0,1.0,2.2,0.0,15.0,1.0,12.0,0.5,194.0,1.0,11.0,1490.0,1836.0,1911.0,14.0,11.0,4.0,0.0,1.0,1.0,1,synthetic_train,
942.0,1.0,2.6,0.0,2.0,0.0,24.0,0.9,192.0,5.0,0.0,715.0,1463.0,1857.0,15.0,17.0,12.0,0.0,1.0,0.0,1,synthetic_train,
969.0,0.0,2.4,1.0,14.0,0.0,61.0,0.8,111.0,3.0,6.0,747.0,1510.0,3505.0,8.0,6.0,3.0,0.0,0.0,0.0,3,synthetic_train,
1647.0,0.0,2.1,0.0,19.0,1.0,64.0,0.9,165.0,8.0,10.0,1322.0,888.0,3785.0,11.0,14.0,3.0,0.0,0.0,1.0,3,synthetic_train,
952.0,1.0,1.8,0.0,11.0,0.0,11.0,0.6,128.0,2.0,4.0,782.0,1228.0,2796.0,13.0,2.0,16.0,1.0,1.0,0.0,2,synthetic_train,
1815.0,0.0,0.6,0.0,2.0,1.0,10.0,0.5,152.0,7.0,6.0,27.0,1110.0,2628.0,10.0,13.0,8.0,0.0,1.0,1.0,2,synthetic_train,
1659.0,1.0,2.3,0.0,11.0,1.0,45.0,0.4,120.0,3.0,20.0,339.0,704.0,3490.0,12.0,13.0,14.0,1.0,0.0,0.0,3,synthetic_train,
1852.0,1.0,1.9,0.0,10.0,1.0,27.0,0.1,159.0,8.0,6.0,1712.0,1419.0,1257.0,11.0,4.0,20.0,0.0,0.0,0.0,2,synthetic_train,
657.0,0.0,1.2,1.0,11.0,0.0,29.0,0.9,195.0,2.0,18.0,719.0,1044.0,2345.0,5.0,1.0,2.0,0.0,1.0,1.0,1,synthetic_train,
1976.0,1.0,1.3,1.0,5.0,1.0,57.0,0.5,158.0,3.0,19.0,200.0,1103.0,2661.0,16.0,18.0,17.0,1.0,1.0,1.0,2,synthetic_train,
1420.0,1.0,2.8,1.0,12.0,0.0,59.0,0.5,191.0,3.0,14.0,1841.0,1394.0,1324.0,18.0,1.0,4.0,1.0,1.0,0.0,1,synthetic_train,
1973.0,0.0,2.1,0.0,5.0,1.0,58.0,0.6,192.0,8.0,3.0,1960.0,546.0,3818.0,16.0,8.0,16.0,0.0,0.0,0.0,3,synthetic_train,
1032.0,1.0,1.7,0.0,11.0,1.0,51.0,0.8,94.0,6.0,4.0,979.0,1903.0,1137.0,19.0,0.0,7.0,0.0,0.0,1.0,0,synthetic_train,
1929.0,0.0,2.1,1.0,11.0,1.0,63.0,0.3,196.0,7.0,19.0,1231.0,833.0,477.0,11.0,7.0,4.0,1.0,0.0,0.0,0,synthetic_train,
1382.0,1.0,1.5,0.0,12.0,1.0,47.0,0.7,179.0,5.0,0.0,1480.0,1518.0,1466.0,5.0,15.0,6.0,0.0,1.0,0.0,1,synthetic_train,
607.0,1.0,1.7,1.0,15.0,0.0,57.0,0.7,131.0,7.0,10.0,129.0,1663.0,3310.0,9.0,9.0,8.0,0.0,1.0,0.0,1,synthetic_train,
1115.0,0.0,1.2,0.0,17.0,0.0,36.0,0.9,152.0,6.0,12.0,581.0,730.0,1658.0,17.0,4.0,15.0,0.0,1.0,0.0,1,synthetic_train,
706.0,1.0,1.6,1.0,15.0,1.0,5.0,0.1,154.0,6.0,17.0,1102.0,872.0,1067.0,7.0,7.0,14.0,1.0,0.0,1.0,0,synthetic_train,
1911.0,0.0,2.2,1.0,15.0,0.0,53.0,0.3,175.0,7.0,18.0,1078.0,1118.0,3520.0,13.0,1.0,15.0,1.0,1.0,0.0,3,synthetic_train,
956.0,1.0,0.6,1.0,17.0,0.0,60.0,0.5,177.0,8.0,5.0,649.0,1725.0,829.0,5.0,11.0,2.0,0.0,0.0,0.0,0,synthetic_train,
833.0,1.0,2.5,0.0,4.0,1.0,21.0,0.9,92.0,5.0,10.0,3.0,1453.0,850.0,9.0,0.0,20.0,1.0,1.0,0.0,0,synthetic_train,
1329.0,1.0,1.2,0.0,5.0,1.0,28.0,1.0,80.0,4.0,13.0,1868.0,1199.0,3620.0,6.0,6.0,10.0,1.0,0.0,1.0,3,synthetic_train,
1137.0,1.0,2.2,1.0,10.0,1.0,38.0,0.6,109.0,6.0,20.0,1204.0,1773.0,1458.0,6.0,1.0,4.0,1.0,1.0,1.0,1,synthetic_train,
645.0,0.0,2.1,0.0,9.0,1.0,43.0,0.3,143.0,6.0,11.0,1481.0,1208.0,262.0,7.0,4.0,19.0,0.0,1.0,0.0,0,synthetic_train,
1724.0,1.0,2.1,1.0,14.0,0.0,44.0,0.3,182.0,8.0,2.0,857.0,1828.0,1878.0,13.0,1.0,17.0,0.0,1.0,0.0,2,synthetic_train,
1768.0,0.0,2.0,0.0,0.0,1.0,26.0,0.7,158.0,6.0,19.0,994.0,1655.0,3029.0,15.0,17.0,3.0,1.0,0.0,0.0,3,synthetic_train,
1614.0,1.0,2.9,1.0,2.0,1.0,55.0,0.3,96.0,8.0,10.0,871.0,758.0,3089.0,9.0,14.0,10.0,1.0,1.0,1.0,2,synthetic_train,
1425.0,0.0,1.8,0.0,14.0,0.0,53.0,0.6,166.0,6.0,3.0,842.0,1074.0,582.0,17.0,17.0,19.0,1.0,1.0,1.0,0,synthetic_train,
1103.0,1.0,2.3,1.0,16.0,0.0,61.0,0.9,136.0,8.0,3.0,1315.0,537.0,1308.0,10.0,12.0,14.0,0.0,1.0,1.0,0,synthetic_train,
1313.0,0.0,2.3,1.0,6.0,1.0,38.0,0.5,124.0,7.0,4.0,1952.0,857.0,2569.0,16.0,9.0,5.0,1.0,0.0,1.0,2,synthetic_train,
1281.0,1.0,1.1,1.0,6.0,1.0,6.0,0.4,173.0,8.0,15.0,1524.0,533.0,2727.0,12.0,3.0,15.0,0.0,0.0,0.0,2,synthetic_train,
747.0,0.0,1.2,0.0,11.0,0.0,55.0,0.1,115.0,2.0,19.0,1308.0,657.0,2580.0,15.0,18.0,5.0,0.0,1.0,1.0,1,synthetic_train,
622.0,1.0,1.6,0.0,9.0,0.0,7.0,0.3,154.0,8.0,9.0,23.0,506.0,1520.0,19.0,17.0,8.0,0.0,0.0,1.0,0,synthetic_train,
879.0,0.0,1.2,0.0,3.0,0.0,14.0,0.7,102.0,3.0,2.0,1007.0,1507.0,3485.0,19.0,7.0,5.0,1.0,1.0,0.0,3,synthetic_train,
1181.0,0.0,1.4,1.0,10.0,0.0,19.0,0.4,126.0,7.0,18.0,1874.0,1114.0,548.0,13.0,4.0,15.0,0.0,1.0,0.0,0,synthetic_train,
740.0,0.0,1.5,0.0,16.0,0.0,13.0,0.2,147.0,4.0,13.0,780.0,1204.0,3335.0,19.0,7.0,19.0,1.0,0.0,0.0,2,synthetic_train,
660.0,0.0,2.0,1.0,14.0,1.0,47.0,0.2,155.0,4.0,11.0,1077.0,1645.0,3773.0,15.0,7.0,2.0,0.0,0.0,0.0,2,synthetic_train,
1777.0,1.0,1.0,0.0,16.0,1.0,29.0,0.2,191.0,6.0,1.0,636.0,1713.0,2820.0,9.0,17.0,13.0,1.0,1.0,0.0,2,synthetic_train,
1062.0,0.0,2.5,0.0,12.0,0.0,15.0,0.7,115.0,5.0,20.0,374.0,1298.0,1863.0,19.0,1.0,6.0,1.0,1.0,1.0,1,synthetic_train,
1376.0,0.0,1.6,1.0,17.0,0.0,2.0,0.7,188.0,6.0,1.0,1383.0,1186.0,1680.0,7.0,12.0,16.0,1.0,0.0,1.0,1,synthetic_train,
1286.0,0.0,2.3,0.0,4.0,0.0,15.0,0.6,178.0,1.0,12.0,614.0,1474.0,1887.0,12.0,14.0,4.0,1.0,1.0,0.0,1,synthetic_train,
1602.0,0.0,0.7,0.0,0.0,1.0,45.0,0.6,123.0,7.0,12.0,1152.0,1121.0,878.0,7.0,14.0,8.0,1.0,0.0,1.0,1,synthetic_train,
1609.0,1.0,1.7,1.0,2.0,1.0,52.0,0.2,96.0,4.0,10.0,1163.0,1163.0,1086.0,16.0,3.0,5.0,1.0,0.0,1.0,0,synthetic_train,
944.0,1.0,0.6,1.0,19.0,0.0,20.0,0.6,111.0,7.0,11.0,1663.0,947.0,2635.0,18.0,7.0,18.0,1.0,1.0,0.0,2,synthetic_train,
1771.0,0.0,2.2,1.0,12.0,0.0,6.0,0.2,159.0,3.0,8.0,1839.0,784.0,2315.0,17.0,6.0,3.0,0.0,0.0,0.0,3,synthetic_train,
1056.0,1.0,1.4,1.0,4.0,1.0,37.0,0.9,175.0,5.0,12.0,1085.0,798.0,2116.0,6.0,7.0,13.0,1.0,1.0,1.0,1,synthetic_train,
1752.0,1.0,2.9,1.0,17.0,1.0,51.0,0.2,154.0,5.0,7.0,98.0,1482.0,2033.0,9.0,1.0,4.0,0.0,0.0,1.0,2,synthetic_train,
1107.0,1.0,1.3,1.0,6.0,1.0,6.0,0.5,167.0,2.0,9.0,1141.0,1744.0,547.0,10.0,1.0,13.0,0.0,1.0,1.0,0,synthetic_train,
666.0,1.0,1.9,0.0,11.0,0.0,52.0,0.1,92.0,4.0,14.0,1734.0,1135.0,3503.0,6.0,0.0,16.0,0.0,1.0,0.0,3,synthetic_train,
1640.0,1.0,1.1,0.0,4.0,1.0,12.0,0.8,141.0,6.0,15.0,936.0,642.0,3832.0,12.0,18.0,16.0,0.0,1.0,0.0,3,synthetic_train,
545.0,0.0,2.1,0.0,1.0,1.0,18.0,0.2,185.0,7.0,3.0,1107.0,1414.0,1173.0,5.0,7.0,2.0,0.0,1.0,0.0,0,synthetic_train,
1658.0,1.0,1.7,1.0,5.0,1.0,41.0,0.9,127.0,8.0,20.0,1495.0,1852.0,1432.0,14.0,4.0,16.0,1.0,0.0,0.0,2,synthetic_train,
564.0,0.0,1.4,1.0,4.0,0.0,5.0,0.1,188.0,4.0,2.0,860.0,1290.0,2615.0,13.0,15.0,7.0,1.0,0.0,0.0,1,synthetic_train,
810.0,0.0,1.0,0.0,11.0,1.0,21.0,0.8,94.0,6.0,5.0,813.0,540.0,264.0,13.0,9.0,14.0,1.0,1.0,1.0,0,synthetic_train,
1405.0,1.0,0.8,1.0,0.0,0.0,10.0,0.7,198.0,2.0,7.0,945.0,622.0,638.0,18.0,6.0,20.0,0.0,1.0,1.0,1,synthetic_train,
1912.0,0.0,0.8,0.0,4.0,1.0,15.0,0.3,175.0,8.0,6.0,1670.0,1282.0,3631.0,16.0,2.0,4.0,0.0,0.0,0.0,3,synthetic_train,
1112.0,1.0,3.0,1.0,11.0,1.0,50.0,0.3,155.0,7.0,7.0,956.0,1791.0,901.0,8.0,7.0,8.0,0.0,1.0,1.0,0,synthetic_train,
680.0,1.0,1.5,1.0,7.0,1.0,16.0,0.4,154.0,8.0,6.0,641.0,587.0,2415.0,13.0,12.0,18.0,0.0,1.0,0.0,1,synthetic_train,
849.0,1.0,0.5,1.0,12.0,1.0,4.0,0.8,193.0,4.0,9.0,1170.0,1629.0,3558.0,17.0,11.0,4.0,0.0,1.0,1.0,3,synthetic_train,
1844.0,0.0,2.9,1.0,13.0,0.0,15.0,0.9,125.0,3.0,16.0,1358.0,1668.0,2999.0,17.0,7.0,6.0,0.0,1.0,0.0,3,synthetic_train,
1590.0,0.0,0.5,1.0,19.0,1.0,7.0,0.3,99.0,7.0,17.0,1789.0,577.0,1273.0,14.0,11.0,12.0,1.0,1.0,1.0,1,synthetic_train,
650.0,0.0,1.5,0.0,16.0,0.0,41.0,0.4,191.0,6.0,7.0,1751.0,817.0,827.0,6.0,14.0,20.0,0.0,0.0,1.0,0,synthetic_train,
1077.0,1.0,2.3,0.0,4.0,0.0,63.0,0.3,92.0,2.0,5.0,1535.0,505.0,2943.0,11.0,17.0,7.0,0.0,1.0,1.0,2,synthetic_train,
896.0,0.0,2.8,1.0,13.0,1.0,12.0,0.2,159.0,5.0,14.0,1508.0,1348.0,1770.0,17.0,10.0,9.0,1.0,1.0,1.0,1,synthetic_train,
766.0,1.0,2.3,0.0,12.0,1.0,47.0,0.7,112.0,6.0,1.0,881.0,761.0,3877.0,6.0,4.0,17.0,0.0,1.0,0.0,2,synthetic_train,
1769.0,0.0,1.7,0.0,11.0,0.0,24.0,0.4,192.0,4.0,9.0,671.0,1873.0,2670.0,13.0,2.0,4.0,1.0,1.0,1.0,2,synthetic_train,
1426.0,0.0,2.9,0.0,15.0,1.0,6.0,0.3,197.0,3.0,4.0,1103.0,636.0,297.0,13.0,2.0,8.0,1.0,0.0,1.0,0,synthetic_train,
769.0,0.0,0.6,1.0,2.0,1.0,45.0,0.9,137.0,2.0,12.0,1385.0,1473.0,1195.0,8.0,0.0,8.0,0.0,1.0,0.0,0,synthetic_train,
1476.0,0.0,3.0,1.0,7.0,0.0,15.0,0.8,144.0,4.0,1.0,1016.0,1679.0,3042.0,10.0,10.0,9.0,1.0,1.0,1.0,3,synthetic_train,
1120.0,0.0,2.6,1.0,16.0,1.0,34.0,0.8,135.0,2.0,17.0,405.0,767.0,2881.0,19.0,4.0,12.0,0.0,1.0,1.0,2,synthetic_train,
592.0,0.0,2.8,1.0,17.0,1.0,33.0,0.1,131.0,3.0,5.0,28.0,878.0,3032.0,13.0,4.0,6.0,0.0,1.0,1.0,2,synthetic_train,
1174.0,1.0,1.1,1.0,0.0,0.0,39.0,0.9,193.0,2.0,10.0,114.0,1694.0,1130.0,19.0,13.0,9.0,0.0,1.0,0.0,0,synthetic_train,
777.0,1.0,0.9,1.0,9.0,1.0,10.0,0.6,114.0,4.0,12.0,835.0,639.0,1189.0,12.0,6.0,19.0,1.0,0.0,1.0,0,synthetic_train,
867.0,1.0,2.2,1.0,5.0,1.0,17.0,0.6,196.0,6.0,9.0,1551.0,1161.0,1038.0,17.0,15.0,17.0,1.0,1.0,1.0,0,synthetic_train,
1818.0,0.0,1.8,0.0,3.0,1.0,48.0,0.1,158.0,4.0,9.0,1548.0,874.0,2860.0,14.0,2.0,20.0,1.0,1.0,1.0,3,synthetic_train,
1565.0,0.0,1.8,1.0,1.0,1.0,60.0,0.9,196.0,2.0,5.0,1584.0,519.0,299.0,18.0,6.0,14.0,1.0,1.0,1.0,0,synthetic_train,
701.0,1.0,2.8,0.0,10.0,1.0,2.0,0.6,154.0,7.0,16.0,1390.0,1176.0,3303.0,9.0,0.0,13.0,1.0,0.0,0.0,3,synthetic_train,
1777.0,1.0,2.1,1.0,13.0,1.0,28.0,0.8,179.0,4.0,10.0,44.0,1229.0,1311.0,10.0,10.0,6.0,0.0,1.0,1.0,1,synthetic_train,
1361.0,1.0,1.3,1.0,10.0,1.0,57.0,0.7,139.0,5.0,4.0,1732.0,1020.0,2082.0,5.0,2.0,5.0,0.0,0.0,0.0,2,synthetic_train,
1811.0,0.0,1.5,1.0,7.0,1.0,20.0,0.8,135.0,5.0,5.0,1858.0,1717.0,1179.0,8.0,4.0,12.0,0.0,0.0,0.0,2,synthetic_train,
1620.0,0.0,0.8,1.0,15.0,1.0,30.0,0.7,111.0,5.0,9.0,1666.0,643.0,1847.0,7.0,13.0,9.0,1.0,0.0,0.0,1,synthetic_train,
1008.0,1.0,1.0,1.0,13.0,1.0,58.0,0.9,105.0,4.0,17.0,874.0,1144.0,3116.0,7.0,16.0,16.0,1.0,0.0,1.0,2,synthetic_train,
1302.0,1.0,0.9,1.0,18.0,1.0,63.0,0.3,84.0,7.0,20.0,421.0,770.0,998.0,9.0,10.0,2.0,1.0,1.0,1.0,0,synthetic_train,
1296.0,1.0,2.5,0.0,6.0,1.0,43.0,0.3,126.0,7.0,8.0,1775.0,1636.0,2388.0,18.0,18.0,18.0,1.0,1.0,0.0,2,synthetic_train,
1579.0,1.0,2.3,0.0,4.0,1.0,45.0,0.7,199.0,8.0,8.0,363.0,1334.0,470.0,10.0,14.0,5.0,0.0,0.0,1.0,0,synthetic_train,
872.0,0.0,1.8,1.0,9.0,1.0,40.0,0.6,193.0,4.0,2.0,1545.0,1557.0,921.0,17.0,14.0,9.0,1.0,1.0,0.0,1,synthetic_train,
999.0,1.0,1.4,1.0,10.0,0.0,19.0,0.6,163.0,3.0,11.0,1893.0,661.0,2817.0,17.0,18.0,8.0,0.0,1.0,1.0,3,synthetic_train,
867.0,1.0,2.2,0.0,9.0,0.0,57.0,0.7,123.0,1.0,5.0,1766.0,1184.0,2382.0,19.0,1.0,19.0,0.0,1.0,1.0,1,synthetic_train,
944.0,1.0,2.5,1.0,16.0,1.0,4.0,0.6,142.0,4.0,17.0,1021.0,575.0,2544.0,12.0,4.0,15.0,0.0,0.0,1.0,2,synthetic_train,
741.0,1.0,2.7,1.0,0.0,1.0,5.0,0.8,171.0,8.0,11.0,1634.0,984.0,1099.0,17.0,8.0,2.0,1.0,0.0,0.0,1,synthetic_train,
554.0,0.0,1.9,1.0,10.0,0.0,39.0,0.4,80.0,3.0,4.0,1629.0,1916.0,1027.0,11.0,11.0,18.0,0.0,1.0,0.0,0,synthetic_train,
1910.0,1.0,2.5,0.0,8.0,1.0,54.0,0.9,191.0,7.0,19.0,1910.0,1589.0,1848.0,14.0,18.0,14.0,1.0,0.0,0.0,3,synthetic_train,
611.0,0.0,1.8,1.0,4.0,0.0,53.0,0.2,185.0,7.0,17.0,706.0,617.0,738.0,17.0,1.0,3.0,0.0,1.0,1.0,0,synthetic_train,
1831.0,1.0,1.7,0.0,12.0,0.0,44.0,0.7,197.0,6.0,6.0,1233.0,1053.0,3580.0,7.0,4.0,16.0,1.0,1.0,1.0,3,synthetic_train,
504.0,0.0,2.7,0.0,16.0,0.0,25.0,0.9,91.0,5.0,2.0,1602.0,1805.0,1258.0,5.0,5.0,2.0,1.0,0.0,0.0,1,synthetic_train,
1666.0,1.0,1.5,1.0,10.0,0.0,24.0,0.3,194.0,7.0,5.0,445.0,754.0,2948.0,7.0,12.0,10.0,0.0,0.0,1.0,2,synthetic_train,
992.0,1.0,1.5,1.0,1.0,1.0,28.0,0.4,154.0,1.0,7.0,442.0,1634.0,842.0,15.0,18.0,5.0,0.0,1.0,1.0,0,synthetic_train,
1276.0,0.0,1.3,0.0,1.0,1.0,18.0,0.4,147.0,2.0,8.0,763.0,980.0,2693.0,12.0,17.0,2.0,0.0,0.0,1.0,3,synthetic_train,
923.0,0.0,1.8,0.0,8.0,0.0,28.0,0.6,101.0,2.0,17.0,705.0,1215.0,1019.0,9.0,14.0,12.0,0.0,0.0,1.0,0,synthetic_train,
1235.0,1.0,1.9,0.0,13.0,0.0,8.0,0.5,139.0,7.0,20.0,1474.0,1814.0,1309.0,16.0,14.0,15.0,0.0,0.0,0.0,1,synthetic_train,
1177.0,0.0,2.2,1.0,6.0,0.0,22.0,0.2,123.0,4.0,15.0,1835.0,1508.0,1798.0,5.0,7.0,11.0,1.0,1.0,0.0,1,synthetic_train,
1294.0,1.0,1.6,1.0,6.0,1.0,61.0,0.9,199.0,2.0,17.0,307.0,924.0,722.0,7.0,11.0,8.0,1.0,1.0,1.0,0,synthetic_train,
1089.0,1.0,1.0,0.0,17.0,0.0,46.0,0.3,121.0,1.0,2.0,637.0,513.0,722.0,12.0,3.0,11.0,1.0,0.0,1.0,0,synthetic_train,
1304.0,1.0,2.7,0.0,0.0,0.0,10.0,0.6,106.0,4.0,3.0,1823.0,852.0,3074.0,18.0,9.0,4.0,1.0,1.0,0.0,3,synthetic_train,
1738.0,0.0,1.4,1.0,1.0,0.0,20.0,0.6,194.0,4.0,19.0,1166.0,1126.0,1549.0,16.0,5.0,2.0,0.0,0.0,1.0,1,synthetic_train,
1151.0,0.0,2.8,0.0,3.0,0.0,18.0,0.1,102.0,2.0,12.0,402.0,699.0,2381.0,15.0,17.0,4.0,0.0,0.0,1.0,1,synthetic_train,
1042.0,1.0,1.0,0.0,19.0,1.0,19.0,0.2,189.0,1.0,4.0,1183.0,1822.0,2675.0,15.0,6.0,3.0,0.0,0.0,1.0,2,synthetic_train,
697.0,1.0,1.9,0.0,9.0,1.0,45.0,1.0,196.0,7.0,16.0,1717.0,582.0,2586.0,9.0,7.0,16.0,1.0,1.0,0.0,2,synthetic_train,
1039.0,1.0,1.8,1.0,3.0,0.0,58.0,0.7,117.0,7.0,3.0,733.0,1310.0,2604.0,11.0,7.0,13.0,1.0,1.0,1.0,2,synthetic_train,
688.0,0.0,2.6,0.0,6.0,0.0,46.0,0.1,163.0,2.0,16.0,948.0,1964.0,3905.0,18.0,17.0,5.0,1.0,0.0,0.0,3,synthetic_train,
773.0,1.0,0.8,0.0,19.0,1.0,32.0,0.8,176.0,4.0,18.0,1203.0,1002.0,2616.0,15.0,17.0,12.0,1.0,0.0,0.0,2,synthetic_train,
1928.0,1.0,2.8,0.0,13.0,0.0,12.0,0.6,144.0,3.0,10.0,1648.0,1304.0,1559.0,13.0,8.0,11.0,0.0,1.0,1.0,2,synthetic_train,
634.0,1.0,1.8,0.0,4.0,1.0,11.0,0.2,164.0,4.0,13.0,1107.0,610.0,1321.0,6.0,18.0,4.0,1.0,0.0,0.0,0,synthetic_train,
1223.0,0.0,2.0,0.0,4.0,1.0,53.0,0.7,95.0,1.0,15.0,1879.0,1593.0,3253.0,15.0,14.0,20.0,1.0,1.0,0.0,3,synthetic_train,
1751.0,1.0,1.8,0.0,1.0,0.0,44.0,0.5,142.0,8.0,18.0,1480.0,1965.0,1834.0,10.0,16.0,19.0,1.0,0.0,1.0,2,synthetic_train,
1929.0,1.0,0.6,0.0,15.0,1.0,34.0,0.3,142.0,6.0,12.0,827.0,1658.0,2348.0,10.0,17.0,16.0,1.0,1.0,1.0,3,synthetic_train,
720.0,0.0,1.7,0.0,2.0,1.0,38.0,0.9,148.0,8.0,6.0,955.0,724.0,3306.0,15.0,6.0,17.0,0.0,1.0,0.0,2,synthetic_train,
745.0,1.0,1.2,0.0,5.0,0.0,55.0,0.4,194.0,3.0,4.0,1366.0,1028.0,1136.0,10.0,10.0,12.0,0.0,0.0,0.0,0,synthetic_train,
1058.0,1.0,1.4,1.0,6.0,1.0,53.0,0.4,179.0,7.0,7.0,138.0,1584.0,1088.0,13.0,5.0,17.0,1.0,1.0,0.0,0,synthetic_train,
1331.0,0.0,2.1,0.0,12.0,1.0,7.0,0.3,152.0,5.0,1.0,444.0,1697.0,453.0,5.0,5.0,12.0,1.0,0.0,0.0,0,synthetic_train,
1939.0,1.0,1.7,1.0,12.0,1.0,26.0,0.8,128.0,2.0,14.0,467.0,1104.0,526.0,7.0,8.0,5.0,1.0,0.0,1.0,1,synthetic_train,
811.0,1.0,0.7,1.0,15.0,1.0,4.0,0.7,128.0,3.0,7.0,1570.0,1941.0,2561.0,13.0,0.0,5.0,0.0,0.0,0.0,2,synthetic_train,
746.0,1.0,0.7,1.0,5.0,1.0,26.0,0.9,82.0,7.0,14.0,1612.0,805.0,2140.0,19.0,4.0,18.0,0.0,0.0,1.0,1,synthetic_train,
879.0,0.0,1.0,1.0,7.0,1.0,42.0,0.3,146.0,7.0,1.0,1607.0,1611.0,1369.0,16.0,15.0,10.0,1.0,1.0,0.0,1,synthetic_train,
1811.0,1.0,1.0,1.0,7.0,1.0,15.0,0.8,110.0,6.0,6.0,206.0,1244.0,1047.0,11.0,3.0,15.0,1.0,0.0,0.0,0,synthetic_train,
545.0,1.0,2.0,0.0,0.0,0.0,11.0,0.6,187.0,2.0,8.0,578.0,1566.0,2859.0,19.0,11.0,4.0,1.0,0.0,0.0,1,synthetic_train,
1070.0,0.0,0.9,0.0,14.0,1.0,32.0,0.4,173.0,6.0,1.0,612.0,1393.0,575.0,9.0,14.0,10.0,0.0,1.0,1.0,0,synthetic_train,
678.0,1.0,2.7,0.0,10.0,0.0,35.0,0.1,190.0,8.0,17.0,47.0,1147.0,2878.0,18.0,4.0,3.0,1.0,0.0,0.0,1,synthetic_train,
735.0,0.0,1.0,1.0,9.0,1.0,46.0,0.8,200.0,1.0,12.0,505.0,1722.0,3642.0,11.0,8.0,6.0,0.0,1.0,0.0,2,synthetic_train,
1875.0,0.0,0.7,1.0,19.0,1.0,2.0,0.3,128.0,3.0,17.0,845.0,1761.0,1960.0,6.0,16.0,4.0,1.0,0.0,0.0,2,synthetic_train,
502.0,1.0,2.7,1.0,3.0,0.0,17.0,0.7,131.0,1.0,16.0,1736.0,1725.0,2107.0,5.0,15.0,5.0,0.0,1.0,1.0,1,synthetic_train,
982.0,0.0,1.2,1.0,19.0,1.0,51.0,0.6,153.0,1.0,0.0,333.0,633.0,2263.0,19.0,17.0,13.0,0.0,1.0,1.0,1,synthetic_train,
1873.0,0.0,1.6,0.0,13.0,1.0,44.0,0.1,132.0,8.0,18.0,1687.0,1134.0,612.0,14.0,11.0,2.0,1.0,1.0,0.0,0,synthetic_train,
1412.0,0.0,2.9,0.0,4.0,0.0,58.0,1.0,113.0,2.0,1.0,1605.0,1623.0,2601.0,7.0,16.0,5.0,0.0,1.0,1.0,2,synthetic_train,
607.0,1.0,2.9,0.0,13.0,1.0,53.0,0.8,165.0,2.0,18.0,310.0,1799.0,1623.0,19.0,7.0,15.0,0.0,1.0,0.0,0,synthetic_train,
1197.0,0.0,2.3,0.0,15.0,1.0,54.0,0.5,134.0,1.0,14.0,512.0,1042.0,2009.0,5.0,11.0,4.0,1.0,0.0,0.0,2,synthetic_train,
1956.0,1.0,0.7,1.0,7.0,1.0,34.0,0.7,193.0,8.0,17.0,898.0,1610.0,341.0,10.0,12.0,12.0,1.0,0.0,1.0,0,synthetic_train,
1100.0,1.0,2.0,0.0,6.0,0.0,62.0,0.5,106.0,4.0,10.0,1850.0,1348.0,3539.0,16.0,18.0,18.0,0.0,1.0,0.0,3,synthetic_train,
1292.0,1.0,3.0,1.0,16.0,1.0,28.0,0.8,133.0,7.0,3.0,1539.0,830.0,1503.0,5.0,6.0,16.0,1.0,0.0,1.0,1,synthetic_train,
1297.0,1.0,2.9,1.0,3.0,1.0,58.0,0.2,144.0,3.0,3.0,1905.0,1838.0,540.0,18.0,16.0,4.0,1.0,0.0,0.0,1,synthetic_train,
1490.0,0.0,0.8,0.0,0.0,0.0,26.0,0.5,189.0,6.0,2.0,612.0,1166.0,3183.0,15.0,9.0,4.0,0.0,0.0,0.0,3,synthetic_train,
780.0,0.0,1.5,1.0,13.0,1.0,29.0,0.4,149.0,8.0,16.0,1782.0,1406.0,3923.0,19.0,1.0,15.0,0.0,1.0,0.0,3,synthetic_train,
1759.0,1.0,1.3,0.0,18.0,1.0,45.0,0.5,88.0,6.0,11.0,1874.0,932.0,2202.0,17.0,12.0,8.0,1.0,1.0,0.0,2,synthetic_train,
1982.0,1.0,0.8,1.0,10.0,1.0,27.0,0.5,120.0,5.0,4.0,1175.0,538.0,381.0,17.0,18.0,9.0,0.0,1.0,0.0,0,synthetic_train,
713.0,1.0,2.2,1.0,2.0,0.0,11.0,0.2,187.0,2.0,2.0,302.0,1178.0,3968.0,8.0,8.0,11.0,1.0,0.0,1.0,3,synthetic_train,
1727.0,0.0,1.2,0.0,10.0,1.0,58.0,1.0,112.0,2.0,1.0,524.0,1583.0,1034.0,8.0,10.0,13.0,1.0,1.0,0.0,1,synthetic_train,
1725.0,0.0,1.4,1.0,5.0,1.0,30.0,0.1,121.0,5.0,5.0,252.0,990.0,1155.0,8.0,17.0,10.0,1.0,1.0,1.0,1,synthetic_train,
1612.0,1.0,0.7,0.0,16.0,0.0,60.0,0.1,98.0,4.0,15.0,1583.0,1892.0,2907.0,7.0,17.0,2.0,1.0,1.0,1.0,3,synthetic_train,
1056.0,1.0,1.7,1.0,12.0,0.0,27.0,0.4,167.0,1.0,18.0,613.0,1624.0,1498.0,14.0,7.0,3.0,1.0,0.0,0.0,1,synthetic_train,
1203.0,0.0,0.9,0.0,6.0,1.0,63.0,0.7,96.0,2.0,12.0,1375.0,1462.0,574.0,5.0,14.0,2.0,1.0,1.0,1.0,0,synthetic_train,
1758.0,1.0,1.6,0.0,12.0,1.0,39.0,0.3,124.0,4.0,20.0,524.0,1709.0,2811.0,11.0,11.0,7.0,1.0,0.0,0.0,3,synthetic_train,
729.0,1.0,0.9,0.0,13.0,0.0,50.0,0.6,166.0,2.0,8.0,1916.0,1791.0,1237.0,13.0,12.0,17.0,1.0,0.0,0.0,1,synthetic_train,
1743.0,0.0,2.9,0.0,13.0,1.0,49.0,0.8,188.0,5.0,6.0,1517.0,1581.0,3481.0,13.0,13.0,20.0,1.0,0.0,0.0,3,synthetic_train,
1880.0,1.0,0.9,0.0,7.0,1.0,14.0,0.2,106.0,3.0,14.0,739.0,1737.0,832.0,12.0,6.0,11.0,0.0,1.0,0.0,1,synthetic_train,
1522.0,0.0,1.8,1.0,11.0,0.0,53.0,1.0,120.0,3.0,2.0,934.0,1569.0,3647.0,8.0,5.0,2.0,0.0,0.0,1.0,3,synthetic_train,
1012.0,0.0,1.0,1.0,0.0,1.0,61.0,0.4,94.0,1.0,19.0,115.0,1791.0,2964.0,6.0,0.0,3.0,1.0,1.0,0.0,2,synthetic_train,
1338.0,0.0,0.7,1.0,8.0,1.0,43.0,0.7,132.0,5.0,16.0,268.0,655.0,1152.0,19.0,16.0,17.0,1.0,1.0,1.0,1,synthetic_train,
575.0,1.0,1.0,0.0,7.0,0.0,61.0,0.2,200.0,2.0,0.0,1957.0,1015.0,2422.0,11.0,5.0,8.0,1.0,0.0,0.0,1,synthetic_train,
1897.0,1.0,0.6,0.0,10.0,0.0,55.0,0.7,116.0,6.0,3.0,1599.0,1830.0,3768.0,13.0,12.0,18.0,0.0,0.0,0.0,3,synthetic_train,
1013.0,1.0,0.8,1.0,19.0,0.0,43.0,0.9,111.0,8.0,13.0,1643.0,1210.0,497.0,13.0,13.0,11.0,1.0,1.0,1.0,0,synthetic_train,
585.0,1.0,1.7,0.0,19.0,1.0,32.0,0.2,128.0,8.0,15.0,1261.0,522.0,3324.0,10.0,13.0,18.0,1.0,1.0,0.0,2,synthetic_train,
1691.0,0.0,2.1,0.0,9.0,0.0,56.0,0.2,188.0,6.0,4.0,434.0,1771.0,1978.0,15.0,16.0,4.0,0.0,0.0,0.0,2,synthetic_train,
1486.0,0.0,0.7,0.0,12.0,1.0,13.0,0.4,146.0,7.0,15.0,206.0,1482.0,3808.0,10.0,16.0,18.0,0.0,0.0,1.0,3,synthetic_train,
1434.0,0.0,1.6,0.0,2.0,0.0,37.0,0.1,153.0,8.0,9.0,1422.0,1864.0,1036.0,11.0,0.0,12.0,1.0,0.0,0.0,1,synthetic_train,
581.0,1.0,2.0,0.0,9.0,0.0,53.0,1.0,174.0,6.0,14.0,650.0,524.0,2948.0,17.0,15.0,10.0,0.0,1.0,1.0,1,synthetic_train,
1626.0,1.0,1.1,1.0,13.0,0.0,61.0,0.6,166.0,3.0,8.0,1.0,720.0,3878.0,9.0,3.0,12.0,0.0,1.0,0.0,3,synthetic_train,
1455.0,1.0,1.4,0.0,13.0,1.0,18.0,0.6,152.0,5.0,9.0,44.0,1265.0,1542.0,15.0,12.0,8.0,1.0,0.0,0.0,1,synthetic_train,
1690.0,0.0,0.7,1.0,19.0,1.0,7.0,1.0,147.0,7.0,8.0,1093.0,772.0,659.0,14.0,12.0,13.0,1.0,0.0,1.0,0,synthetic_train,
1740.0,0.0,1.1,0.0,9.0,0.0,23.0,0.8,144.0,6.0,3.0,1647.0,1280.0,1723.0,5.0,1.0,16.0,0.0,0.0,0.0,2,synthetic_train,
817.0,0.0,1.7,0.0,18.0,1.0,56.0,0.8,101.0,3.0,3.0,711.0,1019.0,2494.0,15.0,5.0,17.0,0.0,1.0,0.0,1,synthetic_train,
815.0,0.0,3.0,1.0,19.0,1.0,35.0,0.4,130.0,2.0,3.0,1960.0,815.0,2614.0,17.0,17.0,20.0,1.0,1.0,1.0,2,synthetic_train,
1885.0,0.0,3.0,1.0,11.0,1.0,5.0,0.4,182.0,2.0,16.0,747.0,1654.0,2059.0,9.0,2.0,9.0,1.0,0.0,1.0,2,synthetic_train,
1296.0,1.0,2.9,0.0,1.0,0.0,9.0,0.4,84.0,4.0,8.0,1438.0,558.0,3746.0,18.0,4.0,16.0,0.0,0.0,1.0,3,synthetic_train,
1156.0,1.0,1.6,0.0,7.0,1.0,23.0,0.4,180.0,7.0,7.0,479.0,1811.0,2419.0,5.0,1.0,18.0,1.0,1.0,0.0,2,synthetic_train,
930.0,0.0,0.7,1.0,15.0,1.0,23.0,0.4,148.0,5.0,17.0,1190.0,730.0,2654.0,7.0,3.0,2.0,0.0,1.0,1.0,2,synthetic_train,
1458.0,0.0,1.3,0.0,11.0,1.0,10.0,0.2,122.0,1.0,18.0,538.0,1369.0,3836.0,19.0,12.0,11.0,1.0,1.0,0.0,3,synthetic_train,
1630.0,1.0,1.1,1.0,18.0,1.0,33.0,0.4,93.0,8.0,4.0,1526.0,1986.0,3771.0,17.0,15.0,15.0,1.0,0.0,1.0,3,synthetic_train,
503.0,0.0,0.5,0.0,16.0,0.0,32.0,0.5,172.0,4.0,7.0,891.0,669.0,1533.0,16.0,11.0,10.0,1.0,1.0,0.0,0,synthetic_train,
1328.0,0.0,0.7,1.0,1.0,1.0,14.0,0.4,80.0,4.0,8.0,81.0,1889.0,1326.0,14.0,5.0,3.0,0.0,1.0,1.0,0,synthetic_train,
1990.0,1.0,1.6,0.0,17.0,1.0,16.0,0.2,145.0,7.0,17.0,486.0,955.0,3058.0,8.0,16.0,14.0,1.0,1.0,1.0,3,synthetic_train,
920.0,1.0,1.3,1.0,7.0,1.0,43.0,0.4,99.0,4.0,14.0,690.0,1610.0,2221.0,12.0,6.0,9.0,0.0,0.0,0.0,1,synthetic_train,
921.0,1.0,1.0,1.0,16.0,1.0,61.0,0.5,189.0,5.0,11.0,914.0,1784.0,1930.0,13.0,5.0,13.0,0.0,0.0,0.0,1,synthetic_train,
500.0,0.5,1.75,0.5,9.5,0.5,33.0,0.55,140.0,4.5,10.0,980.0,1249.0,2127.0,12.0,9.0,11.0,0.5,0.5,0.5,,boundary_edge_case,battery_power_at_min
2000.0,0.5,1.75,0.5,9.5,0.5,33.0,0.55,140.0,4.5,10.0,980.0,1249.0,2127.0,12.0,9.0,11.0,0.5,0.5,0.5,,boundary_edge_case,battery_power_at_max
1250.0,0.0,1.75,0.5,9.5,0.5,33.0,0.55,140.0,4.5,10.0,980.0,1249.0,2127.0,12.0,9.0,11.0,0.5,0.5,0.5,,boundary_edge_case,blue_at_min
1250.0,1.0,1.75,0.5,9.5,0.5,33.0,0.55,140.0,4.5,10.0,980.0,1249.0,2127.0,12.0,9.0,11.0,0.5,0.5,0.5,,boundary_edge_case,blue_at_max
1250.0,0.5,0.5,0.5,9.5,0.5,33.0,0.55,140.0,4.5,10.0,980.0,1249.0,2127.0,12.0,9.0,11.0,0.5,0.5,0.5,,boundary_edge_case,clock_speed_at_min
1250.0,0.5,3.0,0.5,9.5,0.5,33.0,0.55,140.0,4.5,10.0,980.0,1249.0,2127.0,12.0,9.0,11.0,0.5,0.5,0.5,,boundary_edge_case,clock_speed_at_max
1250.0,0.5,1.75,0.0,9.5,0.5,33.0,0.55,140.0,4.5,10.0,980.0,1249.0,2127.0,12.0,9.0,11.0,0.5,0.5,0.5,,boundary_edge_case,dual_sim_at_min
1250.0,0.5,1.75,1.0,9.5,0.5,33.0,0.55,140.0,4.5,10.0,980.0,1249.0,2127.0,12.0,9.0,11.0,0.5,0.5,0.5,,boundary_edge_case,dual_sim_at_max
1250.0,0.5,1.75,0.5,0.0,0.5,33.0,0.55,140.0,4.5,10.0,980.0,1249.0,2127.0,12.0,9.0,11.0,0.5,0.5,0.5,,boundary_edge_case,fc_at_min
1250.0,0.5,1.75,0.5,19.0,0.5,33.0,0.55,140.0,4.5,10.0,980.0,1249.0,2127.0,12.0,9.0,11.0,0.5,0.5,0.5,,boundary_edge_case,fc_at_max
1250.0,0.5,1.75,0.5,9.5,0.0,33.0,0.55,140.0,4.5,10.0,980.0,1249.0,2127.0,12.0,9.0,11.0,0.5,0.5,0.5,,boundary_edge_case,four_g_at_min
1250.0,0.5,1.75,0.5,9.5,1.0,33.0,0.55,140.0,4.5,10.0,980.0,1249.0,2127.0,12.0,9.0,11.0,0.5,0.5,0.5,,boundary_edge_case,four_g_at_max
1250.0,0.5,1.75,0.5,9.5,0.5,2.0,0.55,140.0,4.5,10.0,980.0,1249.0,2127.0,12.0,9.0,11.0,0.5,0.5,0.5,,boundary_edge_case,int_memory_at_min
1250.0,0.5,1.75,0.5,9.5,0.5,64.0,0.55,140.0,4.5,10.0,980.0,1249.0,2127.0,12.0,9.0,11.0,0.5,0.5,0.5,,boundary_edge_case,int_memory_at_max
1250.0,0.5,1.75,0.5,9.5,0.5,33.0,0.1,140.0,4.5,10.0,980.0,1249.0,2127.0,12.0,9.0,11.0,0.5,0.5,0.5,,boundary_edge_case,m_dep_at_min
1250.0,0.5,1.75,0.5,9.5,0.5,33.0,1.0,140.0,4.5,10.0,980.0,1249.0,2127.0,12.0,9.0,11.0,0.5,0.5,0.5,,boundary_edge_case,m_dep_at_max
1250.0,0.5,1.75,0.5,9.5,0.5,33.0,0.55,80.0,4.5,10.0,980.0,1249.0,2127.0,12.0,9.0,11.0,0.5,0.5,0.5,,boundary_edge_case,mobile_wt_at_min
1250.0,0.5,1.75,0.5,9.5,0.5,33.0,0.55,200.0,4.5,10.0,980.0,1249.0,2127.0,12.0,9.0,11.0,0.5,0.5,0.5,,boundary_edge_case,mobile_wt_at_max
1250.0,0.5,1.75,0.5,9.5,0.5,33.0,0.55,140.0,1.0,10.0,980.0,1249.0,2127.0,12.0,9.0,11.0,0.5,0.5,0.5,,boundary_edge_case,n_cores_at_min
1250.0,0.5,1.75,0.5,9.5,0.5,33.0,0.55,140.0,8.0,10.0,980.0,1249.0,2127.0,12.0,9.0,11.0,0.5,0.5,0.5,,boundary_edge_case,n_cores_at_max
1250.0,0.5,1.75,0.5,9.5,0.5,33.0,0.55,140.0,4.5,0.0,980.0,1249.0,2127.0,12.0,9.0,11.0,0.5,0.5,0.5,,boundary_edge_case,pc_at_min
1250.0,0.5,1.75,0.5,9.5,0.5,33.0,0.55,140.0,4.5,20.0,980.0,1249.0,2127.0,12.0,9.0,11.0,0.5,0.5,0.5,,boundary_edge_case,pc_at_max
1250.0,0.5,1.75,0.5,9.5,0.5,33.0,0.55,140.0,4.5,10.0,0.0,1249.0,2127.0,12.0,9.0,11.0,0.5,0.5,0.5,,boundary_edge_case,px_height_at_min
1250.0,0.5,1.75,0.5,9.5,0.5,33.0,0.55,140.0,4.5,10.0,1960.0,1249.0,2127.0,12.0,9.0,11.0,0.5,0.5,0.5,,boundary_edge_case,px_height_at_max
1250.0,0.5,1.75,0.5,9.5,0.5,33.0,0.55,140.0,4.5,10.0,980.0,500.0,2127.0,12.0,9.0,11.0,0.5,0.5,0.5,,boundary_edge_case,px_width_at_min
1250.0,0.5,1.75,0.5,9.5,0.5,33.0,0.55,140.0,4.5,10.0,980.0,1998.0,2127.0,12.0,9.0,11.0,0.5,0.5,0.5,,boundary_edge_case,px_width_at_max
1250.0,0.5,1.75,0.5,9.5,0.5,33.0,0.55,140.0,4.5,10.0,980.0,1249.0,256.0,12.0,9.0,11.0,0.5,0.5,0.5,,boundary_edge_case,ram_at_min
1250.0,0.5,1.75,0.5,9.5,0.5,33.0,0.55,140.0,4.5,10.0,980.0,1249.0,3998.0,12.0,9.0,11.0,0.5,0.5,0.5,,boundary_edge_case,ram_at_max
1250.0,0.5,1.75,0.5,9.5,0.5,33.0,0.55,140.0,4.5,10.0,980.0,1249.0,2127.0,5.0,9.0,11.0,0.5,0.5,0.5,,boundary_edge_case,sc_h_at_min
1250.0,0.5,1.75,0.5,9.5,0.5,33.0,0.55,140.0,4.5,10.0,980.0,1249.0,2127.0,19.0,9.0,11.0,0.5,0.5,0.5,,boundary_edge_case,sc_h_at_max
1250.0,0.5,1.75,0.5,9.5,0.5,33.0,0.55,140.0,4.5,10.0,980.0,1249.0,2127.0,12.0,0.0,11.0,0.5,0.5,0.5,,boundary_edge_case,sc_w_at_min
1250.0,0.5,1.75,0.5,9.5,0.5,33.0,0.55,140.0,4.5,10.0,980.0,1249.0,2127.0,12.0,18.0,11.0,0.5,0.5,0.5,,boundary_edge_case,sc_w_at_max
1250.0,0.5,1.75,0.5,9.5,0.5,33.0,0.55,140.0,4.5,10.0,980.0,1249.0,2127.0,12.0,9.0,2.0,0.5,0.5,0.5,,boundary_edge_case,talk_time_at_min
1250.0,0.5,1.75,0.5,9.5,0.5,33.0,0.55,140.0,4.5,10.0,980.0,1249.0,2127.0,12.0,9.0,20.0,0.5,0.5,0.5,,boundary_edge_case,talk_time_at_max
1250.0,0.5,1.75,0.5,9.5,0.5,33.0,0.55,140.0,4.5,10.0,980.0,1249.0,2127.0,12.0,9.0,11.0,0.0,0.5,0.5,,boundary_edge_case,three_g_at_min
1250.0,0.5,1.75,0.5,9.5,0.5,33.0,0.55,140.0,4.5,10.0,980.0,1249.0,2127.0,12.0,9.0,11.0,1.0,0.5,0.5,,boundary_edge_case,three_g_at_max
1250.0,0.5,1.75,0.5,9.5,0.5,33.0,0.55,140.0,4.5,10.0,980.0,1249.0,2127.0,12.0,9.0,11.0,0.5,0.0,0.5,,boundary_edge_case,touch_screen_at_min
1250.0,0.5,1.75,0.5,9.5,0.5,33.0,0.55,140.0,4.5,10.0,980.0,1249.0,2127.0,12.0,9.0,11.0,0.5,1.0,0.5,,boundary_edge_case,touch_screen_at_max
1250.0,0.5,1.75,0.5,9.5,0.5,33.0,0.55,140.0,4.5,10.0,980.0,1249.0,2127.0,12.0,9.0,11.0,0.5,0.5,0.0,,boundary_edge_case,wifi_at_min
1250.0,0.5,1.75,0.5,9.5,0.5,33.0,0.55,140.0,4.5,10.0,980.0,1249.0,2127.0,12.0,9.0,11.0,0.5,0.5,1.0,,boundary_edge_case,wifi_at_max
500.0,0.0,0.5,0.0,0.0,0.0,2.0,0.1,80.0,1.0,0.0,0.0,500.0,3998.0,5.0,0.0,2.0,0.0,0.0,0.0,,out_of_distribution,max_ram_min_everything_else
2000.0,1.0,3.0,1.0,19.0,1.0,64.0,1.0,200.0,8.0,20.0,1960.0,1998.0,256.0,19.0,18.0,20.0,1.0,1.0,1.0,,out_of_distribution,min_ram_max_everything_else
2000.0,0.5,1.75,0.5,9.5,0.5,33.0,0.55,140.0,4.5,10.0,0.0,500.0,2127.0,12.0,9.0,11.0,0.5,0.5,0.5,,out_of_distribution,high_battery_zero_resolution
