battery_power,blue,clock_speed,dual_sim,fc,four_g,int_memory,m_dep,mobile_wt,n_cores,pc,px_height,px_width,ram,sc_h,sc_w,talk_time,three_g,touch_screen,wifi,price_range
633,1,2.6,1,6,1,27,0.6,84,2,19,461,905,1123,15,1,11,0,1,0,0
1660,0,1.6,1,4,0,48,0.9,167,7,10,756,1365,1556,14,11,4,0,1,0,1
1481,0,2.9,0,10,0,7,0.4,105,5,12,56,1944,3478,18,1,8,1,0,1,3
1158,0,2.1,0,13,0,58,0.1,166,1,7,1380,1565,640,10,2,17,1,1,1,0
1149,1,0.8,1,5,1,34,0.8,148,6,18,1801,966,662,16,3,13,1,1,1,0
1787,0,2.7,1,15,1,39,0.7,104,8,1,1542,1515,1386,8,3,20,1,0,1,2
628,0,1.7,0,12,1,13,0.6,136,2,5,606,1949,2513,19,1,16,1,0,0,2
1546,0,0.9,0,3,0,35,0.8,84,8,20,946,862,3275,6,18,8,0,0,1,3
802,1,0.9,0,18,1,2,0.9,164,7,10,1877,848,2361,16,15,16,0,1,1,1
641,1,2.2,1,0,0,58,0.6,116,6,3,834,558,2103,6,9,18,1,1,1,1
1289,0,0.6,1,13,0,49,1.0,126,3,8,1645,1762,3515,18,7,13,1,1,0,3
1963,0,1.2,0,8,0,30,0.7,99,1,5,1132,1748,898,19,3,16,1,0,0,1
1603,0,0.8,0,13,1,54,0.7,124,4,11,978,1120,3631,17,18,11,1,0,0,3
1641,1,1.6,0,15,1,53,0.4,127,7,4,1147,1807,1426,16,15,19,1,1,0,1
1576,1,1.5,1,13,1,9,0.1,107,5,8,438,1476,1288,12,14,6,1,0,1,0
1679,0,1.8,0,13,1,5,0.3,198,6,19,834,1967,3825,8,8,10,1,1,1,3
1269,0,1.2,0,16,0,17,0.8,113,7,1,596,1883,2673,19,0,6,1,0,0,1
692,1,0.6,0,14,1,2,0.7,101,3,16,1485,1938,1872,12,12,3,0,1,1,1
1759,1,2.0,0,16,0,38,0.4,146,1,1,1200,1088,1491,17,9,13,1,0,1,2
1175,0,1.4,1,8,1,35,0.7,118,8,9,783,1450,1908,15,5,4,1,0,1,1
1250,0,2.1,0,4,0,35,0.3,134,5,14,1612,750,3219,15,5,6,1,0,1,2
1056,1,0.8,0,4,1,6,0.3,167,5,20,888,1840,828,10,1,16,0,0,1,0
773,1,0.5,1,12,1,59,1.0,89,5,5,1869,976,908,11,16,6,0,1,0,1
1890,1,1.1,0,10,1,63,0.5,141,7,1,1187,1171,1395,11,3,18,1,1,1,2
1672,0,1.6,0,1,1,39,0.3,82,7,15,1736,1390,2060,14,15,2,0,1,0,2
1465,0,1.5,1,4,0,2,0.5,85,6,18,1935,1680,3305,15,18,10,1,0,1,3
1103,1,2.5,1,19,0,26,0.4,91,7,11,641,1596,1044,7,0,3,0,1,1,0
1734,1,1.4,0,14,1,47,0.8,99,3,1,511,1932,3198,8,11,3,1,1,0,3
1318,1,1.8,0,15,1,49,1.0,122,6,10,1638,1568,3653,5,1,17,1,0,1,3
1165,0,2.0,1,3,0,17,0.6,193,8,8,454,1693,1886,12,15,3,0,0,1,1
1175,1,0.6,0,1,1,53,0.6,189,2,9,1474,1358,3854,15,9,18,1,0,0,3
840,0,1.8,1,5,0,62,0.4,92,5,1,346,1123,3600,8,0,13,0,0,0,2
638,0,1.4,1,17,1,34,0.6,199,6,6,1705,1869,3239,15,14,11,1,1,0,3
1331,1,1.6,0,10,0,26,0.4,156,5,20,1352,1066,1679,5,14,19,1,0,0,1
1831,1,0.8,1,15,0,35,0.1,146,8,0,1021,1429,1381,17,17,9,1,0,0,1
595,1,2.5,0,9,1,3,0.9,175,4,19,880,937,3491,15,9,9,0,0,1,2
1787,1,2.9,1,9,1,34,0.5,138,2,10,1249,1223,1908,15,17,9,0,0,1,2
1741,0,0.6,0,12,1,3,0.5,112,2,12,762,1050,374,15,12,14,0,1,0,0
915,1,2.0,0,19,1,4,0.2,144,7,19,780,887,2940,10,9,18,1,0,0,2
1447,0,2.4,1,8,1,36,0.9,167,6,4,400,1730,1555,19,6,12,0,1,0,1
747,0,1.2,1,11,0,34,0.3,162,5,20,309,1650,3758,16,5,7,0,1,0,2
1637,1,2.5,0,18,1,64,0.5,100,4,5,1747,1551,3456,7,11,18,1,1,1,3
1550,1,2.1,1,7,1,33,0.9,193,4,7,1469,624,646,18,14,13,0,0,0,0
1031,1,2.8,0,16,1,63,0.5,114,8,9,869,874,3629,16,0,17,0,1,1,2
601,0,3.0,0,10,1,52,0.9,179,6,12,1631,826,3810,9,7,10,0,0,1,3
1956,1,0.6,0,17,0,23,0.3,117,8,6,1191,1566,3087,19,0,5,1,0,0,3
1168,0,1.6,0,9,1,60,0.7,87,7,16,1174,1837,1286,8,7,19,1,0,0,1
1839,1,1.9,1,12,1,32,1.0,200,7,0,220,1068,2763,14,15,14,1,0,1,2
1516,1,0.9,1,6,0,39,0.6,151,5,13,1055,995,3504,15,13,7,1,0,1,3
1667,1,1.3,1,12,1,8,0.7,105,2,13,211,1336,3308,19,2,18,1,1,1,3
1639,0,3.0,0,6,0,15,0.5,80,6,11,1341,1980,1869,13,13,2,1,1,0,2
791,0,0.5,1,12,1,34,0.8,95,6,12,132,1055,2904,19,0,19,1,0,0,1
1045,0,1.6,0,15,1,19,0.9,100,5,15,1008,917,1700,9,0,12,1,0,1,1
1200,1,2.6,1,8,0,39,0.7,192,1,18,720,1281,1207,17,17,13,0,0,1,0
1246,1,1.3,1,8,1,7,0.9,101,8,4,256,1872,2774,8,0,2,1,0,0,2
565,0,1.7,1,6,0,17,0.6,99,7,10,927,1593,2001,19,5,5,0,0,1,0
1319,1,2.9,1,14,1,43,0.6,181,3,11,393,1276,1097,16,2,15,0,1,0,1
731,1,1.7,0,11,1,40,0.4,186,4,7,479,1595,2729,14,11,12,0,1,1,2
1615,0,0.8,1,10,0,63,0.7,105,1,20,1745,522,1460,5,9,4,1,1,1,1
1524,0,0.6,1,0,0,58,0.9,158,8,10,685,1629,2456,12,15,14,1,0,1,2
1883,1,2.9,0,2,0,53,0.7,144,2,12,792,646,1608,7,18,16,0,1,1,1
1617,1,1.2,1,0,0,2,0.3,149,4,4,12,1086,3568,18,14,7,1,0,1,3
1049,0,1.8,0,17,0,39,0.6,117,4,8,589,1024,3439,10,8,15,0,1,1,2
1951,1,0.7,0,17,0,16,0.8,170,3,13,688,1535,2029,17,0,20,1,1,1,2
1116,1,1.6,1,1,0,18,0.9,186,6,8,1410,859,2915,18,17,11,1,0,0,3
988,1,2.8,1,0,0,15,0.2,167,8,16,233,857,922,6,10,6,1,1,0,0
1858,1,1.8,0,15,0,30,0.2,189,7,2,1823,1825,3989,16,4,20,0,0,0,3
1055,1,2.9,1,10,0,9,0.5,93,5,3,251,1215,1059,9,10,19,1,0,1,0
614,0,1.1,1,6,1,35,0.2,159,2,7,1280,1611,3501,6,7,10,0,1,1,2
1204,0,1.8,0,12,1,12,1.0,200,7,6,8,1374,3422,8,6,10,1,1,1,2
1693,0,2.6,0,4,0,33,0.5,144,3,17,1607,1429,922,13,8,17,1,1,1,1
784,1,1.6,0,3,1,41,0.6,193,8,18,1365,1529,288,17,14,2,1,0,0,0
1194,0,1.2,1,7,0,13,0.3,122,4,9,1642,1500,3014,15,3,7,1,0,1,3
694,0,2.6,0,17,1,8,0.5,188,5,10,1826,1867,3509,8,18,12,0,0,1,3
1529,1,1.5,1,15,0,52,1.0,193,4,6,1635,1676,2937,9,1,14,0,1,0,3
1213,0,1.8,1,3,0,48,0.5,155,4,11,1218,956,464,9,2,13,0,0,1,0
995,0,2.9,1,11,1,18,0.1,165,2,14,1644,754,2671,16,12,9,0,1,0,2
840,0,1.0,0,17,0,57,0.3,143,5,15,188,1767,1721,12,2,18,1,0,0,1
1346,0,1.3,0,19,1,15,1.0,118,4,20,1265,1058,3683,5,14,14,0,0,1,3
1504,0,0.6,1,15,0,60,1.0,144,7,12,1940,966,3251,6,13,12,1,0,0,3
1910,1,1.5,1,2,0,9,0.3,196,4,7,739,666,3246,6,8,19,1,0,1,3
1155,0,1.0,0,4,0,43,0.7,81,8,1,1913,1327,1781,19,8,3,1,1,1,1
741,0,2.2,1,4,1,3,0.2,104,3,14,993,1267,1461,12,18,15,0,0,1,1
1749,1,1.0,1,3,0,14,0.6,140,3,16,918,1741,3334,12,15,19,0,0,0,3
1444,0,2.2,1,3,1,27,0.2,121,1,11,588,1622,687,16,12,14,1,1,1,0
1550,1,1.2,0,6,1,7,0.8,155,6,19,211,1584,631,7,2,12,1,1,1,0
645,1,1.4,1,11,1,30,0.9,123,1,6,1718,1307,488,5,11,8,0,1,0,0
968,1,1.4,1,7,1,16,0.3,159,3,1,1413,1793,2170,9,0,7,0,0,0,1
1651,0,2.3,1,8,1,8,0.5,92,8,13,784,1973,538,8,4,12,0,1,0,0
1748,0,1.7,0,4,1,62,0.2,120,5,2,1885,1721,2436,16,13,19,0,0,1,3
1152,1,1.4,1,3,0,63,0.4,163,5,1,360,1021,882,17,7,10,0,1,0,0
1707,0,2.6,0,19,0,62,0.2,137,7,14,1527,914,3590,14,18,4,1,1,1,3
1762,1,1.9,1,11,1,11,0.3,166,7,9,886,501,1874,18,17,11,0,1,1,2
1081,0,1.0,0,4,0,26,1.0,156,8,12,1224,1988,606,11,1,3,1,1,0,0
1847,0,2.8,0,16,1,22,0.1,119,6,15,73,1598,2852,8,16,19,0,1,0,3
932,1,1.4,0,16,0,22,0.9,131,4,8,1197,1904,1523,9,16,12,0,0,1,1
859,1,0.6,0,19,0,28,0.2,196,2,12,1331,1680,1236,7,2,6,0,1,1,0
1523,1,1.7,0,3,0,34,0.6,196,3,11,1917,1144,2723,18,7,13,0,0,0,3
1455,1,0.8,0,12,0,32,0.5,84,6,12,678,717,3832,14,18,12,1,1,1,3
709,0,1.1,1,19,1,20,0.9,165,3,14,143,570,3923,16,0,11,1,1,0,2
1749,1,2.4,0,16,1,63,0.3,139,6,7,120,1687,1886,9,1,13,1,0,0,2
799,1,0.8,1,4,0,63,0.3,80,2,10,293,954,3431,15,9,19,0,0,1,2
1707,0,2.5,0,17,0,22,0.8,156,1,12,587,1068,1039,9,18,18,1,1,1,1
511,0,2.8,1,8,1,15,0.8,82,3,2,1629,1753,3424,11,5,6,0,1,0,3
1695,1,2.0,0,9,0,35,0.7,118,2,4,382,1221,3781,14,14,6,1,0,0,3
1680,0,2.3,1,11,1,25,0.1,163,7,1,284,1925,2191,19,13,20,1,1,1,2
1670,1,2.3,0,15,1,64,0.3,178,4,4,62,1319,2213,13,2,14,0,1,0,2
1497,0,3.0,0,2,0,29,0.9,129,4,9,751,1746,2368,15,5,2,1,0,1,1
1207,0,1.4,1,10,0,4,0.6,177,4,19,1183,688,529,13,11,12,0,0,0,0
1557,0,0.9,1,16,0,9,0.6,181,3,19,552,1094,3469,11,9,4,0,1,0,3
915,0,1.8,0,10,0,6,0.4,134,8,16,971,774,3016,18,4,2,1,0,1,2
1671,1,1.8,1,5,0,26,0.3,100,6,11,477,584,3511,19,3,5,1,0,0,3
1333,1,0.9,0,1,1,21,1.0,159,2,4,1568,1986,687,9,10,6,1,1,0,0
1188,1,2.0,0,10,0,55,0.8,81,2,7,50,1275,3258,18,15,3,1,1,1,2
1258,1,0.5,0,14,1,58,0.2,188,1,16,393,1030,1613,11,7,17,0,1,1,1
1353,0,2.8,1,10,1,10,0.9,126,3,19,1110,1064,3319,16,17,10,0,1,0,2
555,1,1.2,0,19,0,61,0.6,171,6,20,1651,861,3976,12,12,12,1,0,1,3
709,1,0.6,0,12,1,38,0.4,169,8,8,786,684,3548,16,7,18,0,1,1,3
868,1,0.8,0,10,0,21,0.5,137,4,10,136,1869,3682,18,13,17,1,1,0,3
671,1,1.1,1,1,1,27,0.8,197,1,10,1081,658,681,11,8,17,0,1,0,0
1159,1,1.2,0,11,1,29,0.4,176,1,1,530,1076,1486,15,14,5,0,1,1,1
1502,1,0.6,1,3,1,12,0.6,186,4,2,597,729,1351,12,18,16,0,1,1,1
1481,1,1.2,1,14,1,56,0.7,91,3,0,1808,1893,2178,16,14,20,0,0,1,3
1206,1,1.0,1,3,0,2,0.3,138,5,15,1846,808,3909,7,2,2,1,0,0,3
1782,1,1.4,1,18,0,6,0.9,195,1,4,507,1090,2823,15,1,18,0,1,1,2
1347,0,1.5,0,6,0,19,0.4,178,2,14,1159,1629,2295,13,15,18,0,0,0,2
618,0,1.3,0,8,1,11,0.5,134,5,7,1060,1354,3269,11,16,17,1,1,1,2
1647,1,1.3,1,2,0,5,0.7,88,3,16,1884,1072,916,10,10,9,1,0,1,1
1361,0,0.7,0,4,1,26,0.6,114,3,2,1855,1344,2728,15,4,5,0,1,1,3
1452,0,0.6,0,18,0,25,0.5,149,2,6,686,1154,2138,10,16,15,0,0,0,2
1348,1,1.0,0,5,1,9,0.7,157,1,4,49,933,1016,5,8,13,1,1,1,1
1330,1,2.4,1,10,1,53,0.9,191,3,9,4,1396,2673,19,5,15,1,1,1,2
635,1,3.0,1,19,0,57,0.8,91,3,11,9,1047,3401,11,6,6,0,0,1,2
1338,0,2.8,0,12,0,47,0.8,127,8,3,1532,1939,3356,7,5,5,1,0,0,3
1692,0,1.8,1,0,1,34,0.3,112,8,14,1450,1194,3411,8,5,19,1,1,1,3
955,1,1.8,1,7,0,61,0.5,196,4,20,1622,1633,3295,17,6,11,1,1,0,2
1404,1,1.3,1,7,0,24,0.6,100,3,0,273,851,2011,9,12,18,1,1,1,2
546,0,2.4,1,5,0,28,0.1,106,4,1,115,1467,440,9,0,19,1,0,0,0
1021,1,2.4,1,4,1,2,0.8,116,5,19,334,1338,3869,12,6,10,1,0,1,3
1155,0,2.6,0,10,0,46,0.4,92,4,13,1226,1615,1953,5,3,6,1,0,1,1
1974,1,2.7,1,7,0,7,0.4,157,7,19,17,1192,2624,13,12,19,1,1,0,2
821,1,1.6,0,5,1,43,0.3,143,8,14,1296,1578,332,5,18,15,0,0,1,0
914,1,2.4,0,8,0,51,0.4,147,4,15,1743,587,3582,17,14,14,1,0,0,3
1112,1,2.5,1,6,0,15,0.4,189,1,3,285,1534,3580,11,4,20,1,1,0,2
1988,0,1.3,1,4,0,40,0.6,132,1,10,1448,1629,3730,8,9,6,0,1,0,3
1780,0,2.8,0,9,0,21,0.6,117,7,7,1083,1244,906,11,0,8,1,0,1,0
552,0,0.7,1,18,0,27,0.3,125,4,17,1851,551,3411,7,7,2,1,0,0,3
850,1,3.0,0,10,0,35,0.3,176,3,0,476,1349,2594,9,5,9,1,0,1,1
1732,1,2.4,0,11,0,17,0.8,143,5,0,444,1671,802,6,9,10,1,1,0,0
587,1,0.7,0,19,1,52,0.2,100,8,11,32,1191,2391,15,7,10,0,0,0,1
1783,0,2.1,1,12,0,26,0.6,163,4,20,1382,641,2039,19,12,4,0,1,1,2
922,0,0.6,0,4,1,31,0.6,170,3,20,1700,1092,2597,12,10,17,0,1,0,2
1876,1,2.4,0,7,1,53,0.6,110,7,12,36,1990,569,6,17,11,1,0,1,0
940,1,2.5,1,9,1,16,0.9,147,1,9,964,905,2364,6,1,10,0,0,0,2
1151,1,2.0,0,9,1,30,0.7,148,7,5,1419,1293,2791,17,17,18,0,1,1,2
1492,0,2.6,1,2,0,64,1.0,101,5,20,1532,1032,2934,10,15,11,1,1,0,2
689,0,0.7,0,2,1,27,0.9,81,1,3,1824,1567,3135,9,13,18,1,1,0,2
1335,1,1.2,0,6,0,9,0.3,166,2,2,1417,1142,2599,6,15,6,0,0,1,2
1257,1,1.5,1,18,0,19,0.3,154,6,10,1805,1076,2881,14,0,18,1,1,1,2
1675,0,0.6,0,14,1,62,0.4,166,7,8,1948,1368,593,5,4,20,0,0,1,1
1994,1,1.6,0,16,0,49,0.5,125,2,10,1818,1357,3242,18,0,16,1,0,1,3
1496,0,1.2,0,3,0,52,0.6,142,6,18,858,1249,1628,8,15,18,1,1,0,1
1113,0,1.5,0,8,0,17,0.3,198,8,5,798,887,2305,6,6,16,0,1,1,1
1109,1,1.6,0,11,0,54,0.3,107,6,18,838,661,2301,15,6,13,0,1,1,2
1126,1,2.7,0,8,0,26,0.4,158,6,4,1864,1535,3909,10,11,16,0,0,0,3
1721,1,1.2,1,8,1,52,0.7,96,2,6,552,1009,1473,15,8,20,1,1,0,1
981,0,2.7,0,7,1,57,0.7,87,6,0,1475,1418,1694,5,12,13,0,0,0,1
750,1,1.6,0,1,0,15,1.0,195,6,14,1225,1063,3101,17,17,15,0,0,1,3
1001,1,1.3,0,17,1,61,0.3,95,1,18,121,1780,2630,9,6,3,0,0,0,2
534,1,1.8,1,18,0,41,0.5,159,3,18,953,1559,1445,16,16,20,1,1,1,0
659,0,1.5,1,1,1,48,1.0,142,8,3,381,1105,1544,19,10,16,0,0,0,1
635,1,1.1,1,8,1,49,0.7,177,8,16,1429,999,3357,13,7,5,0,1,0,2
1657,1,1.8,0,10,1,12,0.6,146,2,2,877,1622,3384,10,17,7,0,1,1,3
1583,1,0.9,1,15,0,48,0.6,164,6,13,699,511,805,9,9,6,1,1,1,0
1545,0,1.4,0,19,0,15,0.2,188,5,14,128,586,1752,15,2,8,0,1,1,0
1192,1,1.9,1,8,0,19,0.9,180,5,3,256,626,3135,5,5,18,1,0,0,2
1575,0,1.5,0,14,1,9,0.7,167,5,2,1498,1018,699,7,16,10,0,0,1,1
741,0,2.6,0,18,0,13,0.6,99,7,1,1691,1245,942,14,9,9,0,0,1,0
1850,1,1.1,1,16,0,63,0.6,100,4,14,570,938,849,5,10,16,1,1,1,0
1251,0,2.9,0,5,1,22,0.5,140,5,12,1623,782,2232,9,12,9,0,0,0,2
1907,1,2.5,0,16,1,26,0.3,159,6,2,1082,969,1943,14,3,18,1,0,1,2
728,0,2.9,0,8,0,32,0.8,160,5,10,688,1241,1455,8,1,16,1,1,1,0
1245,1,2.6,1,0,0,46,0.6,175,8,16,885,945,765,18,8,6,1,0,1,0
1544,1,0.9,1,15,0,38,0.1,92,2,4,1353,1360,2641,19,17,13,1,1,1,2
1243,1,1.8,1,16,0,35,0.5,100,8,12,1782,1072,3277,5,2,11,1,0,0,3
1169,0,0.9,1,6,1,54,0.9,98,6,6,965,1899,1052,7,13,8,0,0,1,0
749,0,2.5,0,9,0,33,0.4,145,8,5,679,1987,2750,18,18,19,0,0,1,1
1071,0,2.0,0,7,1,50,0.5,156,3,8,1492,1482,3233,5,1,9,1,0,1,3
858,0,1.2,0,2,0,59,0.7,93,4,7,1029,1331,2341,12,2,4,0,0,0,1
952,1,2.8,0,19,1,44,0.8,185,1,10,765,546,2402,19,16,9,0,0,1,1
1525,0,0.8,0,0,1,4,0.7,116,8,4,901,1433,880,13,2,11,0,0,0,1
1445,0,1.9,0,11,0,18,0.9,159,7,8,1050,1070,3839,9,14,4,0,0,0,3
1410,0,2.3,0,0,0,40,0.2,170,3,13,274,934,3836,5,15,16,1,0,0,2
1042,0,0.6,1,13,0,32,0.9,84,1,8,113,1689,2920,10,5,6,0,1,1,1
1939,1,2.0,0,18,0,19,0.9,184,6,13,1303,563,3634,13,5,3,0,1,0,3
631,1,2.5,1,12,1,23,0.6,197,6,2,342,890,2529,6,9,12,0,0,0,2
1013,0,0.7,0,12,0,6,0.7,195,5,2,1042,1660,2730,12,9,5,1,1,0,2
677,1,1.8,1,16,1,16,0.3,96,2,18,1533,1886,3359,11,16,16,0,0,1,2
1008,1,1.1,1,19,0,51,0.5,127,8,9,421,1271,398,9,11,3,1,0,1,0
1942,0,2.2,1,17,0,2,0.3,108,4,12,748,1292,1078,19,18,9,0,0,1,1
1049,0,0.8,0,4,1,54,0.1,134,6,15,1918,1949,1017,18,4,2,0,0,1,1
1862,0,2.8,0,11,1,23,1.0,197,7,3,68,638,2624,15,5,9,0,0,0,3
1242,0,2.7,1,16,1,52,0.3,172,5,20,1481,1220,1163,13,4,19,0,1,1,0
1549,0,1.0,1,5,0,18,0.6,173,1,8,328,862,1717,12,12,14,0,1,0,1
1186,0,1.3,0,13,1,54,0.4,131,8,18,1776,1214,2104,6,0,12,0,0,0,1
898,1,2.0,1,0,1,38,0.4,193,6,8,807,1858,3040,9,16,4,1,0,0,3
1646,0,2.3,0,17,0,55,0.5,191,8,8,13,1393,2192,5,14,7,0,1,1,1
1953,1,1.6,0,12,1,5,0.4,177,5,12,1407,1986,347,10,18,9,1,1,0,1
895,0,0.9,0,14,1,52,0.7,178,8,4,288,1257,2826,12,18,12,1,0,1,1
1668,0,0.8,1,16,0,19,1.0,158,7,12,712,1793,1856,14,1,5,0,1,1,2
891,1,3.0,1,4,1,24,0.5,91,2,20,985,754,680,10,14,20,1,0,1,0
1575,1,1.6,0,9,1,4,1.0,114,2,13,1461,980,2695,8,9,14,0,1,0,3
1683,1,2.7,1,17,0,62,0.7,173,2,1,821,910,1267,15,13,7,0,1,1,0
1174,0,1.7,1,3,1,42,0.6,119,7,14,1682,1652,1980,7,16,4,1,0,1,2
1605,0,2.8,0,16,0,63,0.3,100,2,0,944,1269,3877,6,11,13,1,1,0,3
908,0,0.7,1,5,0,37,0.2,194,4,2,668,833,1146,15,0,10,1,1,0,0
618,0,0.8,1,11,0,11,0.9,139,7,5,661,759,3569,13,16,14,0,1,0,3
644,1,2.8,1,10,0,23,0.6,184,4,6,1569,1076,1994,18,8,13,1,1,0,1
1170,0,2.9,0,13,1,29,0.5,114,1,0,1303,730,3746,16,8,14,0,1,1,3
1853,0,1.3,1,16,1,11,0.8,123,3,0,248,1545,3436,18,11,17,0,0,0,3
691,1,1.4,0,6,1,60,0.4,121,1,16,1471,1771,3371,14,17,11,0,1,1,3
1183,0,1.6,0,3,0,62,0.8,125,4,9,814,1952,1030,17,10,15,0,1,0,1
1556,0,1.5,1,8,1,37,0.4,132,6,4,684,853,3216,7,3,8,0,1,1,2
803,0,1.0,1,12,0,38,0.9,116,5,9,191,1158,1630,12,13,19,0,0,1,0
1582,0,2.7,1,15,0,46,0.3,178,6,14,1957,1255,3662,19,12,9,0,1,0,3
958,1,1.1,1,15,0,44,0.2,119,1,15,103,1243,3962,16,1,14,1,0,0,3
1712,1,2.3,1,6,0,5,0.7,133,7,6,1954,1179,2545,11,10,20,1,1,0,2
1368,1,0.7,1,18,1,35,0.2,184,4,3,126,830,3672,18,14,8,0,0,1,3
1320,0,0.6,0,1,1,50,1.0,132,3,20,990,667,2252,9,16,3,0,0,1,1
765,1,2.1,1,2,0,52,0.7,81,6,13,205,1104,383,5,5,6,0,1,1,0
1194,1,1.3,0,0,0,39,0.3,80,2,20,966,638,3527,16,9,6,0,0,0,3
1784,0,2.1,0,18,1,58,0.3,132,4,6,1638,594,2241,11,15,3,0,0,0,2
529,1,0.7,1,3,0,38,0.9,158,4,2,1157,1285,420,5,11,12,0,0,1,0
1637,0,2.9,1,12,0,26,0.6,194,2,8,1066,1787,500,8,7,7,1,0,0,1
1239,1,2.4,0,16,1,29,0.9,95,8,6,233,1310,2963,6,3,3,1,0,0,2
1579,1,2.7,1,15,0,45,0.2,145,3,15,1857,534,3714,19,0,4,0,0,0,3
1494,0,0.8,1,18,1,57,0.9,114,1,15,736,1759,2866,17,13,7,0,1,1,3
1148,0,1.3,0,1,1,16,0.6,134,4,1,1055,1524,1908,18,18,9,1,0,0,1
963,0,1.4,1,8,0,20,0.7,133,8,12,1760,954,1405,7,11,20,1,0,1,1
1440,1,1.8,0,10,0,43,0.4,117,6,7,1232,909,1822,17,14,15,0,0,1,1
710,0,1.2,1,13,0,50,0.2,82,6,12,1441,1848,1464,13,12,15,1,1,0,1
1376,1,0.7,1,12,0,27,1.0,88,8,8,361,1213,1277,9,6,15,0,1,0,1
642,0,1.4,1,11,1,42,1.0,143,1,11,902,711,736,15,9,17,1,0,0,0
1474,0,1.1,1,6,0,2,0.4,107,5,15,1060,922,2385,19,5,8,0,0,0,1
1443,1,1.5,1,2,0,20,0.9,119,3,6,344,896,1073,11,4,3,0,0,1,1
626,1,1.0,1,8,1,62,0.3,90,6,4,755,1099,798,5,11,11,1,1,1,0
1636,1,1.2,0,5,0,38,0.2,86,7,14,1630,1018,1288,17,12,2,0,0,0,1
1123,0,2.1,0,11,0,56,0.2,95,1,19,1826,1319,3246,7,18,6,0,1,0,3
1680,0,1.5,0,15,1,15,0.5,125,2,9,1614,984,2400,7,4,16,1,1,1,3
562,0,1.4,1,11,0,20,0.1,99,8,20,1831,1460,2094,14,5,11,0,1,1,2
769,1,1.8,1,11,0,63,0.5,108,4,3,1958,1238,2471,16,3,15,0,1,0,2
1240,1,2.4,0,0,0,64,0.2,116,3,17,389,1909,2376,16,18,11,1,1,1,2
782,0,1.4,0,12,1,57,0.8,115,2,20,1677,1741,2118,18,14,12,0,0,0,2
994,1,2.0,1,8,0,21,0.9,81,3,6,1216,997,3403,18,6,7,0,0,1,3
1490,0,2.9,1,2,1,52,0.7,94,1,3,1684,563,2989,6,18,6,1,0,1,3
716,1,1.8,0,4,0,30,0.3,194,2,13,1251,1376,949,9,13,6,0,1,1,0
1516,1,2.8,1,15,1,55,0.8,160,2,18,245,1007,3314,15,9,17,1,0,1,3
655,1,2.5,1,18,1,55,0.3,94,1,1,1103,1851,911,10,7,20,0,0,0,0
762,0,0.6,1,10,0,29,0.8,114,8,13,1491,1108,548,15,10,3,1,1,0,0
1381,1,1.6,1,19,0,21,0.6,126,7,18,243,935,1831,11,1,12,1,0,0,1
1690,0,2.2,1,3,0,63,0.4,189,8,0,989,1008,1726,11,3,10,1,0,0,1
755,1,3.0,1,5,0,30,0.2,186,2,10,1282,1796,3198,5,17,12,0,0,1,3
949,0,1.6,1,18,0,29,0.8,173,3,1,910,668,2858,14,3,6,1,1,0,2
1887,1,0.7,1,3,1,43,0.9,92,3,3,1567,1935,475,17,3,2,1,1,0,1
1984,0,1.9,0,13,0,61,0.7,139,5,10,249,849,2122,17,16,5,1,1,1,2
1371,0,0.8,0,4,1,10,1.0,138,2,6,676,1770,3232,10,17,5,1,1,0,3
1170,1,2.4,0,6,0,64,0.9,157,2,1,1865,1315,3000,15,15,2,0,0,0,3
1020,1,1.8,1,9,0,28,0.3,182,8,16,1009,1354,2130,7,1,8,1,0,1,1
1418,0,2.3,0,7,0,3,0.8,118,3,4,354,806,2560,14,15,14,1,1,1,2
1386,1,2.7,1,17,0,21,0.4,147,7,18,228,1582,2358,11,5,20,0,1,1,1
942,0,2.1,0,19,1,31,0.5,111,2,3,1163,1472,1121,18,0,14,1,0,1,0
534,0,2.0,0,10,0,44,0.2,105,8,10,1825,1221,2368,15,17,5,1,0,1,1
727,0,2.4,0,10,0,37,1.0,117,6,15,96,1186,2782,6,5,8,0,0,1,1
1937,0,2.6,1,1,1,10,0.8,168,7,10,214,1395,466,18,12,7,1,0,0,0
1127,0,2.7,0,4,1,32,0.3,132,5,8,735,1207,2858,15,1,6,0,1,0,2
1223,0,0.6,1,0,0,16,0.4,162,8,15,408,1960,1190,8,3,20,1,0,1,1
1200,0,1.9,1,17,1,18,0.5,163,3,0,237,562,285,9,16,14,1,1,1,0
1674,0,1.0,1,4,0,46,0.8,123,4,17,585,876,3083,7,11,11,0,1,0,3
597,0,2.7,0,6,0,52,0.9,195,1,14,1260,1775,1715,9,18,10,1,1,0,0
624,1,2.1,1,16,0,11,0.4,85,2,16,1619,1688,1799,19,3,8,1,0,1,2
913,1,1.6,1,14,1,39,0.5,188,7,8,600,1021,2592,18,16,9,0,1,0,2
1229,0,1.0,0,12,0,28,0.6,80,3,8,1373,1258,2354,13,16,14,1,0,0,2
1506,0,1.3,0,0,1,23,0.5,126,1,12,1614,540,2578,10,17,19,1,1,1,2
1236,1,2.3,1,11,0,46,0.6,179,3,13,13,765,3792,10,0,11,1,0,1,3
1161,1,1.0,1,11,1,17,0.2,162,3,19,1672,1915,2693,19,1,5,0,1,0,2
1906,1,0.7,0,6,0,50,0.3,118,6,18,359,1464,429,7,10,20,0,1,1,0
741,1,2.7,0,14,0,27,0.5,187,1,1,1343,557,1088,16,2,7,0,0,1,0
1357,1,2.4,0,18,1,7,0.9,96,1,3,1471,1687,1939,19,1,3,1,1,0,1
1313,1,1.0,1,5,0,51,0.4,161,6,19,1657,1104,2024,17,15,12,1,1,1,1
1210,0,1.2,0,6,1,55,0.3,142,2,8,791,1352,1608,15,13,17,1,0,1,1
1711,0,2.9,0,6,1,37,0.8,105,4,12,1293,1784,946,18,16,6,0,1,0,1
900,0,2.3,0,16,1,47,1.0,191,6,1,51,1755,654,8,17,7,1,1,0,0
1930,0,2.0,0,1,0,11,0.5,172,5,2,876,704,798,19,2,7,0,0,1,0
997,1,1.3,0,17,1,23,0.1,81,1,8,1890,1048,3814,6,15,17,1,1,0,3
1317,1,1.2,0,15,1,24,0.7,90,6,15,310,908,1736,5,0,20,1,1,1,1
1281,1,0.6,1,9,0,50,0.5,86,1,16,296,1869,3854,7,7,18,1,0,0,3
1774,0,2.3,1,11,1,24,0.7,130,2,18,1372,1670,1509,14,5,6,1,1,1,2
1158,0,0.6,0,17,1,47,0.3,130,1,4,1001,1471,1421,8,4,18,0,0,1,1
926,0,0.5,0,15,1,21,0.1,167,5,4,892,587,2088,14,13,7,0,1,0,1
532,1,2.3,0,5,1,39,0.4,161,6,11,486,1703,3799,6,2,18,0,1,0,2
1045,0,2.9,1,1,1,15,0.7,81,6,11,335,1340,2363,15,15,20,1,0,1,2
1739,0,2.4,0,13,1,37,0.5,137,2,0,1446,909,387,8,16,15,0,0,1,0
514,1,1.7,0,2,0,7,0.3,174,3,9,701,1163,1272,12,12,20,0,0,0,0
1844,1,1.7,1,1,1,48,0.5,188,2,18,1523,1168,3927,6,1,4,1,0,1,3
1314,1,1.6,0,19,0,3,0.8,115,3,3,869,943,834,19,11,14,1,0,0,0
710,0,1.3,0,9,0,64,0.2,85,2,17,778,1863,3384,10,11,2,0,1,1,2
953,0,1.8,0,13,1,54,0.7,98,6,9,451,1875,3731,14,7,14,1,1,0,2
1331,0,1.6,0,4,0,38,0.7,121,7,11,1291,576,1058,12,6,8,1,1,0,1
973,0,2.0,1,2,1,59,0.4,133,7,13,558,1902,2348,13,8,20,1,1,1,2
662,1,2.7,1,1,0,52,1.0,122,2,14,1782,1105,2500,11,18,11,1,1,1,2
1498,0,3.0,0,7,0,10,0.9,90,1,13,800,1698,3227,6,0,16,1,0,1,3
1508,0,0.7,0,0,0,48,0.4,121,1,2,1597,1669,3244,17,9,7,1,1,0,3
678,1,1.5,0,8,1,25,0.1,115,7,6,921,1397,480,14,6,3,1,1,0,0
921,0,1.0,1,6,0,55,0.4,139,8,17,813,1614,1451,8,10,16,1,0,0,1
865,0,1.4,0,10,1,56,0.3,89,2,0,888,1521,3774,6,0,6,1,0,0,3
1489,0,1.2,0,11,0,62,0.6,175,8,15,865,1776,1580,18,17,15,1,1,1,1
1595,0,0.9,1,6,0,30,0.9,130,5,10,939,1135,1176,9,8,10,1,0,0,1
1590,0,2.4,0,9,0,14,0.9,118,2,2,1739,1608,2610,18,18,20,0,0,1,3
1908,1,1.7,0,1,0,9,0.4,189,3,2,1378,1967,986,16,2,8,0,0,0,1
1652,1,2.8,0,6,1,12,0.5,170,3,20,67,1919,806,19,11,9,0,1,0,0
981,0,0.6,1,19,0,64,0.1,96,7,0,114,721,3242,14,12,16,0,0,0,2
661,0,0.7,1,19,1,38,0.6,97,2,0,44,1246,698,7,15,16,1,0,0,0
1421,0,1.5,1,9,0,24,0.2,80,2,0,1354,1264,3591,5,0,4,0,0,0,3
1874,1,0.7,0,18,1,30,0.9,147,6,13,403,1435,1191,8,12,16,1,0,0,0
1962,1,1.2,1,10,1,12,0.9,122,3,19,755,1469,655,11,2,11,1,0,1,1
845,1,3.0,1,2,0,37,0.3,125,3,3,1622,1770,3030,14,8,20,0,0,0,3
854,0,1.0,0,17,0,28,0.7,141,7,16,258,1297,916,18,1,13,1,0,1,0
556,0,1.0,0,8,1,52,0.6,145,8,15,300,1551,1628,7,1,16,0,1,0,1
711,0,1.9,0,12,0,3,0.8,80,5,4,155,1848,1570,14,14,8,1,0,1,0
1332,0,1.7,1,12,1,60,0.5,93,7,1,559,652,2155,6,13,7,1,1,0,1
1320,0,2.0,0,6,1,5,0.3,175,7,10,175,1463,2027,12,17,16,1,0,0,1
1056,1,1.4,0,14,1,28,0.7,195,5,1,1233,1050,987,6,13,2,0,1,0,0
964,0,2.6,1,10,1,23,0.2,181,7,2,1444,1857,1134,10,11,13,0,0,1,1
1744,1,0.8,0,7,1,47,0.6,189,1,9,361,1328,982,14,2,20,1,0,0,1
1190,1,1.6,1,5,1,43,0.3,136,1,17,1028,1403,463,16,14,20,0,0,0,0
1712,1,2.2,0,14,0,14,0.7,179,8,20,594,1631,2690,17,4,15,0,0,1,2
1944,0,2.7,0,4,1,32,0.8,186,2,13,157,862,2018,12,2,11,0,1,1,1
975,1,1.4,1,2,0,35,0.2,188,6,5,915,1314,661,8,13,17,1,1,1,0
804,0,1.9,1,17,0,31,0.5,98,4,6,1367,1658,1496,18,11,2,1,0,0,0
1929,0,0.7,0,6,1,3,0.8,97,7,12,447,1665,2755,19,2,17,1,0,1,2
1452,0,0.9,1,12,1,13,0.2,128,6,3,1545,841,1323,19,10,5,0,1,1,0
936,0,0.7,1,14,1,33,0.6,140,1,10,1946,1755,1755,16,13,15,1,1,0,2
1432,1,2.3,0,16,0,18,0.7,195,3,16,110,744,3039,16,9,8,0,1,0,2
1272,1,1.2,1,12,0,36,0.4,118,6,17,320,897,2768,6,13,16,1,1,1,2
1858,1,2.3,0,14,1,12,0.8,180,8,1,567,1784,2878,13,9,13,1,0,1,2
883,0,0.7,1,16,0,48,0.6,187,7,6,1666,1423,1684,11,6,19,0,1,0,2
1987,0,2.7,0,18,1,13,0.7,196,8,5,278,1312,2067,8,4,16,1,0,1,2
1904,1,2.6,0,0,0,42,0.2,102,8,11,921,1335,3422,6,4,19,0,0,1,3
771,0,0.7,1,14,1,54,0.1,109,8,3,1053,1952,3520,8,15,4,1,1,1,3
746,1,0.6,1,3,0,24,0.1,106,5,19,253,840,463,18,7,9,1,1,0,0
1299,1,0.6,0,17,0,10,0.9,168,3,19,82,948,3392,18,13,10,0,1,1,2
567,1,2.6,1,0,1,2,0.9,163,5,6,232,1234,3599,16,6,2,0,1,1,2
948,1,1.1,0,4,1,24,0.8,129,7,8,110,1767,3783,6,9,2,0,1,0,2
1152,0,1.9,1,3,1,9,0.3,90,4,9,981,1322,1261,15,11,2,1,1,0,1
1954,0,1.6,1,12,1,57,0.6,143,7,0,1836,1588,2132,6,9,16,1,1,0,3
1988,0,2.5,1,0,0,63,0.8,168,6,18,693,1725,415,15,14,10,0,1,1,0
727,0,1.7,1,0,1,63,0.7,137,2,16,503,1837,666,5,17,16,1,0,1,0
1837,0,1.8,1,10,0,60,0.2,112,8,6,460,1191,2361,9,16,17,1,0,0,2
636,1,3.0,1,19,1,38,0.9,151,7,11,1924,1186,1027,6,17,2,0,0,1,0
1622,0,0.9,1,10,0,22,0.2,159,5,7,1880,621,1095,19,0,18,0,1,1,1
1768,1,2.6,0,8,0,30,0.3,151,2,4,1271,620,1367,13,14,6,1,0,0,1
1836,1,0.6,1,13,0,18,0.9,185,2,6,908,1230,1974,18,13,9,1,0,1,2
835,1,1.7,1,11,1,54,0.5,117,7,2,313,1622,828,5,7,20,1,1,0,0
1840,0,2.7,0,7,1,29,0.4,153,1,17,1821,1756,3259,16,5,7,1,1,0,3
673,1,2.2,1,11,0,26,0.6,183,4,13,2,1112,2756,12,1,19,0,1,0,1
1278,0,2.2,1,0,1,45,1.0,105,5,19,321,1356,3218,12,15,11,0,1,1,2
1204,0,1.2,0,4,1,25,0.2,114,2,0,1330,1718,3722,18,15,2,0,1,1,3
973,0,1.5,0,13,1,24,0.8,85,7,13,359,977,2503,5,1,17,0,1,0,1
533,0,1.4,0,6,1,16,0.4,125,5,11,212,737,1609,19,11,2,0,0,0,0
1658,0,1.8,1,1,0,6,0.2,85,1,13,1168,1880,3916,5,10,14,1,0,1,3
1003,0,1.7,1,2,0,4,0.5,170,3,20,51,1318,2373,10,3,10,0,0,0,1
1492,1,1.3,1,17,1,27,0.6,90,4,8,529,733,1991,7,10,4,1,1,0,1
1115,0,1.3,1,6,0,64,0.3,163,2,2,1260,877,1813,12,15,11,0,1,0,1
1060,0,1.1,0,0,1,18,0.5,150,8,0,362,989,403,13,6,8,1,0,1,0
1829,1,1.4,1,14,0,42,0.7,199,3,10,1489,801,3833,14,13,3,1,1,1,3
641,1,0.9,0,10,0,22,0.6,122,5,3,185,1155,3323,16,18,12,1,0,1,2
1604,1,2.7,0,9,1,21,0.8,121,5,2,1202,1718,2874,16,8,2,1,1,0,3
1620,0,2.0,0,17,1,12,0.9,109,2,3,149,1606,1084,19,2,12,1,1,0,1
1069,1,0.8,1,6,1,37,0.5,145,5,5,1435,1874,3730,11,5,6,1,0,1,3
893,1,2.2,0,11,1,43,0.5,106,3,2,1476,1752,915,7,2,17,1,0,1,1
507,0,2.6,0,14,0,24,0.5,93,1,10,1558,966,1160,7,6,20,0,0,1,0
1905,0,1.1,0,12,1,35,0.6,194,4,13,553,587,518,9,12,19,1,0,1,0
1921,1,0.9,0,4,0,31,0.2,162,5,6,463,727,1334,14,3,19,1,1,1,1
861,0,0.5,1,13,0,19,0.4,94,1,2,1918,1687,1483,5,9,3,1,1,1,1
547,0,0.6,1,14,1,45,0.3,154,7,12,1430,1010,3231,19,18,11,1,1,0,3
684,1,2.4,1,2,0,36,0.4,116,6,1,359,1580,1476,19,5,6,0,1,0,0
601,1,3.0,1,3,1,6,1.0,101,3,15,57,1186,3833,7,16,3,0,0,1,2
1746,1,0.6,1,13,0,33,0.6,137,5,8,695,1841,1389,16,5,9,1,1,0,1
1837,1,2.4,1,2,1,26,0.5,175,3,8,1304,1261,2219,13,11,10,1,0,0,2
729,1,0.7,0,17,0,52,0.6,80,6,5,735,1849,2476,12,2,7,1,1,0,2
1620,0,2.0,1,2,0,21,0.7,122,2,5,1583,875,3359,16,5,4,0,0,1,3
768,0,2.4,1,19,0,62,0.5,191,5,3,980,1665,3069,13,16,9,0,1,0,3
1050,1,1.4,1,13,0,40,0.5,127,1,11,1943,1285,3503,9,11,4,1,1,1,3
1399,0,0.5,0,8,1,10,0.7,91,1,3,1707,785,3766,13,10,2,0,0,0,3
1579,0,2.0,0,5,1,27,0.2,131,3,14,924,850,695,7,9,10,1,0,1,0
1811,1,3.0,1,6,0,57,0.6,162,2,5,1636,970,608,8,4,3,1,0,1,0
567,1,1.1,1,14,1,18,0.6,200,4,11,878,732,1937,19,17,20,0,0,0,1
794,0,1.0,0,15,0,46,0.8,156,2,11,19,1903,818,7,7,17,1,1,1,0
920,0,0.8,1,4,1,51,1.0,86,2,13,604,818,2103,13,0,19,1,1,1,1
965,1,1.9,0,10,1,45,0.8,177,1,15,802,1396,2463,9,17,3,0,1,1,1
1997,0,2.0,1,19,0,7,0.6,174,8,11,1914,1355,1290,11,0,10,1,0,1,2
1666,1,2.5,0,5,1,25,0.3,158,6,17,1623,1307,623,8,16,17,1,0,0,1
980,1,2.4,0,13,0,23,0.6,188,2,5,287,1440,3866,13,5,12,0,0,0,3
1957,1,2.7,1,3,0,23,0.9,173,1,15,0,1872,1643,13,1,7,1,0,0,1
1248,0,2.5,1,16,0,57,0.9,108,7,7,1036,1950,3396,14,4,17,1,0,0,3
1251,1,1.1,0,3,1,2,0.8,130,6,13,1046,1810,2593,9,12,7,0,1,1,3
1150,0,1.9,0,5,0,35,0.3,141,8,10,1442,1189,2734,13,10,20,0,0,1,3
715,1,1.2,1,9,0,63,0.7,139,2,19,508,1590,3177,15,2,3,1,1,1,2
1901,0,1.3,0,7,0,57,0.9,157,3,5,1592,778,1248,15,5,15,1,1,0,1
520,0,2.8,1,3,0,40,0.7,164,1,10,809,1822,1070,13,4,2,0,1,1,0
761,1,2.2,1,12,1,64,0.7,92,4,3,656,793,3986,9,12,19,0,1,1,3
844,0,2.9,1,0,1,27,0.6,148,2,13,824,670,2756,12,16,8,1,1,1,2
918,1,1.5,0,19,0,40,0.7,84,1,0,1852,1742,1349,13,4,2,0,0,0,1
697,1,1.8,0,1,0,36,0.4,141,5,8,768,1635,2673,19,17,17,0,1,0,2
526,0,1.7,1,6,0,4,0.2,131,8,0,1099,707,1729,10,7,20,0,0,1,0
1516,0,0.8,0,18,0,4,0.8,104,6,6,1749,1947,3473,9,1,19,1,1,1,3
1953,1,1.1,1,3,1,58,0.9,199,7,10,35,667,2158,16,6,11,1,1,0,2
682,0,1.8,0,1,0,12,0.9,111,7,6,1052,573,1430,14,16,3,0,0,1,0
944,0,0.7,1,14,0,24,0.4,86,8,8,1389,1932,2840,11,15,6,1,1,1,2
1259,0,2.8,0,1,1,41,0.2,123,2,3,1772,834,3063,5,13,2,1,1,0,2
1891,0,0.8,1,17,1,38,0.4,171,3,15,120,851,1650,15,7,2,1,1,1,1
1541,1,1.0,1,9,0,34,0.9,81,5,16,1425,1690,3070,16,14,5,1,1,1,3
1649,0,2.4,0,17,0,63,0.7,139,7,9,1573,1410,1132,18,13,12,0,0,0,1
1371,1,0.7,0,4,1,51,1.0,130,7,1,688,1279,1151,12,15,16,0,1,0,1
1125,0,2.8,0,2,0,61,0.4,184,6,1,1463,1981,3349,12,10,13,0,1,1,3
799,1,2.3,0,19,0,43,0.6,80,3,14,967,629,2580,8,9,5,1,0,0,2
1796,0,0.7,0,15,1,63,0.8,82,3,19,1290,1887,387,11,18,13,0,1,0,1
1706,0,2.2,0,18,1,39,0.3,148,1,18,764,901,2783,5,17,6,0,1,0,3
537,1,2.1,1,6,1,36,1.0,101,3,8,347,1433,1400,12,10,10,1,0,0,0
1573,0,2.4,1,8,0,53,0.6,165,2,10,1624,985,1283,15,3,18,1,1,1,1
626,0,2.6,0,11,0,56,0.1,113,8,3,424,939,1843,16,7,4,0,0,0,0
1608,1,2.3,0,8,0,6,0.1,148,1,1,367,981,1947,14,9,18,1,0,1,2
1738,0,2.0,0,4,1,59,0.9,84,3,16,1737,1337,3594,17,12,7,0,1,0,3
696,0,1.3,1,7,1,45,0.7,163,8,8,1836,1815,1887,14,6,14,1,1,0,2
1150,0,2.2,0,12,0,58,0.8,142,8,10,1194,668,1366,16,0,6,1,1,0,0
685,1,2.9,0,0,1,47,0.8,80,4,7,1138,1492,3151,11,15,5,1,1,1,2
1350,1,2.0,0,6,0,60,0.5,112,4,6,707,1789,2287,14,18,10,1,0,1,2
1891,1,2.2,1,5,0,19,0.8,87,5,20,1199,1601,258,14,1,9,1,1,1,0
621,1,1.6,0,1,1,13,0.9,85,7,17,1194,1969,2622,13,6,11,0,1,0,1
1096,0,2.4,1,2,0,14,0.3,164,7,14,1013,520,2131,13,8,6,0,1,0,1
1959,0,3.0,0,9,0,17,0.8,131,5,8,1284,1043,2406,16,14,20,1,1,0,2
951,0,0.9,0,2,0,15,0.4,177,3,15,1087,1140,945,8,14,14,0,0,0,1
698,0,1.0,0,6,1,29,0.4,111,3,7,1724,1302,2046,9,6,17,1,1,0,1
1232,0,1.8,0,11,0,14,0.5,166,6,10,1309,976,2677,12,5,16,0,1,0,3
1262,1,1.7,1,17,0,11,0.9,154,7,3,755,879,2789,14,7,15,1,1,0,2
1494,1,1.9,0,1,1,34,0.1,160,1,14,1284,1777,2802,12,4,4,0,0,0,2
970,1,0.6,0,8,0,51,0.5,180,7,1,451,848,3990,7,8,13,0,0,0,3
1933,1,1.5,0,2,0,10,0.7,165,4,15,419,1929,2131,17,4,19,1,1,1,2
1281,1,2.0,1,8,1,34,0.2,170,2,12,1621,555,1865,13,1,3,0,1,0,1
929,0,2.0,0,9,1,43,0.8,169,1,1,1142,1134,2284,11,13,10,0,1,1,2
1940,1,2.1,1,15,1,46,0.9,134,3,10,105,1413,1487,18,14,5,0,1,1,1
1887,1,2.3,1,8,0,8,0.2,167,2,4,695,1958,1435,11,5,17,1,1,0,1
1248,0,2.1,1,18,1,48,0.2,181,1,9,1930,1646,2839,7,7,19,0,0,0,2
537,0,2.5,1,2,0,3,1.0,169,3,0,1249,521,1428,19,7,2,0,1,1,0
1395,1,2.1,1,1,0,16,0.3,153,7,15,1703,1622,3059,10,0,17,0,0,0,3
1332,0,1.8,0,0,0,22,0.2,88,6,10,1074,988,3044,18,10,8,0,1,0,3
722,1,2.0,1,7,0,55,1.0,132,2,7,83,1788,3824,12,8,20,1,0,1,2
1450,1,0.8,1,3,0,14,0.9,87,6,18,352,1661,749,8,17,2,1,0,0,0
1761,0,1.2,0,1,0,51,0.7,92,4,13,180,787,1615,10,7,5,1,0,1,0
658,0,1.8,0,4,0,64,0.6,123,6,12,1440,1039,3143,18,15,15,0,0,0,3
1584,0,2.7,1,19,0,62,0.9,136,2,3,1483,1730,1862,19,7,16,1,1,0,2
710,0,2.2,1,16,1,21,0.7,143,1,10,896,1880,2707,7,3,3,1,0,0,2
1623,0,0.7,1,0,1,8,0.7,188,3,14,1420,1404,3008,19,6,5,0,1,1,3
1128,1,2.0,0,18,0,15,0.9,172,8,19,1081,827,3566,17,16,8,1,1,0,3
509,0,1.1,0,4,1,50,0.7,131,5,12,1450,1083,1102,14,4,2,1,1,1,0
1949,0,2.3,1,8,1,14,0.6,120,1,3,1319,1692,1229,7,16,16,1,1,0,2
748,0,2.6,0,6,1,42,0.5,166,8,14,893,1396,2018,13,12,14,1,0,0,1
1394,1,2.0,1,8,0,25,0.6,113,7,1,1280,802,2150,11,14,16,1,1,0,1
772,0,2.0,1,15,0,50,0.6,186,5,6,624,928,3643,6,14,10,1,0,1,2
1899,0,1.3,0,14,0,40,0.4,174,6,19,1468,795,401,19,9,14,1,0,0,0
1607,1,1.6,1,11,0,38,0.5,162,2,16,1791,1203,1174,14,11,12,0,1,1,1
1706,0,2.7,0,12,0,51,0.8,110,5,18,405,1168,3671,6,1,15,0,1,1,3
1148,0,2.3,0,14,1,62,0.5,155,8,7,1308,1312,2556,10,13,10,1,1,1,2
1201,0,1.8,0,3,0,24,0.1,179,4,14,216,1916,2783,17,13,14,1,0,0,1
1451,0,1.4,1,7,1,35,0.4,88,1,14,740,1476,1190,11,1,14,1,0,0,1
1677,0,0.6,1,2,1,41,0.3,101,7,5,1312,1377,2587,12,9,14,0,1,0,3
1770,1,0.9,0,14,0,53,0.8,142,6,19,543,1048,1640,7,9,18,1,1,1,1
526,0,1.0,1,8,1,32,0.5,123,6,20,462,1451,2998,6,5,8,0,1,0,2
1495,0,1.4,1,12,0,25,0.4,165,6,2,752,1932,594,19,1,18,1,0,1,0
663,0,2.9,1,11,1,55,0.8,128,2,16,224,514,1320,19,0,2,1,1,1,0
931,1,1.8,1,5,1,62,0.1,200,1,9,1226,1024,2668,6,3,11,1,1,0,2
1744,1,1.1,1,2,1,37,0.3,116,7,14,257,584,2516,13,4,10,1,1,0,2
875,0,0.8,1,19,0,8,0.8,123,7,11,653,805,3401,15,4,18,1,1,0,2
1695,0,1.3,1,5,0,20,0.6,80,1,4,613,600,3253,18,11,2,1,0,1,3
1194,0,2.5,0,2,0,31,0.8,109,5,2,1898,1387,310,13,8,6,0,1,0,0
848,0,1.5,0,6,0,46,0.9,108,5,10,1944,1728,593,18,2,10,1,0,0,0
1001,0,2.4,0,18,0,44,0.9,172,3,17,155,1909,1582,6,1,17,1,1,0,0
1296,0,2.5,1,5,1,53,0.2,120,6,17,308,855,3844,5,12,10,1,1,0,3
1647,1,0.8,1,19,0,3,0.8,104,8,5,1435,1548,2042,11,17,14,0,0,1,2
1409,0,2.0,1,9,0,31,0.7,117,7,18,585,992,3594,8,15,5,1,1,1,3
1899,0,2.9,0,17,1,46,0.3,148,2,7,1263,973,477,16,14,19,0,1,1,1
1801,0,1.5,0,13,0,64,0.9,175,4,11,1805,1414,3860,10,6,16,0,0,1,3
1630,1,0.6,0,0,0,10,0.5,198,8,6,319,1517,484,11,13,2,1,0,0,0
1404,1,2.8,1,10,1,57,0.9,85,2,10,1889,1375,3281,13,1,15,0,0,1,3
934,0,2.7,0,8,1,2,0.6,181,7,11,102,649,3538,19,3,4,0,0,1,3
1118,0,1.8,0,4,1,14,0.6,127,4,14,448,1115,1357,6,2,12,1,1,0,1
678,1,1.9,1,10,0,55,0.2,177,5,9,995,928,1381,13,3,15,1,1,1,0
1061,1,1.0,0,2,1,51,0.9,84,3,11,1726,506,2432,10,6,19,1,0,0,2
1889,0,2.5,1,13,0,63,0.6,155,8,13,1086,560,2958,5,0,3,0,1,0,3
1138,1,1.7,1,16,0,39,0.1,192,5,8,272,1173,705,17,15,7,0,0,1,0
670,1,0.6,0,1,0,40,0.1,84,5,11,488,650,1142,18,13,15,0,1,1,0
1477,0,2.2,0,9,1,35,0.8,175,4,1,1493,1607,3078,7,12,6,0,0,0,3
1943,1,2.9,0,13,0,34,0.2,93,1,18,1101,584,3278,16,3,15,0,1,1,3
1801,0,2.6,0,1,0,34,0.6,198,7,2,25,852,831,15,16,5,0,1,1,1
911,0,1.2,0,7,0,20,0.7,170,3,18,983,1977,3585,15,0,5,0,0,1,3
1180,0,0.6,0,5,0,55,0.4,190,2,15,797,1561,3500,11,18,12,1,0,1,3
1296,0,2.9,0,0,0,24,0.6,188,7,19,1,1335,3504,9,13,15,1,0,0,3
871,1,2.8,1,16,0,40,0.3,118,2,0,485,522,1156,6,3,5,0,0,0,0
903,0,1.8,0,8,0,44,1.0,130,6,4,1834,565,2760,5,3,18,1,1,0,2
854,0,2.1,1,15,1,35,0.9,163,4,1,1380,1861,856,7,13,18,0,0,1,1
1991,0,1.7,1,11,1,40,0.4,101,7,8,138,1698,991,12,15,3,1,0,0,1
1619,1,1.5,0,17,1,5,0.6,117,1,18,31,1924,521,7,8,7,0,0,0,0
1761,1,0.8,1,19,1,21,0.6,91,7,16,678,1711,2101,15,1,12,1,1,1,2
1724,1,0.7,0,12,1,30,1.0,187,2,14,911,503,2918,14,9,11,0,1,0,3
1938,0,1.1,1,7,1,26,0.5,109,7,17,889,1707,999,10,9,6,0,0,0,1
657,1,2.6,0,8,0,59,0.6,129,3,0,1366,1186,952,6,6,12,1,0,1,0
1822,1,0.9,1,16,1,58,0.9,134,1,16,339,1537,1292,12,17,20,1,0,1,1
599,1,1.1,1,8,0,46,0.2,125,4,6,91,1120,995,17,6,7,1,0,0,0
1213,0,1.9,1,10,1,24,0.6,174,1,14,1319,1580,3373,10,4,6,1,0,1,3
1391,1,1.0,0,3,0,5,0.2,190,3,16,1759,1761,891,17,12,16,0,1,0,1
1036,0,0.9,1,19,0,49,0.7,149,6,14,328,1960,1298,9,11,12,1,0,0,0
719,0,1.9,1,13,1,57,0.4,181,5,8,708,1310,1400,6,11,15,1,1,1,1
788,0,1.4,1,6,0,32,1.0,93,6,12,1228,918,1014,14,9,14,1,0,0,0
1736,0,2.1,1,11,0,54,0.5,196,8,9,324,1416,3778,18,6,16,1,0,0,3
978,0,2.8,0,8,1,60,0.2,94,4,13,1686,1249,1040,18,4,15,1,0,0,1
965,0,0.9,0,3,0,36,0.9,88,5,9,442,803,2077,19,2,13,1,0,0,1
1885,0,2.8,1,17,0,15,0.8,82,1,8,1044,1586,2375,6,3,10,1,0,0,3
715,1,2.8,1,17,1,3,0.7,109,3,4,664,615,1232,5,10,10,0,1,0,0
1872,0,2.6,1,16,1,49,0.8,181,6,8,1308,1104,2019,13,7,7,0,1,1,1
1881,1,2.1,1,7,0,37,0.3,116,1,15,389,1537,893,19,14,10,0,1,0,0
1397,1,2.1,1,5,0,11,0.7,175,3,18,192,1880,2063,19,15,13,1,0,1,2
748,1,2.1,1,0,1,5,0.1,131,2,2,1001,1430,326,9,10,15,1,1,0,0
733,1,2.2,0,14,0,63,0.3,92,7,3,1696,1967,1899,10,1,16,0,1,1,2
927,0,0.5,0,6,0,22,0.9,137,5,10,1241,1747,1622,14,0,9,1,0,1,0
1366,1,2.9,0,17,0,22,0.8,108,6,14,1481,854,1568,18,4,15,1,0,1,1
730,1,2.0,1,17,1,41,0.3,115,6,3,849,1766,667,7,5,10,0,1,0,0
1183,0,2.5,1,2,0,24,0.2,142,2,6,274,1003,3994,19,1,8,0,0,0,3
673,0,1.4,1,18,0,59,1.0,175,1,0,837,1445,357,17,14,5,1,0,1,0
1310,1,0.5,0,2,0,44,0.2,151,4,1,1936,801,802,6,6,7,1,1,1,1
531,0,1.8,1,9,0,24,0.3,107,2,3,1532,1307,641,17,14,14,0,0,0,0
1563,0,1.8,1,9,1,18,0.3,166,3,15,1379,1518,3915,14,3,6,0,0,0,3
583,1,1.6,1,19,0,56,0.1,164,3,18,590,1870,1448,19,0,3,0,1,0,1
792,1,1.3,0,13,0,39,0.4,108,7,10,1175,1914,1869,8,2,7,1,1,1,1
761,0,1.1,0,17,0,59,1.0,183,3,3,1221,1701,3066,19,8,20,0,1,1,2
1746,1,1.8,0,11,1,23,0.4,182,2,19,1282,1337,444,5,9,4,0,0,1,0
580,0,1.4,1,16,1,3,0.6,153,8,5,1751,1822,506,6,8,4,1,0,1,0
1143,1,2.9,1,17,1,58,0.8,115,1,3,1336,658,939,11,18,9,1,0,0,0
1386,1,0.9,1,17,0,17,0.6,122,2,2,434,1992,2796,14,12,9,0,0,0,2
1273,0,1.3,0,8,0,55,0.8,133,3,7,434,805,3918,7,13,19,1,0,1,3
1521,0,1.2,0,7,0,46,0.7,102,1,15,1215,1104,2578,9,2,6,0,1,0,2
1704,1,1.9,1,19,0,16,0.6,117,8,8,1698,1860,3520,10,8,9,1,0,0,3
1090,0,1.7,0,15,1,49,0.7,96,3,9,1858,1574,3557,6,11,7,0,0,1,3
1742,0,2.1,1,18,1,7,0.8,98,7,7,1195,1773,1290,7,11,6,1,0,0,1
976,0,2.9,0,11,0,26,0.7,170,2,19,1038,1531,944,7,17,8,0,0,0,1
1976,1,1.2,1,18,1,24,0.8,95,5,14,1600,1401,855,19,9,6,1,0,1,1
1256,0,2.2,1,14,1,43,0.2,136,2,13,1915,761,3228,19,7,15,0,0,0,2
1604,1,0.6,1,14,0,35,0.7,131,2,9,54,1993,2761,14,17,17,0,1,0,2
1812,1,1.2,0,3,1,40,0.8,85,4,11,608,1454,3493,15,6,5,1,0,1,3
1688,0,1.7,1,11,0,32,0.4,180,7,18,654,1501,2154,7,10,11,0,0,0,2
1776,1,0.6,1,14,0,48,0.9,199,3,13,1106,1141,3910,5,0,7,1,1,1,3
1304,1,2.0,1,15,0,12,0.4,157,7,17,578,1927,3602,10,3,18,1,0,1,3
565,0,2.2,0,19,1,47,0.3,161,1,0,609,1175,3282,19,1,3,0,0,1,2
1239,1,2.4,1,6,1,5,0.9,108,3,18,47,785,3262,12,7,9,0,0,0,2
772,0,1.8,0,6,0,7,0.3,182,5,19,7,770,719,17,17,8,0,1,0,0
1833,0,2.0,0,19,1,47,0.5,174,4,14,882,1546,3043,10,1,8,1,1,0,3
855,0,1.5,1,19,0,11,0.4,133,5,20,1955,1616,3801,9,18,19,1,1,1,3
842,1,0.6,1,3,0,50,0.9,165,6,11,579,808,1349,17,16,12,0,1,1,0
874,1,0.7,0,7,0,10,0.5,195,1,5,470,1546,3306,12,0,9,0,0,0,2
1463,0,2.1,0,18,1,11,0.7,152,6,12,518,1995,1566,15,0,17,0,0,1,2
1356,1,3.0,1,3,1,60,0.8,104,7,13,1908,1297,1050,15,17,16,0,1,1,1
1923,1,0.5,1,15,0,13,0.7,119,7,3,1301,1954,2990,15,11,4,1,1,1,3
1124,1,1.9,0,2,1,59,0.9,102,3,4,1280,734,874,15,3,10,1,0,0,0
923,1,2.4,1,3,1,23,0.8,120,3,6,371,1103,2057,17,18,9,0,1,0,0
573,0,2.6,1,15,1,52,0.5,187,8,11,1772,1334,3760,11,10,10,1,1,1,3
510,1,1.9,1,12,0,61,1.0,102,7,3,385,1036,843,9,12,8,0,1,1,0
1060,0,2.0,0,11,1,9,0.6,187,8,16,1896,650,838,12,12,17,0,1,1,0
1888,0,2.2,1,17,0,22,0.1,114,8,2,1867,1186,3785,9,3,20,1,1,0,3
1285,0,2.6,1,6,0,38,0.3,140,4,19,1113,1008,3164,5,6,2,0,1,0,3
1840,1,0.8,1,10,0,56,0.7,143,2,14,1702,805,1983,10,2,18,0,1,0,1
652,1,2.8,1,12,1,13,0.2,95,2,7,1960,1058,1772,12,10,18,0,0,1,1
639,0,0.6,0,14,1,13,0.6,102,3,7,1138,1126,3864,12,18,8,0,0,0,2
1750,0,2.6,0,6,1,25,0.4,116,7,14,1504,1824,2965,10,11,11,0,1,1,3
660,0,0.7,0,12,1,14,0.6,87,3,1,1158,1236,3655,15,13,3,1,0,0,3
577,1,1.0,0,8,1,18,0.1,171,3,15,1027,1122,599,9,3,8,1,1,0,0
1106,0,0.5,0,10,1,10,0.9,146,7,11,656,1083,2241,14,10,6,0,1,0,1
1887,1,1.6,0,17,1,54,0.4,182,2,4,1284,1397,2969,9,18,19,1,0,0,3
1534,0,1.3,1,7,1,52,0.2,184,6,18,524,913,389,19,1,4,0,0,0,0
648,0,0.9,1,13,1,11,0.5,122,5,13,380,1811,2172,14,3,8,0,0,0,1
1755,1,1.6,1,18,1,35,0.5,178,8,3,540,1127,464,13,13,11,1,1,0,0
1765,0,1.5,1,15,0,42,0.7,87,4,13,21,1138,3626,11,0,20,0,0,1,3
1701,0,2.4,0,19,0,41,0.6,131,5,8,1831,595,2804,16,3,17,1,0,0,2
1853,0,2.7,0,11,1,63,0.1,160,7,16,503,1824,961,11,17,19,0,0,1,1
859,1,2.1,0,5,0,42,0.9,136,8,10,1568,1206,2207,17,0,7,1,1,0,1
1969,0,0.8,0,19,1,45,0.5,169,6,20,852,704,665,7,8,7,0,0,0,1
981,0,1.2,0,12,1,4,0.2,183,6,19,665,756,3264,17,6,12,0,1,1,2
1703,0,2.8,1,4,1,6,0.8,131,8,0,447,1046,990,19,7,8,1,1,0,0
1369,1,0.7,1,6,1,40,0.7,113,8,8,1609,1669,2529,8,4,2,0,0,1,2
1669,1,1.5,1,5,0,59,0.7,150,6,4,1008,641,550,8,5,17,0,1,1,1
1441,1,2.9,0,16,0,27,0.5,185,3,9,881,680,847,19,14,3,0,0,0,0
1463,0,2.9,1,1,1,42,0.5,199,6,3,1290,1340,3924,11,0,5,1,0,0,3
1424,1,1.5,1,14,1,15,0.6,178,2,11,1573,1248,1700,15,2,19,1,0,1,2
1668,0,2.2,0,11,0,30,0.1,109,5,3,1286,1934,715,7,5,15,1,1,0,1
1608,1,1.6,0,1,1,49,0.4,104,4,13,917,1627,2875,11,15,14,1,1,0,3
701,1,2.4,1,12,0,43,1.0,149,8,9,1752,1484,1007,15,7,4,1,1,0,0
1739,1,0.6,0,15,1,9,0.7,128,5,20,1756,1003,2462,18,0,6,0,1,0,2
1304,1,0.9,1,14,1,57,0.5,153,8,18,1894,1438,3286,11,9,5,1,0,1,3
984,1,2.0,0,10,1,60,0.3,191,7,12,178,1375,2814,6,11,14,1,1,1,1
1271,0,1.1,0,6,0,32,0.8,146,7,9,1746,916,1179,11,8,11,1,1,1,1
1950,1,2.2,1,3,0,23,0.3,123,2,15,378,1055,1142,14,1,8,1,0,1,1
1786,1,1.4,0,0,1,35,0.2,185,7,14,1216,1895,1088,18,16,16,1,1,1,1
1750,1,2.7,0,7,1,52,0.2,133,3,2,1290,1306,2621,17,16,16,1,1,1,3
1194,1,2.5,0,12,0,30,0.8,153,5,7,403,1206,2772,16,17,16,0,1,0,1
1676,0,1.7,0,0,0,3,0.7,96,4,20,15,1694,2205,7,18,4,0,0,0,1
1077,1,2.4,1,19,1,6,0.2,141,3,6,1850,900,1748,12,6,13,0,0,1,2
1529,0,1.2,0,11,0,53,0.2,131,8,0,1747,829,488,13,8,5,1,1,0,0
1459,1,1.7,0,5,1,51,0.7,94,8,17,342,1980,3383,12,18,7,0,0,0,3
874,1,1.0,1,19,0,50,0.6,105,5,19,1179,1704,2727,18,8,20,0,1,0,2
899,0,2.7,1,3,0,9,0.7,165,1,13,296,1134,2645,19,16,9,1,1,1,1
591,1,2.6,0,19,0,12,0.3,101,2,13,1110,1918,644,8,12,16,0,1,0,0
709,1,2.8,1,5,1,26,0.8,95,2,7,622,1056,1334,19,17,6,1,0,0,0
1150,1,2.7,0,7,1,16,0.9,86,8,7,1474,1512,1393,17,0,20,1,1,1,1
1216,0,2.9,1,8,0,26,0.6,83,4,19,1124,552,2494,15,13,7,0,0,1,1
747,0,1.1,1,19,0,37,0.3,132,1,18,976,1545,3202,10,15,5,1,1,0,2
1125,1,2.8,1,5,1,19,0.7,139,5,10,1336,767,3499,16,3,8,1,0,1,2
1406,1,1.9,0,19,0,9,0.4,155,8,6,933,861,2210,13,13,5,0,1,1,1
848,1,1.6,0,6,1,27,0.1,149,5,3,26,1712,1620,18,3,13,1,0,1,0
1007,1,1.9,1,5,1,47,0.4,144,4,0,1168,808,1783,15,17,4,1,1,0,1
1051,0,1.4,1,12,0,40,0.9,200,2,10,1525,1223,3012,19,17,5,1,0,0,2
1257,1,1.2,0,13,0,22,0.5,110,8,11,961,1880,1446,11,0,15,0,1,0,1
1049,0,1.1,0,6,1,21,0.9,166,1,14,343,1931,1812,6,9,2,0,1,1,0
1605,1,0.7,0,2,0,38,0.6,89,8,16,15,1165,3198,12,7,10,0,1,0,3
991,1,1.7,1,7,1,12,0.6,182,2,7,581,625,2288,19,16,15,0,0,1,2
1150,1,2.7,0,10,0,54,0.1,123,2,3,1506,930,2006,14,6,10,1,1,0,1
1069,1,2.1,1,0,1,56,0.7,121,3,17,631,1423,3002,15,13,2,1,1,0,2
774,0,1.8,1,1,0,3,0.2,96,1,16,1875,1005,1336,14,2,5,1,1,1,1
1528,0,1.6,1,18,1,63,0.5,141,1,11,651,1579,482,13,4,20,0,1,0,0
853,0,1.7,0,0,1,3,0.3,128,2,0,838,1987,3206,5,18,16,1,0,1,2
945,1,1.0,1,8,0,30,0.5,197,6,9,1491,1431,1958,11,7,8,1,1,1,1
1689,0,2.6,1,15,1,44,0.6,101,7,13,1203,1436,1474,6,14,18,1,0,0,1
1923,1,1.0,0,6,1,22,0.1,130,2,18,80,1294,612,10,18,2,0,0,1,1
1506,0,2.3,1,9,1,14,0.4,188,6,10,149,779,3723,15,18,2,1,1,1,3
1874,0,2.4,1,1,0,4,1.0,177,3,9,385,1366,2969,17,0,18,0,0,1,3
1781,0,1.9,1,15,0,47,0.2,172,4,7,1709,1896,1281,8,4,14,1,1,0,2
1221,0,2.7,1,12,0,4,0.4,143,3,8,43,1533,2531,14,13,13,0,1,0,2
1655,0,1.2,0,17,1,32,0.4,185,8,0,140,1627,1994,8,17,8,0,1,0,1
992,0,2.7,1,17,1,26,0.4,107,5,2,1526,1794,1479,8,18,17,1,1,1,2
1190,1,2.3,1,7,0,62,0.7,177,5,15,1221,1080,1422,19,13,13,0,1,0,1
1303,1,2.5,0,0,0,60,0.3,150,7,7,1929,1004,541,14,1,10,0,0,0,0
1940,1,2.2,1,6,1,53,0.5,122,6,17,430,1953,3904,7,14,9,0,1,0,3
1772,0,2.6,0,2,1,48,0.7,106,2,8,1293,1189,3721,7,5,8,1,1,0,3
1233,1,3.0,1,10,0,36,0.4,143,2,20,263,1599,3514,5,15,12,0,0,1,3
1478,1,1.6,1,2,0,24,1.0,80,3,3,1157,1453,1435,12,10,14,0,1,1,1
803,1,2.5,0,18,1,12,1.0,166,1,3,208,685,3987,6,3,17,0,0,1,3
1706,0,2.4,0,12,1,62,0.2,108,6,12,1780,971,1286,13,16,9,1,0,1,1
1329,1,1.6,0,5,1,26,0.4,127,4,16,815,988,3341,11,18,6,0,1,1,3
1299,1,2.8,1,18,1,29,0.3,103,1,3,499,767,634,14,9,12,0,1,1,0
1649,0,1.5,0,15,0,10,0.3,136,4,10,1930,1667,1418,8,15,13,0,1,1,1
1449,0,1.9,1,8,0,19,0.5,124,7,4,130,1948,2417,7,1,7,0,1,1,1
608,1,0.8,0,2,0,41,0.6,102,8,15,1568,1948,3878,6,5,3,0,0,0,3
932,0,1.1,1,6,0,28,0.5,187,8,11,1000,791,1250,6,2,8,1,1,0,1
765,0,2.6,1,11,0,38,0.3,171,8,13,1348,1173,1874,6,5,3,0,1,1,1
1602,1,1.5,0,15,0,15,0.4,126,5,5,510,848,3410,8,7,3,1,0,1,3
552,0,1.5,1,5,0,7,1.0,86,8,6,1728,593,2023,17,8,20,1,0,0,1
803,0,1.1,1,14,1,57,0.9,182,8,13,884,1427,2811,14,6,16,1,0,0,2
1396,0,1.7,0,5,0,29,0.2,164,6,7,820,1788,1821,8,10,2,0,1,1,1
1542,1,2.5,0,4,1,24,0.7,147,4,14,894,615,270,18,4,8,1,0,1,0
1254,0,2.7,1,8,0,20,0.5,153,8,3,581,1462,1315,16,6,6,0,0,1,1
1791,1,0.7,0,3,0,43,0.7,80,4,6,625,551,2373,16,15,20,0,0,1,2
1878,0,1.9,0,8,1,37,0.6,137,2,2,274,1763,328,18,10,10,0,0,0,0
698,1,1.7,1,7,1,26,0.9,102,1,1,953,595,1123,16,0,6,1,0,1,0
1928,1,2.0,1,5,1,60,0.2,158,5,5,930,1152,3823,19,6,14,1,0,0,3
1421,1,1.6,0,15,0,58,0.4,192,1,10,745,684,313,9,15,11,0,1,1,0
1454,1,1.5,0,6,0,14,1.0,144,1,3,1932,1117,1181,17,3,5,0,1,1,1
642,0,1.7,0,13,0,42,0.3,153,2,1,221,1143,2574,6,17,7,1,1,1,1
1432,1,2.0,1,14,1,63,0.2,160,5,18,1785,1309,2363,9,5,4,1,1,1,2
1588,1,1.8,0,13,0,32,0.8,192,4,10,1699,1743,1022,18,11,15,1,0,0,1
1371,1,1.7,1,5,0,3,0.8,84,5,15,43,1993,479,7,9,20,0,1,1,0
626,1,2.5,1,16,0,10,0.7,117,5,15,1375,1012,3623,12,11,17,1,1,1,3
1284,1,2.4,1,4,1,44,0.8,112,8,2,410,1884,2317,10,15,9,1,1,0,2
1903,0,1.4,1,5,1,58,0.7,166,2,13,81,1140,2402,6,2,11,1,0,0,2
1585,0,2.5,1,17,1,10,0.2,134,4,18,1688,677,472,8,6,3,0,1,1,0
706,0,2.6,0,6,1,36,0.6,173,5,9,227,1399,1038,13,10,8,1,0,1,0
1939,0,0.9,0,13,1,33,0.8,137,3,18,586,1583,528,14,4,2,0,1,1,0
1938,1,2.0,0,0,1,19,0.9,198,2,19,189,952,3920,15,7,16,1,1,0,3
754,1,1.2,1,12,0,41,0.3,172,1,11,278,1383,3137,6,16,19,0,1,1,2
1701,0,2.3,1,17,1,57,0.2,82,3,2,121,1148,2301,9,4,5,0,1,1,2
1110,0,1.1,0,14,0,17,0.8,199,3,12,1651,717,2804,6,3,14,0,1,0,2
1390,1,2.2,0,11,0,5,0.3,195,2,18,115,1079,875,5,11,13,1,0,1,1
1167,1,1.1,1,16,0,24,0.1,85,3,12,1488,1140,3954,10,1,9,1,0,0,3
1673,1,1.8,1,5,0,21,0.8,127,6,16,308,1012,2192,14,0,15,1,1,1,2
1994,1,2.9,0,7,1,47,0.6,197,7,11,1794,1871,2189,10,16,14,0,1,1,3
1692,1,1.5,1,1,1,35,0.4,181,5,8,1662,1082,3846,5,5,7,0,1,0,3
1897,1,2.7,1,13,1,3,0.1,136,1,19,1234,1438,615,8,2,17,0,1,1,1
1919,0,3.0,1,14,1,23,0.1,145,6,3,1624,516,1843,11,12,14,1,1,1,1
635,1,2.7,0,15,0,48,0.8,83,2,9,585,969,586,10,9,7,0,0,0,0
880,0,0.9,1,14,1,32,0.5,148,1,3,1535,1828,1848,17,8,15,0,1,1,1
1582,0,2.5,1,2,1,37,0.2,160,5,13,434,1837,1256,13,8,14,1,0,0,1
1385,0,0.6,1,13,0,18,0.4,123,4,19,1205,1965,1981,19,2,4,1,0,0,1
575,0,1.5,0,15,1,22,0.2,117,3,20,1802,585,2883,7,16,5,1,0,0,1
642,0,2.7,1,4,1,10,0.2,180,8,4,1418,1792,1304,10,0,8,1,0,0,1
1280,1,2.2,1,9,1,7,0.3,134,1,15,528,901,447,6,9,2,0,0,0,0
1424,1,1.8,0,18,1,4,0.6,111,1,18,1448,508,861,5,5,9,0,1,0,0
751,0,1.5,1,8,1,41,0.3,125,5,17,1732,638,2935,18,12,10,1,1,1,1
756,1,2.5,0,15,1,11,0.4,139,4,10,1743,1625,2422,12,10,16,0,0,1,2
694,0,2.3,1,10,0,38,0.5,111,7,3,1449,1387,3919,14,7,5,1,0,1,3
1347,0,1.7,1,13,1,62,0.5,147,1,9,1436,1359,3602,9,10,12,1,0,1,3
511,1,2.7,1,12,0,45,0.2,184,4,16,1539,1822,859,5,4,14,1,1,0,0
1358,0,1.1,0,13,0,38,0.1,169,2,13,1444,641,3009,18,2,10,0,0,1,2
1213,1,0.9,0,15,1,9,0.1,107,1,8,262,624,594,14,17,19,0,0,0,0
1198,1,2.1,1,18,0,32,0.4,137,4,4,1576,1898,616,15,11,8,1,0,0,0
1518,0,2.9,0,5,1,58,0.7,145,6,13,352,1408,3224,13,12,9,0,1,1,3
1283,0,1.1,1,18,0,26,0.2,162,2,8,1091,1663,1756,11,18,2,0,0,0,2
1591,1,1.1,1,12,0,54,0.8,171,7,9,665,1286,3990,11,17,9,0,1,0,3
1645,1,0.8,1,11,0,46,0.7,138,5,19,417,717,275,16,11,2,0,0,1,0
1880,1,2.7,1,6,0,18,0.1,118,4,0,552,1283,2137,8,15,20,1,1,0,2
1698,0,1.1,0,8,1,10,0.1,159,8,5,165,1945,1408,10,10,6,0,1,1,1
1276,0,1.8,1,13,0,3,0.3,95,3,19,862,676,3944,9,4,17,1,0,0,3
1238,1,3.0,0,7,1,19,0.2,161,2,19,821,689,2761,12,11,4,1,0,0,2
853,1,0.5,1,5,1,22,0.6,188,7,6,791,1019,3145,19,17,7,0,1,0,2
1399,0,1.9,1,16,0,43,0.1,165,1,20,179,1181,1342,18,16,4,1,1,0,0
708,1,1.8,1,8,1,38,0.8,132,7,4,1189,1442,3604,13,9,9,1,1,0,3
1896,1,2.5,0,12,0,32,0.5,179,7,1,332,738,3402,8,17,13,1,0,0,3
1767,0,1.4,1,0,0,47,0.8,144,8,6,1678,1899,3190,19,3,9,1,1,1,3
679,0,1.5,1,1,1,50,0.8,145,4,11,46,725,2042,9,0,13,1,0,1,1
1678,1,0.9,1,16,1,46,0.6,183,5,0,108,799,3706,10,7,17,0,1,0,3
675,1,2.4,1,2,1,58,0.9,103,8,3,588,1950,2760,18,3,2,1,1,1,2
1581,0,2.5,1,15,0,24,1.0,174,2,16,799,1064,501,8,18,10,1,1,0,0
631,0,0.8,1,18,0,53,0.4,162,3,13,1902,1357,3564,11,2,13,0,0,1,3
1232,1,1.5,1,9,1,28,0.2,144,4,12,1030,1151,334,18,10,11,0,0,0,0
1486,0,2.7,1,17,1,13,0.4,89,6,20,743,888,2811,9,14,4,0,0,1,3
1593,1,0.5,1,8,1,11,0.3,172,6,4,1642,1259,1191,14,2,5,1,1,0,1
1127,1,1.2,0,19,0,7,0.6,106,8,18,472,1663,3614,5,0,9,1,1,1,3
1882,1,1.9,0,4,1,62,0.4,188,4,7,1759,517,2987,19,10,14,0,0,1,2
1661,0,1.3,0,8,0,12,0.5,175,2,19,791,1811,3280,11,17,20,0,0,0,3
812,0,1.2,1,7,0,54,0.8,123,2,16,613,776,2875,15,0,9,0,0,0,2
1506,0,1.7,1,15,0,51,0.3,132,7,4,590,1875,2378,12,0,11,1,0,0,2
1595,1,1.0,0,0,0,29,0.6,83,4,4,19,1942,3489,11,17,7,1,0,0,3
1000,0,1.8,0,16,1,59,0.4,140,6,11,1321,1898,1368,11,11,2,1,1,0,0
1607,0,2.3,1,0,0,59,0.8,87,5,10,1132,1475,2233,5,13,9,1,0,1,1
1847,0,1.9,0,6,1,60,0.7,199,7,4,1244,1857,1371,9,5,8,1,0,1,1
1725,0,0.7,0,11,0,33,0.1,157,2,5,1278,1788,681,10,5,4,0,1,0,1
1643,0,2.6,0,2,1,20,0.7,108,2,18,53,1457,3532,10,8,14,1,1,1,3
1451,1,0.9,1,9,0,4,0.3,177,6,15,1721,1837,2116,9,4,6,0,0,0,3
905,1,2.4,0,19,0,54,0.8,82,4,4,1002,1013,457,14,8,6,1,0,1,0
1692,0,1.4,0,16,0,56,0.6,146,7,15,1355,1751,3344,17,18,9,0,0,1,3
1046,0,2.5,1,0,1,35,0.5,93,2,3,70,1887,3779,18,14,20,1,0,1,3
1298,0,1.0,0,11,0,6,0.7,86,3,9,1492,1452,2732,19,16,14,0,0,1,2
971,1,1.0,0,11,1,53,0.9,109,8,0,1328,683,1480,14,9,10,1,0,0,1
969,0,1.7,1,1,1,20,0.8,115,7,13,722,820,3472,11,14,17,0,1,1,2
736,1,0.6,1,13,0,36,0.6,167,1,3,1835,753,3021,14,8,2,0,1,0,2
1941,0,1.1,0,10,1,43,0.8,187,7,4,1275,1299,1322,6,11,8,1,1,0,2
721,0,2.3,0,13,0,11,0.5,173,1,3,1779,1150,1491,17,13,12,0,0,1,1
629,1,2.6,0,5,0,5,0.8,169,1,3,1611,1740,3953,13,15,11,0,1,0,3
1904,1,0.7,1,5,0,6,0.8,148,8,1,403,925,3824,7,17,14,0,1,1,3
1332,1,2.7,1,14,1,62,0.2,124,2,11,1954,748,2787,11,2,15,1,0,0,2
1156,1,2.5,0,14,1,62,0.3,110,3,18,1456,1422,392,9,15,10,1,1,0,0
1606,1,2.7,1,3,0,28,0.3,194,2,6,372,708,1115,10,13,19,1,0,1,0
1074,1,2.2,1,4,0,28,0.2,143,5,16,1555,1857,1578,5,13,19,1,1,0,2
691,0,2.2,0,11,1,27,0.5,148,1,11,841,621,2261,5,0,11,0,1,1,1
1594,0,1.8,0,16,0,24,0.3,81,3,5,1695,1236,3502,10,9,19,1,0,1,3
763,0,2.1,1,4,1,36,0.6,135,3,1,339,1922,3430,9,18,14,1,1,1,3
1329,0,2.8,1,4,1,24,0.2,162,6,16,509,1330,1281,19,17,4,0,1,1,1
1923,0,0.8,1,16,0,40,0.3,139,4,0,681,1711,663,8,4,4,1,1,1,1
1904,0,1.3,0,13,1,25,0.7,154,2,8,884,1134,1287,9,9,3,1,1,1,1
1041,0,0.7,0,18,0,41,0.5,177,4,0,1237,1631,1136,18,16,6,0,1,1,0
1670,1,2.9,0,15,1,61,0.5,82,4,16,434,1560,3620,17,17,7,0,0,0,3
1419,0,1.6,0,19,0,14,0.8,189,3,20,1383,1269,309,5,6,3,1,0,1,0
1219,1,2.2,0,3,1,5,1.0,178,5,6,47,650,3364,6,15,13,1,1,0,3
709,0,2.6,0,5,1,35,0.6,130,3,6,649,1955,2714,6,15,9,0,0,0,2
1064,1,3.0,1,4,0,9,0.2,172,3,11,1292,572,651,11,2,13,0,0,0,0
1477,1,0.9,1,1,0,16,0.2,88,7,10,519,1035,2820,13,0,11,1,1,1,2
1979,0,2.5,1,15,1,51,1.0,117,3,8,846,1461,2427,10,0,7,1,1,0,2
507,0,2.7,1,13,1,28,0.7,93,3,7,1188,1652,270,5,2,13,1,0,0,0
1576,1,0.6,0,1,0,36,0.8,156,2,3,486,1301,1092,8,14,20,1,1,1,0
1769,1,2.4,1,3,0,50,0.7,183,6,5,1891,1101,1558,14,7,8,1,1,0,2
1926,0,1.4,0,3,0,10,0.3,152,6,12,1661,1110,1061,10,13,7,0,0,1,1
1135,1,2.1,1,8,1,32,0.5,166,6,15,1904,1962,2422,6,1,11,1,1,1,3
677,1,1.8,1,9,1,4,0.8,97,2,15,972,1000,2559,14,11,17,0,0,1,2
906,0,1.1,0,5,0,33,0.9,193,4,10,673,1781,891,14,14,12,0,0,0,0
1775,0,0.8,1,18,0,16,0.3,103,3,15,1950,577,719,12,18,17,0,1,0,1
1816,0,0.8,1,4,0,59,0.6,143,7,12,1428,1488,2708,19,6,3,0,1,1,2
1455,1,0.8,0,11,0,18,0.2,162,3,7,1555,1520,2014,17,10,3,0,1,0,1
684,1,2.1,0,8,1,14,1.0,183,4,7,358,1512,1248,5,9,9,0,0,1,0
682,1,1.4,1,7,1,2,0.3,192,4,10,1704,1131,1213,18,6,6,0,1,1,0
1217,1,1.0,0,16,1,10,0.8,152,7,6,1035,1535,402,5,12,2,0,0,0,0
1382,0,2.2,1,19,0,15,0.3,149,6,16,1516,1167,3452,12,10,6,0,0,0,3
548,0,2.2,0,0,0,16,0.7,130,7,3,1617,1389,3406,18,15,7,0,1,0,2
1529,0,1.8,1,9,0,48,0.7,148,4,1,207,1839,2331,19,0,19,0,1,0,1
1316,0,2.8,0,2,0,57,0.4,161,7,10,194,1507,1563,5,4,16,1,0,0,1
518,1,1.5,0,8,1,55,0.8,158,7,1,127,1605,1061,6,11,8,0,1,0,0
643,1,2.6,1,12,0,62,0.9,151,5,4,1260,1952,1406,8,10,20,0,1,1,1
1181,0,0.7,0,8,1,58,0.9,133,6,7,1794,828,3723,9,17,17,1,1,0,3
1583,1,2.3,1,6,0,30,0.4,103,8,0,59,1381,588,9,12,6,1,1,1,0
1738,1,3.0,0,6,1,26,0.8,86,7,4,271,1485,3336,11,0,11,0,0,0,3
1146,0,2.6,0,5,0,42,0.6,130,3,11,952,1542,1395,9,9,19,0,0,1,0
943,1,1.9,1,6,0,22,0.6,127,6,7,767,698,1248,13,16,10,0,1,0,0
1952,1,2.1,0,7,0,40,0.5,153,4,18,201,1639,3286,17,16,9,0,1,0,3
1187,1,1.4,0,13,1,64,0.6,188,2,1,1196,790,3853,13,15,19,1,0,1,3
973,1,2.2,1,1,1,14,0.2,164,3,15,1775,1113,3967,9,9,14,0,0,1,3
1163,0,2.4,1,0,1,50,0.5,177,8,12,415,1570,1258,13,2,10,0,1,0,0
518,1,3.0,1,10,1,60,0.3,149,8,13,5,894,2468,14,4,18,1,1,1,1
952,0,1.7,1,13,0,35,0.4,192,7,14,441,688,1351,18,16,16,1,0,1,0
1273,1,0.7,1,5,0,24,0.2,193,8,1,362,1512,980,19,6,8,0,0,1,0
1877,0,2.0,1,4,0,18,0.3,98,5,16,914,920,1700,9,14,10,1,1,1,2
1607,0,0.8,1,12,0,12,0.8,157,7,6,210,1738,489,18,0,2,0,0,1,0
1671,1,1.1,0,7,0,22,0.6,141,2,13,707,1846,872,17,9,3,1,0,1,0
1317,0,1.3,1,14,0,49,0.1,197,3,6,234,1024,2485,6,18,20,1,0,0,2
665,0,2.3,0,2,1,34,0.8,150,2,8,1326,1606,2827,13,4,3,1,0,1,3
1086,1,1.0,1,2,0,15,0.9,81,8,14,920,835,1268,7,0,17,0,1,1,0
1995,0,0.9,0,11,0,36,0.9,105,5,19,147,1893,2342,12,5,5,1,0,0,2
566,1,0.6,1,7,0,52,0.8,95,8,18,85,868,3117,5,1,12,0,0,0,2
1818,0,2.7,1,14,1,2,1.0,104,4,15,958,1821,3603,9,11,15,1,1,0,3
1526,0,2.2,1,10,1,3,0.6,91,4,11,1160,1679,2383,13,3,20,1,1,1,2
925,1,0.6,1,7,1,62,1.0,174,6,11,341,968,1157,9,4,9,1,1,1,0
1666,0,0.6,0,3,0,49,1.0,139,5,20,634,1735,2923,5,11,19,1,0,1,3
1755,0,1.9,0,3,0,38,0.4,161,3,4,1189,1447,893,10,6,10,0,1,1,1
564,1,1.2,0,15,0,59,0.9,200,3,20,923,1503,776,13,12,18,0,1,1,0
659,1,2.0,1,4,1,39,0.8,158,5,13,227,1067,1598,16,17,3,1,1,0,0
1498,0,1.6,1,10,0,34,0.8,137,1,12,767,850,1486,7,17,7,1,0,1,1
1998,1,2.8,0,16,0,15,0.9,112,2,12,387,1544,802,12,13,13,1,0,0,1
535,1,1.2,0,17,0,53,0.4,171,1,17,1817,578,452,7,18,15,1,1,1,0
1498,1,2.2,0,5,0,50,0.5,141,2,14,1576,1022,3797,7,13,17,1,0,1,3
704,0,0.6,1,2,0,20,0.7,171,2,1,611,712,2791,6,1,8,0,0,0,1
1475,1,2.9,0,15,1,48,0.8,82,1,16,461,501,2941,16,18,13,0,0,1,3
1434,1,3.0,1,13,1,47,0.9,99,1,15,264,511,504,18,10,13,0,1,1,0
635,1,2.3,1,6,0,7,0.9,95,7,19,1445,640,3236,14,0,20,0,0,1,2
1521,0,1.7,0,11,0,12,0.7,162,2,19,1800,1908,1620,10,11,4,0,0,0,2
1845,1,1.0,0,3,1,39,1.0,142,5,19,535,1655,3055,19,4,2,1,1,1,2
1795,1,2.5,1,14,1,41,0.3,118,1,0,1254,1983,2091,12,10,12,0,1,0,2
543,0,2.3,0,14,1,43,1.0,117,8,13,460,625,1164,12,12,2,0,0,1,0
868,1,1.1,1,5,1,25,0.2,153,2,19,1798,1995,1237,14,0,5,1,1,1,1
861,1,1.6,1,9,0,54,0.6,196,6,20,586,1398,782,14,8,11,1,1,1,0
1179,0,1.7,1,6,0,30,0.2,200,6,11,188,1690,3361,12,1,7,0,0,0,2
714,1,2.6,1,0,0,14,0.6,137,7,19,1727,1785,1863,12,2,7,0,1,1,1
1781,0,2.2,1,2,0,9,0.5,161,6,18,1854,892,3175,9,4,8,1,0,0,3
1665,1,2.1,0,19,0,57,0.2,90,5,0,778,1610,3359,15,14,15,0,1,1,3
1712,1,2.1,0,9,0,46,0.7,194,7,18,1779,1470,881,15,7,8,1,0,0,2
797,1,1.2,0,2,1,31,0.8,82,7,13,478,1119,1493,11,0,17,0,0,0,0
521,0,1.4,1,0,1,15,0.3,121,4,12,531,1237,720,15,14,5,0,0,0,0
1865,1,0.6,1,7,1,8,0.7,167,8,3,1052,812,291,7,10,3,1,1,1,0
933,0,2.5,0,19,0,11,0.3,197,8,19,1177,777,3948,11,2,5,0,1,0,3
1484,1,1.6,0,7,0,8,0.2,100,6,6,756,1882,2726,19,10,19,1,1,1,3
1864,1,1.6,1,19,1,35,0.2,159,8,8,1568,1596,1946,16,4,7,1,1,1,2
554,0,1.1,0,9,1,14,0.6,102,1,6,1549,1349,1004,15,12,2,1,1,1,0
508,0,1.0,1,15,1,10,0.8,86,5,20,237,1540,2467,17,18,7,1,0,0,1
508,0,2.0,1,15,1,19,0.6,131,6,10,1942,1107,2287,14,5,15,1,1,0,2
734,1,1.1,0,0,0,46,0.8,149,8,2,312,874,1090,14,14,8,1,1,0,0
577,0,0.7,0,0,1,33,0.6,111,1,0,1032,1912,311,12,0,9,1,0,1,0
1729,0,2.4,0,18,0,11,0.8,197,7,20,829,1983,2011,17,7,3,0,1,1,2
1408,0,1.4,1,18,0,49,1.0,154,1,4,885,822,2160,15,16,14,0,1,0,2
1970,0,1.5,0,2,1,32,0.5,133,3,16,251,1702,3243,12,1,6,0,0,1,3
1702,0,1.6,0,12,0,13,0.2,138,6,0,672,1162,1729,6,17,3,0,1,1,1
1944,0,2.5,1,18,0,45,0.2,136,3,18,59,1561,619,17,1,15,1,1,1,0
857,0,1.3,0,19,0,64,0.6,93,7,13,1908,662,3551,9,9,19,1,1,0,2
931,1,2.4,1,5,0,36,0.6,153,8,4,282,1218,1804,10,3,13,1,0,0,1
1774,0,2.8,0,16,0,12,0.3,174,2,18,947,687,2957,6,0,19,1,1,1,2
867,1,2.2,0,12,0,21,0.9,130,3,6,423,1720,417,8,6,9,1,0,0,0
585,1,1.6,0,18,0,39,1.0,131,1,20,349,1097,390,6,11,11,0,1,1,0
1503,1,2.4,0,2,1,64,0.3,190,6,12,765,895,343,6,13,8,1,1,1,0
1701,0,1.6,0,12,0,60,0.3,153,8,9,1900,1548,3211,5,6,11,1,0,0,3
1952,0,1.5,1,0,1,60,0.3,116,5,1,937,1931,1157,9,9,18,0,1,0,2
1891,1,1.8,0,7,0,54,0.4,80,2,5,1884,1008,3217,16,3,14,0,0,1,3
680,1,1.3,1,0,1,38,0.9,179,2,1,1621,1575,3792,17,13,2,0,1,0,3
1658,1,0.8,1,8,0,42,0.6,155,1,17,854,1533,2739,8,3,13,1,1,1,2
1769,0,1.5,1,16,0,48,0.2,155,4,2,1767,1234,3945,11,16,9,1,1,0,3
1547,0,0.8,1,13,0,47,0.5,114,6,2,682,1706,3734,17,3,12,1,1,0,3
1729,0,1.5,0,6,1,42,0.2,102,2,2,983,691,2961,15,12,12,0,0,1,3
1756,0,1.9,0,8,1,10,0.5,139,7,20,1334,1815,3262,18,6,13,0,1,0,3
1169,1,2.8,1,7,1,57,0.5,171,3,20,1155,1105,2514,11,18,18,1,1,1,2
560,0,0.6,1,14,1,2,0.7,116,5,15,1625,567,1075,7,5,18,1,0,0,0
1184,0,2.1,0,5,1,28,0.6,143,6,1,319,1983,640,7,18,20,0,0,0,0
802,1,1.6,1,1,0,29,0.9,200,5,10,977,1659,1684,15,15,13,1,1,1,1
670,1,0.6,1,10,0,64,0.1,106,4,19,1303,1723,2034,5,8,7,1,1,0,2
687,0,1.1,1,16,1,7,0.8,107,3,2,648,720,1565,11,9,5,1,1,0,1
1546,0,0.8,0,9,1,31,0.1,108,4,16,1700,1625,637,10,6,18,0,0,0,1
1256,1,1.0,0,4,0,24,0.4,190,2,0,591,1546,2145,18,8,19,1,1,0,2
1309,1,1.2,0,0,1,8,0.9,143,3,16,590,1853,2122,19,8,2,0,0,0,1
1617,1,1.5,0,18,1,16,0.7,191,7,11,640,1057,3825,12,2,6,0,0,0,3
1322,1,1.8,0,15,0,28,0.3,194,8,18,1326,1890,3827,13,6,14,0,0,0,3
1445,1,0.5,0,3,1,59,0.5,130,7,8,231,1560,2560,10,16,5,0,0,0,2
629,0,0.9,0,1,1,26,0.7,86,3,16,280,880,3439,16,18,2,1,0,0,2
1776,0,0.7,0,2,0,57,0.9,116,3,17,1526,820,1427,9,1,20,0,1,0,2
1173,1,1.9,0,7,1,48,0.7,145,1,6,406,1854,3884,16,13,3,1,1,0,3
732,0,1.3,0,16,1,53,0.1,126,3,13,205,1466,3780,18,4,6,0,1,1,2
1719,0,1.9,0,3,1,55,0.5,80,5,9,517,677,725,7,12,20,1,1,1,0
1601,0,1.1,1,16,1,46,0.2,199,3,9,781,688,2877,8,11,3,0,0,0,2
579,1,0.6,1,0,1,48,0.1,116,6,16,64,1740,1969,10,16,17,1,0,0,0
789,0,2.9,1,14,1,11,0.6,154,1,4,1637,754,1251,17,13,12,1,1,1,0
523,0,0.8,1,5,1,47,0.8,194,4,2,230,828,1798,14,15,12,0,1,1,1
906,0,0.8,0,19,0,5,0.1,145,3,10,792,1421,3649,7,15,17,0,0,1,3
649,0,0.9,1,9,0,48,0.8,164,4,17,396,1794,3715,10,12,2,0,0,0,3
1564,1,3.0,0,5,0,43,0.7,84,1,3,578,1004,1544,14,7,3,1,0,1,0
1283,0,2.0,1,4,0,49,0.8,164,4,7,88,1497,1984,19,6,5,1,1,1,1
1970,1,2.0,0,16,1,42,0.3,182,7,14,1859,1554,2188,11,6,11,0,0,0,3
1624,0,3.0,0,8,1,25,0.5,191,7,10,1838,1399,3001,6,6,20,0,0,0,3
1417,1,0.7,0,7,0,25,0.2,90,3,12,248,1527,2049,6,5,3,0,0,1,1
1263,1,2.9,0,14,0,39,0.3,107,4,11,386,841,1737,5,5,9,0,0,1,1
581,1,1.0,1,10,1,31,0.4,85,6,17,1735,1431,3713,6,10,10,1,1,1,3
605,1,2.1,1,13,0,23,0.4,191,4,18,813,505,1651,11,5,5,0,0,1,0
1424,0,1.6,0,8,1,32,0.3,113,5,9,121,1595,1250,9,6,8,1,0,1,0
506,1,1.5,0,1,0,35,0.3,144,3,9,266,1687,1479,9,13,5,0,0,1,0
563,1,2.8,1,0,0,17,0.9,137,7,5,810,1690,1503,16,6,4,1,1,0,0
828,1,0.9,1,0,0,42,0.8,163,6,9,1094,544,2333,12,2,11,0,1,0,1
1826,1,3.0,1,11,0,21,0.4,188,8,17,1238,1866,2726,15,0,19,0,0,0,3
1188,1,1.4,1,10,1,18,1.0,119,7,10,300,1151,758,13,14,9,1,1,1,0
1564,1,2.1,1,14,0,28,0.3,175,3,14,725,620,3574,8,18,14,1,0,1,3
1117,1,2.9,1,17,0,8,0.5,115,3,8,511,1301,1204,19,12,14,1,1,1,0
759,1,0.6,1,3,0,40,0.8,103,1,14,1048,1356,686,12,1,18,0,0,0,0
1056,0,2.8,0,19,0,48,0.5,92,5,14,630,1102,2757,17,10,17,1,0,1,2
637,0,1.9,1,18,1,62,0.3,125,6,11,400,1622,1041,6,5,19,1,0,1,0
1655,0,2.3,0,12,1,19,0.4,147,3,19,1598,1315,3063,17,6,17,0,0,1,3
775,0,0.9,0,10,1,35,0.6,174,1,18,1115,825,3804,15,17,19,1,1,1,3
1064,0,1.8,1,3,1,33,0.7,182,7,3,929,1429,2848,8,15,20,0,1,1,2
1970,0,2.2,0,3,0,48,0.5,143,2,4,263,895,3165,16,13,16,0,1,1,3
1387,0,1.6,1,0,0,41,0.5,129,5,20,138,677,2107,16,9,11,1,0,0,1
1187,0,0.9,1,12,1,52,0.3,101,1,8,1561,900,1551,18,10,7,1,1,1,0
1314,1,1.1,0,8,1,55,0.6,190,1,6,1899,1857,2551,8,17,12,1,0,0,3
1676,1,2.6,0,3,1,9,0.3,127,8,16,1144,1357,1594,18,12,17,1,1,1,1
881,1,0.6,1,2,0,24,0.9,172,6,12,76,976,3535,16,11,16,0,1,1,2
1454,0,2.3,1,1,1,43,0.8,155,1,2,945,1048,2013,10,1,11,0,1,0,1
1809,0,3.0,1,12,1,36,0.5,192,1,1,549,1788,2123,10,18,3,0,0,1,2
1358,1,0.5,0,13,0,32,0.8,197,4,16,107,1498,2778,8,15,7,0,1,0,2
1169,0,0.9,1,12,0,12,0.1,165,6,16,279,1659,964,12,6,12,1,0,1,0
717,1,2.2,0,2,1,38,0.4,160,4,7,980,1414,2355,18,4,9,1,1,1,1
872,0,0.6,0,0,0,48,0.5,96,7,18,837,1987,3077,17,18,10,0,1,0,2
1919,0,2.0,0,2,1,4,0.5,81,6,2,1105,1485,3161,7,18,7,0,1,0,3
1311,1,2.2,0,15,1,39,0.8,146,5,18,1359,1100,1097,6,7,3,0,1,1,0
952,0,2.0,1,14,0,59,1.0,165,3,1,520,878,458,5,4,10,0,0,1,0
1127,0,1.4,1,5,0,38,0.4,170,6,13,561,569,982,14,15,10,0,0,0,0
1367,1,2.2,0,1,1,62,0.4,110,7,17,1328,1650,3321,9,11,16,0,0,0,3
1306,0,2.0,1,6,0,24,0.6,140,1,13,386,1898,1249,16,17,4,1,1,0,0
1549,1,1.0,0,16,1,2,0.4,184,6,16,150,1495,473,16,10,11,1,1,0,0
886,0,1.9,1,2,0,44,0.2,91,8,7,1673,1230,2491,7,10,18,0,1,1,2
1473,0,2.7,0,15,0,15,1.0,126,4,6,409,695,3553,15,2,7,0,1,1,3
1164,1,2.2,0,9,1,2,0.8,194,7,5,237,1465,1096,16,11,8,0,0,0,0
1910,0,1.7,1,2,1,13,1.0,104,3,2,1446,800,417,19,6,3,1,0,1,0
736,1,1.3,1,18,1,60,0.3,118,2,5,1042,1432,780,15,3,12,0,1,1,0
722,1,0.7,1,10,1,51,0.1,136,7,5,288,951,734,10,14,18,1,1,1,0
1192,1,1.1,1,13,1,19,0.5,163,3,15,1667,1797,1021,19,6,11,0,1,0,1
1262,0,0.5,0,1,1,39,0.9,110,7,4,481,1903,930,9,4,9,0,0,0,0
1536,1,3.0,0,7,1,23,0.2,175,3,3,1325,851,2640,17,18,16,0,1,1,2
1106,1,1.1,1,12,0,13,0.2,108,4,15,1276,989,1090,10,18,10,0,1,0,0
1870,1,2.5,1,12,0,64,0.2,124,6,11,1626,1882,2308,19,9,9,0,0,0,2
1211,0,0.9,0,1,1,53,0.8,149,3,4,1429,529,1759,16,5,16,1,1,1,1
694,1,1.2,0,12,1,24,0.8,81,7,14,1378,1274,2705,13,3,7,1,1,0,2
678,0,1.5,1,18,1,24,0.7,172,1,4,100,712,2709,8,11,18,0,0,1,1
1960,1,1.3,0,15,1,53,0.1,160,1,16,1839,1148,2475,7,11,7,0,1,1,3
701,0,2.5,0,4,1,31,0.8,181,1,0,248,548,3597,19,11,11,0,1,0,2
1921,1,2.9,1,18,1,25,0.5,113,3,12,497,710,990,17,14,6,1,1,1,1
917,1,2.7,0,13,0,26,0.2,128,1,12,874,1103,2219,12,8,14,0,1,1,2
640,0,0.9,0,1,0,30,0.4,188,4,7,565,590,1731,18,12,10,0,1,0,1
957,1,2.4,1,2,0,34,0.6,88,1,14,1162,1694,2249,16,12,6,1,1,0,2
1422,1,0.9,0,18,1,4,0.4,139,7,7,103,1366,779,10,15,16,1,1,1,0
1141,0,2.8,1,4,1,32,1.0,138,2,13,889,1175,1451,17,14,19,1,1,1,1
1678,0,1.8,1,1,0,29,0.5,134,8,4,685,1208,3778,16,0,2,0,0,1,3
1416,1,1.3,0,9,0,19,0.4,132,7,11,1268,1757,3252,12,11,12,1,1,0,3
1101,0,0.9,1,10,0,24,0.7,170,6,15,1019,1767,1850,5,18,15,0,0,0,2
1451,0,0.5,1,11,0,28,0.7,103,7,20,1482,571,669,16,10,15,0,0,1,0
1957,1,1.1,0,13,0,25,0.1,187,7,7,322,1527,2683,10,10,6,1,0,1,2
1117,0,2.8,1,19,0,59,0.7,188,7,9,1862,1204,1383,10,11,4,0,1,0,1
730,1,2.5,0,15,1,35,0.3,101,5,10,768,1673,1489,15,10,11,1,1,1,0
1113,0,2.9,0,0,1,33,0.4,197,5,18,686,1679,619,17,7,14,1,0,1,0
1760,1,0.8,1,1,0,18,0.7,111,4,20,1075,1561,1338,6,18,7,1,1,0,1
826,0,2.0,1,0,0,59,0.6,86,5,13,319,1511,1057,17,1,9,0,0,1,0
1923,1,1.1,1,7,1,3,0.4,128,4,17,1597,817,383,9,15,12,1,1,1,0
1382,1,1.9,1,7,1,36,0.3,176,1,1,517,1778,2451,13,3,10,1,0,0,2
1402,0,1.3,1,18,1,12,0.6,182,8,15,1818,1550,3884,18,3,11,0,1,1,3
975,0,1.2,0,7,1,50,0.4,158,6,17,290,910,727,8,11,14,1,0,0,0
1880,1,1.9,0,0,0,25,0.9,178,6,15,1694,848,452,8,12,20,1,1,0,0
554,1,1.0,1,17,1,20,0.6,111,3,12,773,1250,632,19,17,17,0,1,1,0
948,1,1.7,1,5,1,5,0.9,186,7,18,1191,1013,2299,10,5,2,1,0,0,1
1127,0,2.1,0,18,1,51,0.5,156,5,13,1711,1514,3347,19,0,8,1,1,1,3
1215,1,0.8,0,15,1,26,0.8,96,1,17,253,1109,1414,10,4,2,0,1,1,1
1211,1,2.8,1,17,0,18,0.2,95,8,3,680,752,698,14,10,18,1,1,1,0
721,0,1.8,0,16,0,55,0.4,112,8,13,1859,1092,615,12,6,14,1,1,0,0
838,0,2.5,0,2,1,3,0.2,88,7,9,291,1722,2531,19,4,6,1,0,1,1
642,0,2.1,1,12,0,31,0.1,114,4,18,201,1745,1591,13,17,17,1,1,0,0
1358,1,2.3,0,8,0,12,0.9,200,2,18,1024,966,1573,12,10,12,0,1,0,1
1026,0,2.3,1,12,0,9,0.7,109,1,17,48,1692,1149,11,12,2,0,1,0,0
1348,0,2.7,1,14,1,3,0.7,157,6,4,1945,639,3611,10,14,4,1,1,1,3
1384,1,2.0,1,10,0,13,0.6,198,8,10,1772,1975,1659,11,7,17,1,0,1,2
1553,0,1.2,1,6,0,61,0.6,110,1,0,369,1647,2904,11,13,7,0,0,0,3
1320,1,0.7,1,18,1,30,0.7,164,6,20,338,561,3034,16,18,11,0,0,1,3
1471,1,2.0,1,13,1,64,0.8,134,1,5,1525,1556,478,5,13,19,1,1,1,1
1380,1,0.7,0,17,0,18,0.6,114,7,13,1021,1240,1185,12,5,7,1,0,0,1
1478,1,1.1,1,4,1,50,0.8,194,1,10,1614,1824,3607,13,14,2,0,0,1,3
1424,1,0.7,1,16,1,7,0.4,159,8,18,1897,859,3560,16,4,3,1,0,1,3
974,1,1.9,0,6,0,8,1.0,133,2,17,787,1837,1805,14,1,19,0,1,1,1
869,1,0.9,0,9,0,3,0.1,178,4,16,497,1805,840,11,8,13,1,1,0,0
1681,0,2.0,0,17,1,58,0.4,188,6,13,1214,917,1372,6,9,8,1,0,0,1
1014,0,2.5,0,7,0,44,0.9,174,7,2,1245,1148,3809,10,8,3,1,0,1,3
1323,1,2.6,0,5,0,48,0.3,185,3,19,847,1461,2774,8,4,15,0,1,0,2
795,0,1.3,1,18,1,60,0.2,118,8,1,586,860,538,8,5,2,0,1,1,0
1147,1,1.9,0,19,0,22,0.4,121,1,9,514,1997,2943,15,17,3,0,1,1,2
1294,1,1.9,0,6,0,47,0.5,108,4,7,1022,786,805,12,5,13,0,1,1,0
1439,1,1.7,0,6,0,33,0.9,164,8,8,835,865,1391,16,14,14,1,1,0,1
1289,0,2.1,0,4,0,36,0.9,177,3,20,897,1250,2058,7,4,12,1,1,1,1
1040,0,1.0,1,0,0,43,0.5,159,5,4,186,1208,1572,19,2,19,0,0,1,1
1942,0,2.9,0,11,0,31,1.0,152,4,12,1727,575,2869,12,1,7,1,1,1,3
1269,1,0.7,1,5,1,3,0.7,173,4,4,1386,1864,841,8,4,12,1,0,1,1
1712,1,2.6,0,16,1,6,0.9,101,7,19,1802,859,3538,10,15,7,1,1,0,3
1605,1,2.0,0,3,1,33,0.3,124,5,15,1626,654,2477,17,8,8,1,1,0,1
1337,1,1.1,1,12,0,37,0.5,165,6,8,1213,1278,1399,15,13,4,0,0,1,1
1829,1,2.4,0,10,0,48,0.1,86,5,1,602,1891,3837,7,18,17,0,0,0,3
692,1,0.7,1,12,0,38,0.1,190,8,3,1282,503,2046,19,0,15,1,0,0,0
1881,0,2.4,1,2,1,13,0.7,100,4,5,1110,1231,1815,6,2,15,1,0,1,2
1775,1,2.0,1,9,1,25,0.2,175,7,8,1811,1865,335,9,17,4,1,0,0,1
1255,0,0.8,0,12,1,29,0.6,154,5,18,455,1838,3984,15,10,4,1,1,1,3
1600,1,0.7,0,6,1,63,0.7,182,7,2,50,756,3424,12,11,16,0,1,1,3
1280,1,2.4,0,17,1,35,0.1,173,8,12,249,1431,916,11,6,14,1,1,0,1
903,0,1.2,0,10,0,42,0.5,142,2,7,343,1753,3803,18,15,2,0,1,0,2
1699,1,2.7,0,7,0,48,0.7,171,3,0,1301,1506,3235,16,12,14,1,1,0,3
868,0,2.4,1,0,1,24,0.9,121,3,13,287,1485,1831,19,4,20,1,1,1,1
971,1,2.2,0,3,1,62,0.4,150,4,14,262,1658,3729,9,12,16,1,0,0,3
1278,0,1.2,1,9,0,44,1.0,190,4,20,778,1179,2348,17,0,7,0,0,1,1
1756,0,2.3,0,8,0,55,0.9,90,1,10,1533,600,2831,8,4,8,1,0,1,3
1075,1,2.9,0,17,1,49,0.7,123,8,6,832,1458,941,17,3,16,1,0,0,0
1241,0,0.7,1,15,1,41,0.5,82,7,17,532,1441,665,13,14,9,0,1,1,0
562,1,1.3,0,3,1,3,0.7,144,5,5,557,1776,2231,13,13,15,1,0,1,1
673,1,1.1,0,11,1,38,0.8,174,3,14,1605,1884,1478,6,1,20,1,0,1,1
583,0,1.5,1,9,1,10,0.4,84,7,19,849,1006,3930,18,17,9,0,1,1,3
608,0,2.4,1,2,1,40,1.0,146,3,0,722,1933,576,9,15,12,0,0,1,0
1802,0,1.7,1,13,0,46,0.9,130,3,19,1516,514,3111,13,8,11,1,1,0,3
1762,0,1.9,1,10,0,36,0.5,174,8,4,723,1951,2508,7,4,11,0,0,1,3
1732,0,1.3,1,1,1,21,0.8,106,8,10,699,705,3545,18,7,3,1,1,0,3
583,1,0.9,1,9,0,5,0.6,99,5,5,1471,1468,3992,9,11,20,0,1,1,3
616,0,1.2,1,14,0,44,0.8,91,2,3,642,1524,3514,16,11,12,0,1,1,2
920,1,2.6,0,6,1,45,0.8,129,1,14,1000,1449,1658,16,6,6,1,0,0,1
1347,0,2.0,1,7,0,32,0.1,138,8,10,1303,1985,2859,13,1,12,1,1,1,3
1001,1,1.4,0,2,0,47,0.2,191,3,10,394,1328,865,6,11,9,0,1,1,0
1231,1,2.5,0,4,0,51,0.4,136,6,10,251,697,2074,9,13,17,1,0,1,2
759,0,0.7,0,19,0,34,0.9,100,3,15,1667,1410,1261,14,5,16,0,0,1,1
1596,1,1.1,1,12,1,5,0.5,164,4,20,582,936,1192,13,12,9,1,0,1,0
970,0,1.1,0,3,1,56,0.9,87,8,10,667,1417,2392,13,10,15,0,0,1,1
599,0,3.0,1,9,1,31,0.5,121,5,3,1156,1070,731,8,9,2,1,1,0,0
1614,1,2.3,0,3,1,44,0.4,159,4,6,201,563,2385,13,0,20,0,1,1,1
1854,1,2.0,1,8,1,59,0.9,110,4,10,89,1455,1756,6,5,11,1,1,0,2
522,0,0.5,1,2,0,24,0.6,151,2,2,815,633,1116,12,7,14,1,1,0,0
1155,0,1.0,1,12,0,41,0.4,134,5,4,1898,991,2360,6,15,14,1,1,0,1
1740,0,2.1,0,11,0,3,0.1,195,5,4,1125,1428,3065,14,15,7,0,1,1,3
1559,0,1.4,1,12,0,57,0.2,114,1,20,1134,1820,2539,13,16,15,1,1,0,2
1784,0,2.8,0,8,1,5,0.2,189,4,8,1195,971,585,17,8,9,0,1,1,0
1122,0,2.4,1,5,0,36,0.4,155,6,18,1688,947,2359,11,6,14,1,1,1,1
1058,1,1.6,0,4,0,24,0.6,170,1,11,1638,951,2588,7,9,3,1,0,1,2
1563,0,2.4,1,4,0,4,0.4,100,8,10,47,1362,2814,8,15,4,0,1,1,2
730,1,2.9,1,8,0,31,0.2,82,7,19,1061,789,1849,17,11,19,0,0,0,1
859,1,1.7,1,9,1,60,0.3,168,6,14,1071,1290,611,19,11,15,0,1,1,0
1401,1,2.1,1,13,0,12,0.5,138,1,5,438,1700,732,5,8,4,0,0,1,0
1502,0,2.8,0,1,0,20,1.0,117,5,5,1912,620,1498,15,13,6,1,1,1,1
679,1,1.1,1,5,0,13,0.5,188,8,13,513,1945,2630,12,16,12,1,0,1,1
1262,1,2.7,0,17,0,9,0.2,119,1,0,1635,1297,3022,8,12,2,0,1,1,3
1047,0,0.7,1,18,1,16,0.6,132,7,3,197,1441,2775,12,7,9,1,1,1,2
1252,1,2.1,0,18,0,38,0.9,167,7,1,1180,1425,1424,19,15,8,0,0,1,1
1937,0,2.5,1,6,0,51,0.8,196,1,14,1443,1917,1902,7,17,4,0,1,0,3
614,1,2.0,1,2,0,45,0.9,188,2,9,988,1496,431,17,15,7,1,0,1,0
1993,0,1.7,1,3,0,50,0.9,158,6,0,207,1824,3242,6,16,7,1,0,1,3
1174,1,2.0,1,2,0,47,0.7,93,8,15,243,928,1578,15,5,3,1,1,0,1
1658,0,0.9,0,19,1,26,1.0,93,7,13,1187,826,2162,6,8,14,1,0,1,2
1136,0,1.0,1,17,0,58,0.1,163,5,15,1691,1464,1938,5,4,7,0,0,0,1
966,0,1.2,1,16,0,12,0.9,141,5,3,1170,730,1325,5,6,2,1,1,1,1
1655,0,2.0,1,14,0,46,0.9,96,5,18,197,666,885,17,13,2,0,0,0,0
1531,0,1.6,1,6,0,8,0.9,164,5,3,1540,817,3825,13,12,20,0,1,1,3
716,0,1.1,1,9,0,50,0.5,194,7,11,900,906,703,15,0,4,0,0,1,0
1558,0,2.7,0,16,1,7,0.8,87,1,11,146,644,3789,7,14,19,1,0,0,3
1629,1,1.4,1,16,0,15,0.3,179,2,4,721,1592,679,18,3,5,0,0,0,0
1081,1,1.6,1,10,1,26,0.6,121,1,7,397,1373,613,17,3,3,1,0,1,0
1888,1,1.5,1,16,1,45,0.4,128,7,1,1934,800,3636,12,10,12,0,1,1,3
1461,1,1.0,0,6,0,4,0.6,166,6,9,1783,923,3797,18,4,18,1,0,0,3
1000,0,2.3,1,8,1,18,0.7,109,1,14,208,1893,3607,7,18,3,0,1,1,2
516,0,1.6,1,16,0,23,0.4,99,1,6,1122,1868,3158,9,2,8,1,0,0,2
1512,0,0.5,0,7,1,48,0.3,196,3,11,13,684,2099,5,2,16,1,1,0,2
813,0,2.9,0,15,0,62,0.4,122,2,20,897,1419,655,7,14,3,1,0,0,0
1634,0,2.5,0,9,0,40,0.7,100,5,4,305,984,2470,17,5,5,0,0,0,2
1287,1,2.3,1,5,0,33,0.7,163,4,6,1466,1039,2199,11,13,7,1,1,0,2
1200,1,2.7,0,4,1,23,0.8,106,3,2,141,1399,3009,14,12,17,0,1,0,2
745,1,2.8,1,12,1,53,0.2,173,2,11,1769,1975,386,18,3,17,0,0,0,1
1567,0,1.3,1,9,0,8,0.8,88,6,4,453,1373,545,16,11,15,0,1,0,0
748,1,2.0,0,7,1,10,0.7,142,7,17,515,1928,2460,10,10,14,0,1,0,2
1126,0,2.0,0,14,1,14,0.1,128,6,6,1736,1729,3457,10,1,2,0,0,0,3
1754,0,1.2,0,0,1,18,0.4,195,7,13,1767,1667,3748,6,14,6,1,0,0,3
1880,0,1.1,1,1,0,31,0.5,143,8,3,188,1684,2384,17,16,19,1,0,0,2
1983,1,0.8,0,19,1,61,0.4,191,7,6,213,1686,1634,19,17,15,0,0,1,1
1937,0,2.1,0,13,0,42,0.2,110,6,3,1673,882,2022,12,1,6,0,0,0,2
1333,0,2.5,0,10,0,26,0.3,137,1,11,1917,1964,2159,12,3,15,1,0,0,2
800,0,2.4,0,0,0,15,0.1,178,3,0,958,1876,2573,17,15,15,0,0,1,1
1758,0,1.3,1,11,1,42,0.2,99,4,1,323,1400,1107,10,5,16,1,1,0,0
1702,0,1.0,1,8,1,17,0.3,192,6,10,299,1566,1711,11,11,20,1,1,1,2
1985,0,1.6,0,11,1,63,0.8,173,7,11,522,1819,2280,18,6,12,1,1,0,2
1476,0,1.9,0,0,1,32,0.6,161,6,6,1344,728,3440,10,4,3,0,1,0,3
712,0,2.8,0,11,0,36,0.5,109,3,9,189,597,3260,18,11,17,0,0,0,2
1254,0,2.7,1,11,0,58,0.7,178,7,8,1257,1992,3077,7,3,2,1,1,1,3
1172,0,2.8,0,5,1,21,0.6,181,6,15,1576,1330,1061,12,2,14,1,0,0,1
1764,1,2.6,1,1,1,31,0.2,115,7,9,281,1582,1777,12,10,17,0,0,0,1
1088,0,2.9,1,19,0,35,0.3,151,5,17,1930,1253,2327,9,3,4,1,1,1,2
992,1,1.7,0,14,0,19,0.3,87,6,4,1936,1275,3878,19,3,17,1,0,1,3
620,1,0.6,0,12,1,5,0.6,127,3,4,582,556,1583,12,14,17,1,0,1,1
1753,0,0.7,0,15,0,19,0.5,98,4,8,219,933,3693,18,10,14,1,1,0,3
1632,0,1.5,1,13,1,9,0.4,147,3,1,638,630,3055,8,10,8,1,1,0,2
561,0,1.1,0,2,1,44,0.6,146,3,14,506,1148,2628,10,2,5,0,1,1,1
1150,0,0.9,0,9,0,2,1.0,144,6,8,547,532,2883,12,3,15,0,1,1,2
1219,0,2.9,0,17,0,21,0.4,161,4,7,1813,1703,3224,13,7,4,1,1,1,3
1203,0,1.0,0,5,1,57,0.6,191,2,11,303,940,2871,8,7,14,1,0,0,2
1878,0,2.9,0,19,0,37,0.5,103,1,1,621,1610,2773,9,8,5,0,0,1,3
726,0,2.4,1,1,0,44,0.7,105,7,7,1544,580,1670,14,2,8,0,1,1,1
959,1,2.1,0,6,0,44,0.8,106,4,20,112,549,1857,9,17,11,0,1,0,0
771,0,2.2,0,7,1,20,0.8,192,5,13,119,1134,2499,16,6,5,1,1,1,1
866,1,1.3,0,12,1,41,0.3,91,8,12,591,1681,3413,12,15,17,1,0,0,2
1860,0,2.1,1,3,0,15,0.5,83,1,10,1897,1718,2693,19,7,15,0,1,0,3
1911,1,1.0,0,4,1,42,0.8,99,8,9,1646,1316,3953,8,8,2,0,1,1,3
566,0,2.8,0,13,0,45,0.4,173,6,19,1818,1420,2804,17,2,18,0,0,0,1
1448,1,1.3,0,5,0,57,1.0,150,6,19,1694,1532,1781,12,12,15,0,0,0,2
849,1,1.1,1,17,0,59,0.4,191,4,8,232,1510,2409,6,1,17,0,1,1,1
788,0,2.3,1,17,0,3,0.5,104,6,19,786,1611,2589,15,14,13,0,0,0,2
938,1,2.1,1,6,1,20,0.5,127,2,1,1038,547,3500,8,16,13,0,0,0,2
791,0,1.6,1,11,1,36,0.5,147,3,6,326,1142,1213,7,6,9,1,1,0,0
1235,0,2.1,1,6,0,22,0.9,88,8,6,1946,1758,1187,12,16,6,1,1,0,2
1993,1,0.9,0,6,1,40,0.2,191,3,14,1182,1159,1011,16,13,6,0,1,1,1
1379,1,2.2,0,13,1,55,0.6,177,6,12,1671,719,464,8,0,8,1,1,1,0
1584,0,1.2,0,5,1,18,0.7,97,8,9,507,1497,2782,14,3,7,1,1,1,2
1239,1,1.2,1,2,0,58,0.9,181,5,5,1402,953,3858,5,12,16,0,0,1,3
520,1,0.9,1,5,0,57,0.6,134,3,10,207,1266,2553,7,13,11,0,0,1,2
626,1,1.3,1,18,0,59,1.0,120,7,5,44,1274,483,16,1,9,0,1,0,0
903,0,1.3,1,5,0,6,0.9,194,7,10,1256,1543,1620,5,13,15,1,0,1,0
865,1,1.6,0,7,0,20,0.4,142,5,7,134,1894,3635,10,15,15,1,1,1,3
1760,0,1.0,0,12,0,9,0.9,107,1,18,541,1539,449,12,1,19,1,1,1,0
1765,1,1.0,0,2,0,9,1.0,177,4,15,1557,1996,2547,5,16,7,0,1,0,3
1781,1,1.9,1,5,1,5,0.3,166,4,3,975,528,1905,19,10,6,0,0,1,1
1456,1,0.8,1,3,1,29,0.6,103,2,19,738,1673,3694,12,11,2,0,1,0,3
1334,1,2.2,0,18,1,7,0.4,161,4,13,569,1125,2176,10,0,5,0,1,0,1
1473,1,2.9,0,18,0,20,0.7,156,2,7,1310,1593,2370,19,11,13,0,1,1,2
1110,0,1.6,1,15,1,63,0.2,113,6,11,1871,627,2959,13,8,17,0,1,1,3
1505,0,2.8,1,4,1,57,0.8,132,4,4,1449,1290,3329,15,7,13,1,0,1,3
1691,1,0.7,1,12,1,61,0.5,181,6,0,703,544,2185,6,14,20,0,1,0,2
1644,0,0.6,1,13,1,4,0.6,101,4,8,827,1497,2955,7,4,13,1,1,1,3
1420,1,2.3,0,17,1,43,0.1,167,6,16,202,824,3270,5,1,18,0,0,1,3
587,0,2.4,0,3,1,41,0.7,180,6,7,281,716,2221,12,9,7,0,1,1,1
1587,1,2.6,1,14,1,10,0.5,193,2,8,525,618,2936,17,14,8,0,1,0,3
1049,0,0.6,1,3,1,59,0.7,119,4,20,758,903,1615,18,2,17,1,1,1,0
1615,0,2.4,1,11,1,27,0.4,112,6,20,1941,1938,1584,13,18,14,1,0,0,2
1309,0,1.4,1,17,1,63,0.2,193,5,9,1708,1975,266,5,12,11,1,1,1,0
1821,0,1.3,1,1,0,9,0.5,135,2,0,221,620,2761,14,17,20,1,0,1,3
1007,0,0.9,0,2,1,42,0.9,148,7,14,649,1968,1195,14,8,16,1,0,1,0
1897,0,3.0,0,16,0,10,0.3,142,2,15,110,1380,3302,13,2,7,1,1,0,3
1766,1,0.7,1,0,1,61,0.7,142,8,19,122,984,3818,15,3,13,1,0,0,3
996,1,2.6,1,13,1,40,0.1,155,6,19,734,1912,3534,13,9,9,1,0,0,3
1223,1,2.1,0,10,1,6,0.7,131,3,13,1880,861,1287,15,11,9,1,0,1,0
1297,1,2.3,1,6,0,15,0.3,127,2,2,363,772,2695,12,13,17,0,1,1,2
1652,1,2.3,0,17,1,24,0.5,128,8,5,1334,844,3070,7,15,14,1,1,0,3
1533,1,2.6,0,16,0,2,0.4,159,5,15,769,718,2150,6,14,2,1,1,1,2
1778,0,1.0,1,6,0,2,0.2,178,7,12,1060,1226,2159,18,11,12,1,0,1,2
1054,1,0.5,1,0,0,60,0.4,147,7,9,1704,710,1895,11,0,14,0,0,1,1
1257,0,2.0,0,2,1,63,0.4,161,1,8,1625,835,1410,9,10,11,0,0,0,1
1146,0,1.4,0,2,0,35,0.6,129,6,14,1624,1056,2401,9,15,7,0,1,0,2
1864,1,0.8,1,19,0,58,1.0,173,3,8,806,1472,3965,5,16,14,1,0,0,3
957,0,1.0,1,11,1,43,0.5,127,8,3,95,1786,1075,19,15,20,0,0,0,0
1380,1,1.3,0,13,1,3,0.9,130,2,20,1931,612,431,6,0,3,1,1,1,0
680,1,0.7,1,4,0,47,0.5,86,1,7,1949,1445,466,8,8,13,0,1,0,0
1775,1,0.6,0,17,1,3,0.2,111,6,5,1681,655,2434,11,11,19,0,0,1,2
1076,1,2.8,1,14,0,53,0.3,169,5,1,935,1985,1266,10,4,9,1,1,0,0
1010,1,1.3,0,15,1,25,0.5,90,5,9,550,915,1983,5,7,8,0,0,0,1
1374,0,3.0,1,9,0,10,0.4,107,3,20,342,1784,3814,9,1,6,0,0,1,3
1248,1,2.9,1,13,1,18,0.9,173,4,3,727,1665,542,16,3,6,0,0,0,0
1771,0,0.9,1,10,1,45,0.7,185,8,5,655,986,909,8,0,9,0,1,0,0
1297,0,2.3,1,7,1,55,0.6,130,7,3,540,984,1057,17,18,16,0,0,1,0
1275,0,2.0,1,11,1,37,0.5,129,8,1,1863,975,1966,10,16,5,1,0,0,1
657,0,2.2,1,6,1,12,0.5,141,3,12,1292,1205,2854,5,7,6,0,0,1,2
532,1,0.7,1,19,0,58,0.7,173,7,6,437,1162,942,6,0,20,1,1,0,0
1097,0,1.0,1,14,0,51,0.2,136,4,15,1253,1484,661,17,6,20,0,0,0,0
1997,1,0.7,1,14,0,27,0.2,100,8,8,1382,1196,577,11,8,6,0,1,0,0
1876,1,2.0,1,14,0,36,0.4,132,7,13,1024,1682,3254,19,3,9,0,1,0,3
1443,1,3.0,1,8,1,62,0.3,110,2,1,1856,1199,366,16,12,9,0,1,0,0
1446,1,2.2,1,19,0,25,0.7,162,8,6,1894,960,2595,5,18,7,1,0,0,2
1087,0,2.3,0,4,1,3,0.1,97,5,8,847,989,2420,9,16,4,1,0,0,2
766,0,3.0,1,11,0,11,0.2,153,7,1,926,1595,633,15,16,3,0,0,0,0
512,1,2.2,0,1,0,39,0.9,95,5,8,425,710,2324,5,15,13,0,1,1,1
1008,1,0.6,1,5,1,64,1.0,197,2,9,1536,928,1329,19,1,2,0,1,0,1
974,1,2.7,0,11,1,48,0.5,157,8,8,1825,967,2183,7,10,13,1,1,0,1
787,0,1.4,1,9,1,40,0.5,96,1,10,1290,1466,769,16,10,3,0,0,1,0
888,0,0.5,0,18,0,22,0.8,196,7,16,394,693,2755,17,1,4,1,1,1,2
537,0,1.8,1,12,1,29,0.1,149,2,16,1016,1175,3241,12,2,2,0,0,1,2
1411,0,2.8,1,8,1,4,0.5,153,7,0,1558,1511,267,17,10,9,0,0,0,0
1891,0,1.1,0,8,0,25,0.2,87,4,13,82,1889,2250,18,13,8,0,0,0,1
1536,1,1.7,1,12,1,41,0.5,102,2,18,1157,1156,2679,16,3,8,0,0,1,2
1172,0,0.9,0,15,1,59,1.0,177,2,18,1289,1972,266,15,9,7,1,0,0,0
1130,1,0.6,1,5,0,60,0.8,136,3,6,1052,1410,2966,10,1,19,1,0,1,3
961,1,0.7,1,11,0,53,1.0,154,8,16,1260,1660,2288,9,2,10,0,1,0,1
713,1,2.3,0,11,0,3,0.8,199,7,16,1756,864,1402,18,11,17,1,0,1,0
1397,0,2.7,0,0,1,53,0.6,131,6,7,244,1872,2063,8,10,6,0,1,1,2
1349,0,0.9,0,18,1,15,0.8,126,6,18,1119,888,2809,11,14,11,1,1,0,2
510,1,1.2,0,11,1,40,0.7,177,4,13,1560,704,2663,12,17,3,1,0,0,2
1123,0,1.0,0,4,1,61,0.5,87,8,15,1611,618,3163,10,3,6,1,1,0,2
917,1,0.6,1,12,0,57,0.4,135,3,15,915,1481,386,10,6,3,1,1,0,0
755,1,1.9,1,13,1,43,0.6,183,8,16,1955,1441,3203,13,16,2,0,0,0,2
1554,0,2.2,0,18,0,20,0.3,107,4,20,635,797,388,9,0,5,0,1,1,0
1288,1,2.1,0,0,1,34,0.5,116,3,18,864,1817,2689,19,15,5,1,1,1,2
1450,0,1.5,0,8,0,46,0.2,137,4,8,1615,915,1563,7,17,8,0,0,0,1
1570,0,1.9,1,3,0,34,0.6,88,6,11,861,1414,494,10,1,16,1,1,1,0
1972,1,0.7,0,11,0,27,0.3,88,6,13,673,1283,2833,17,2,4,1,1,1,2
1704,1,0.9,0,10,0,27,0.4,110,7,17,1089,1387,2324,12,13,13,0,1,0,3
1430,0,2.8,0,9,0,39,0.5,188,1,8,1219,1612,2750,15,9,8,0,1,1,2
1818,1,2.4,0,19,1,4,0.2,106,2,6,1902,1890,1663,14,18,9,1,0,1,2
1216,1,2.8,1,10,0,64,1.0,168,7,15,1211,1581,1297,9,10,19,0,1,0,1
1977,1,2.8,0,8,1,8,0.5,131,8,20,363,1859,2594,16,12,10,1,0,1,2
1642,0,2.1,1,1,0,64,0.4,171,2,19,103,1803,1064,8,4,6,1,1,0,0
1476,0,2.8,1,5,1,4,0.1,119,8,3,1896,1038,3295,16,6,6,0,1,0,3
1854,1,1.5,1,17,0,34,0.9,185,3,19,829,1338,2812,6,3,5,1,0,1,3
1272,1,0.5,0,9,0,28,0.7,124,8,16,395,796,3998,15,2,17,0,1,0,3
1581,1,0.7,1,18,0,38,0.5,175,8,3,436,1888,357,6,2,14,1,1,0,0
927,0,0.8,0,10,1,29,0.3,180,6,0,208,1949,2447,18,16,7,1,1,1,2
1944,0,0.7,1,10,1,58,0.8,132,2,4,391,1830,2340,14,1,11,0,0,0,3
1435,1,1.4,1,8,0,3,1.0,160,7,19,1530,1613,3465,5,9,11,1,0,0,3
1673,0,2.3,0,11,0,64,0.4,94,1,15,1284,1772,1843,6,9,2,1,1,1,2
1191,0,2.5,1,1,1,45,0.2,140,3,12,1176,1690,3761,7,1,19,1,1,0,3
1800,1,2.0,1,1,1,51,0.2,125,6,13,22,844,1150,19,15,16,1,0,1,0
611,1,0.9,1,9,0,10,0.1,195,1,8,1318,895,3453,13,9,12,0,1,1,2
671,0,2.4,0,11,0,6,0.8,193,4,19,1900,1296,2203,9,2,15,1,0,1,2
1260,0,1.4,1,11,1,27,1.0,174,7,3,1810,1130,3789,9,2,4,1,1,0,3
1598,0,0.5,0,8,0,22,1.0,194,1,6,775,1603,1068,5,13,20,0,0,0,1
1713,1,1.2,0,5,0,51,0.8,198,3,4,1177,1603,1229,8,11,14,1,1,1,2
1160,0,1.3,1,14,0,58,0.2,172,1,17,585,1963,2368,17,7,19,0,1,0,1
1474,1,1.2,0,12,0,28,1.0,151,6,11,1742,1681,2321,13,7,18,1,1,0,2
1329,0,2.5,1,0,1,50,0.4,104,1,14,1804,517,813,10,0,13,0,1,0,1
1942,1,2.4,0,9,0,5,0.4,178,3,19,437,1010,2694,5,0,7,0,0,0,2
1481,1,2.2,0,14,0,48,0.7,103,5,4,954,990,1774,10,10,15,1,1,0,2
1125,1,0.8,0,15,0,8,0.1,102,2,20,463,1449,822,10,6,11,0,0,0,0
1954,1,2.5,1,5,1,44,0.8,186,2,2,1204,1013,2166,6,4,9,0,0,1,2
660,1,2.2,1,18,0,26,1.0,93,7,15,574,1966,2867,14,7,15,1,0,1,1
1976,0,1.0,0,13,0,28,0.8,97,7,14,1364,932,374,14,11,18,0,0,0,0
731,1,2.1,1,8,0,19,0.8,141,1,17,1924,1155,3700,19,5,5,1,1,0,3
932,1,1.7,0,12,1,27,0.5,150,7,3,1708,1725,2541,10,6,12,0,0,0,2
1732,1,1.6,1,17,1,57,0.2,85,4,20,357,1050,1230,9,5,16,0,0,0,0
1600,0,0.8,0,4,0,52,0.8,125,2,16,254,567,3064,17,12,8,0,0,0,3
1955,1,1.8,1,3,0,23,0.6,107,8,2,1597,998,3413,10,1,8,1,0,1,3
1624,0,0.7,0,8,0,20,0.9,116,3,11,160,1038,3834,14,17,2,1,0,0,3
1455,1,0.9,0,1,0,34,0.2,101,3,17,784,1417,3214,16,10,8,0,0,0,3
1019,1,0.8,1,16,1,45,0.4,161,2,10,1948,1566,1016,18,4,13,0,1,0,0
507,0,2.9,1,19,1,13,0.4,137,8,7,878,1322,868,9,14,20,0,1,0,0
685,1,1.2,0,12,0,47,0.7,196,3,5,17,1109,1037,14,17,11,0,1,1,0
946,1,1.4,1,19,0,61,0.8,81,5,10,1912,1253,3533,6,1,7,1,0,1,3
561,0,1.3,1,1,0,55,1.0,174,2,20,1388,715,1396,16,3,17,1,0,0,0
1262,0,2.7,0,12,1,36,0.4,190,8,12,648,771,1492,5,2,5,1,1,0,1
1666,0,1.9,0,8,1,22,0.5,138,7,15,1198,1415,3590,15,1,5,1,0,1,3
1944,1,2.8,1,5,0,22,0.1,164,5,16,1200,1797,1020,8,14,11,1,0,0,1
1234,1,1.2,1,6,0,48,0.3,133,3,16,1083,1283,1778,11,3,17,1,1,0,1
1812,1,0.8,1,10,0,30,0.4,151,6,8,1884,590,1365,6,7,6,1,0,0,1
1978,1,1.9,1,12,0,8,0.6,189,4,16,1541,1971,1385,15,15,2,1,1,0,2
1789,1,1.4,1,3,0,44,0.5,144,8,6,507,985,2485,12,11,15,0,0,1,2
1197,0,2.5,1,12,0,10,0.4,149,6,12,1946,1622,3030,14,12,13,0,1,1,3
987,0,2.7,1,18,1,64,0.7,199,1,6,1887,1845,1248,10,1,15,0,1,1,1
1966,0,1.7,0,0,0,28,0.8,140,7,19,91,1978,398,5,18,9,0,1,1,0
862,0,2.9,1,17,0,23,0.3,100,2,15,582,674,2649,13,1,4,0,1,1,1
1117,1,1.9,1,12,1,5,0.4,162,3,12,1205,779,2310,15,13,8,0,0,0,2
611,0,1.2,0,6,1,12,0.7,163,4,9,1722,1467,2722,14,12,10,0,1,1,1
1690,0,1.7,1,14,1,61,0.8,108,2,10,1405,1641,1941,8,7,10,1,0,0,2
1474,0,0.6,1,12,1,35,0.8,168,8,16,1125,1751,3163,15,15,18,1,1,1,3
627,0,2.5,0,15,1,58,0.3,87,8,5,599,1326,2594,13,16,6,1,1,1,2
832,0,0.8,0,1,0,62,0.6,118,2,17,189,737,3091,8,1,7,0,1,1,2
1333,0,1.3,0,1,0,5,0.9,183,3,5,1750,1568,2992,6,18,5,0,1,1,3
1310,1,1.9,0,12,0,25,0.5,154,3,2,1044,1501,2115,9,4,12,0,0,1,2
1703,0,0.6,0,6,1,54,0.5,153,6,15,896,1200,1472,5,15,17,1,1,0,1
899,0,0.7,0,4,1,33,1.0,155,5,14,1921,1455,2435,15,15,18,1,1,1,2
1887,0,2.2,0,8,1,34,0.2,99,6,7,322,818,2638,5,10,6,1,0,0,2
1166,1,0.7,0,14,1,37,0.7,196,1,13,498,1715,2395,5,16,10,1,1,1,1
1733,1,1.7,0,3,0,46,0.9,116,5,15,1675,568,2218,7,15,16,1,1,0,2
857,1,1.3,1,19,1,61,0.2,175,2,16,557,1757,1539,9,9,2,0,0,0,0
555,1,1.1,0,8,1,57,0.7,199,2,20,1849,1756,757,5,3,15,0,0,1,0
582,1,1.0,1,3,1,41,0.5,109,7,17,1682,1530,1856,14,8,4,0,0,0,1
1059,1,2.4,0,1,1,38,0.9,156,2,9,195,1721,3556,6,17,2,0,1,1,3
1929,0,2.9,1,17,0,24,0.9,85,1,4,897,1868,2938,17,3,4,0,1,0,3
573,1,0.9,1,2,1,9,0.9,156,4,2,1474,743,3080,13,18,18,1,0,0,2
1053,0,2.9,1,8,0,46,0.2,133,6,12,960,1316,3014,6,3,14,0,1,0,2
663,0,2.0,0,13,0,2,0.8,88,5,13,421,1467,3705,11,12,16,1,1,0,3
1897,1,2.1,1,10,0,45,0.9,161,2,14,88,1913,1102,7,12,15,1,0,0,1
1512,0,2.3,0,5,0,33,0.7,197,7,0,13,1605,2952,19,3,17,1,0,0,3
1644,0,2.3,0,2,1,51,0.6,90,4,14,349,1390,516,13,8,11,0,0,1,0
1569,1,2.5,1,14,1,61,0.1,188,6,16,511,1335,1172,17,2,17,1,0,1,0
1485,0,1.7,0,9,0,36,0.9,182,2,15,591,715,366,10,6,3,0,1,0,0
1660,0,1.8,0,0,1,38,0.1,146,8,11,1676,975,1867,7,18,13,0,0,1,2
512,1,1.3,1,3,0,32,0.4,189,3,0,997,1149,782,8,1,16,1,1,0,0
1798,1,0.8,0,11,0,25,0.9,117,8,10,276,1820,1704,11,16,20,1,1,1,1
1609,0,2.2,1,3,1,7,1.0,167,4,13,163,1791,759,16,12,8,0,0,1,0
1609,1,0.6,0,7,0,3,1.0,164,6,11,256,1463,390,11,14,5,0,1,1,0
1090,1,1.2,0,2,1,47,0.5,150,5,12,614,658,2043,18,5,15,0,0,0,1
1701,0,0.7,0,15,1,59,0.3,180,1,10,1449,1579,1792,10,18,3,0,1,0,2
1072,0,1.0,0,12,1,5,0.5,186,1,11,97,1187,1817,8,4,16,0,0,0,0
573,0,2.1,0,15,0,22,0.2,175,4,6,796,1477,1549,12,9,15,0,1,1,0
1861,0,2.1,0,1,1,40,0.9,151,2,12,877,1149,1787,6,0,15,0,0,1,1
851,0,1.6,0,7,0,46,0.6,198,5,5,291,1581,270,15,16,7,0,1,0,0
652,0,0.7,0,5,1,48,0.5,147,2,10,114,826,2045,6,13,4,0,1,0,0
1432,0,1.6,0,12,1,45,0.2,157,5,8,451,717,3426,14,3,13,0,1,0,2
850,0,1.4,1,16,0,7,0.5,102,2,14,297,829,778,10,12,8,1,0,1,0
1787,0,2.3,1,4,0,17,0.9,118,2,18,1558,1882,794,10,3,9,1,0,0,1
1165,0,1.9,1,15,0,31,0.7,189,3,13,1797,613,3175,14,8,5,0,0,1,3
506,0,1.7,1,11,0,6,0.2,140,5,2,1222,928,2131,15,9,8,1,1,1,1
1927,0,1.7,0,16,0,23,0.2,141,4,14,1487,1013,1218,18,17,17,1,1,1,1
1271,1,2.9,0,1,0,26,0.5,178,3,6,1492,1753,3193,9,6,18,0,1,0,3
894,0,2.4,1,19,1,63,0.2,119,3,1,1721,1038,1472,17,0,8,0,0,1,1
1515,1,1.7,0,8,1,21,0.9,112,3,4,191,1839,2518,17,8,4,0,1,0,2
1295,1,1.7,1,5,0,63,0.7,81,4,20,1955,1981,2337,19,17,2,1,0,0,3
544,1,0.6,0,3,0,46,0.2,108,7,8,898,1476,889,19,15,5,0,0,1,0
1639,1,2.9,0,19,1,45,0.8,141,5,4,1064,1014,3081,16,1,2,0,1,1,3
1102,0,1.3,1,17,1,53,0.4,167,4,2,1563,1396,2569,9,1,14,0,0,1,3
1549,1,1.1,1,2,1,55,0.3,119,6,13,968,1503,1036,15,14,14,1,0,1,0
1843,0,3.0,1,8,1,16,0.6,133,5,15,521,663,3091,16,13,16,0,0,0,2
1415,0,2.3,0,14,1,28,0.1,106,8,7,37,1748,2578,9,10,8,1,1,1,1
1507,0,0.6,0,11,1,35,0.5,178,5,2,331,1153,3455,17,1,17,1,1,0,3
881,0,0.7,1,3,1,63,0.9,143,2,7,165,1767,3325,15,5,5,0,1,1,2
856,0,0.6,0,7,1,4,0.9,97,5,13,748,1416,1448,12,16,6,1,1,1,1
1122,0,2.0,1,7,0,32,0.4,153,7,2,1527,1790,3762,17,2,19,0,1,0,3
1779,1,0.7,0,5,1,15,0.7,120,2,5,653,622,382,6,3,18,1,1,0,0
1286,1,2.8,1,19,1,15,0.3,184,2,0,1171,563,1506,15,8,13,1,0,0,0
1022,0,2.8,1,4,0,49,0.6,112,5,9,363,667,2531,16,13,13,1,0,0,2
1669,1,1.9,0,14,0,14,0.3,184,8,3,1157,1810,2257,5,15,15,1,1,1,2
1780,0,2.0,1,18,1,51,0.6,164,3,4,1870,1989,1101,11,11,17,1,1,0,2
1853,0,1.2,0,15,1,64,0.3,96,5,2,618,1997,1002,12,9,6,1,0,0,1
948,1,0.7,0,15,1,50,0.9,171,6,15,947,998,3178,8,7,3,0,0,0,2
1564,1,2.3,1,3,1,12,0.9,167,6,10,1888,896,3535,18,0,5,0,1,0,3
1385,0,0.8,1,2,1,10,0.4,135,2,19,1192,1024,2800,14,5,8,0,0,1,2
1173,0,0.7,0,15,0,29,0.8,99,4,8,782,1724,2240,9,4,6,0,1,1,1
1095,0,1.3,0,14,0,36,0.2,137,8,4,237,877,3150,11,1,11,0,1,1,2
671,0,0.5,0,14,0,51,0.8,153,8,4,1838,1320,1154,6,14,4,0,1,0,0
912,0,1.6,1,8,0,28,0.4,95,7,20,1196,1468,3877,6,6,12,0,0,0,3
1324,1,2.3,1,10,1,12,0.2,121,1,12,111,1041,723,16,9,15,1,1,0,0
1829,1,2.5,1,0,1,64,0.7,164,4,6,1088,1209,2443,19,3,3,1,0,1,2
1799,0,2.0,0,5,0,58,0.5,146,1,13,1899,1497,1532,9,11,7,1,0,0,2
781,1,2.6,0,10,0,43,0.6,200,3,11,1827,1684,3640,8,2,12,0,0,1,3
1518,0,1.5,0,2,1,45,0.6,106,7,2,383,784,1172,15,12,3,1,1,1,1
627,0,2.6,0,2,1,60,0.2,174,4,14,808,1268,2658,12,14,14,0,0,1,1
1512,0,1.8,0,0,1,31,0.1,131,2,2,1934,731,840,7,5,16,0,0,1,0
1012,1,1.1,1,4,0,11,0.6,106,6,4,1533,523,936,15,4,8,0,1,0,0
1174,1,2.9,0,19,1,40,0.7,195,7,14,1098,1467,1814,8,14,2,1,1,1,1
1576,1,1.2,0,13,1,30,0.1,155,6,9,596,1223,3247,6,4,11,0,1,0,3
1137,0,0.6,1,18,1,52,0.4,144,7,4,1495,888,1296,11,3,18,0,1,1,1
1711,1,1.1,1,5,1,50,0.7,115,6,1,1135,582,2852,16,6,7,1,1,1,2
1300,0,1.4,1,11,1,31,0.7,186,6,12,1027,1917,2394,12,18,18,1,1,0,2
1998,0,1.4,0,17,0,25,0.8,83,8,14,1817,1739,3916,14,8,18,0,1,1,3
1457,1,1.8,0,7,0,28,0.5,93,3,4,739,1901,1381,8,4,7,1,1,1,1
944,0,2.7,1,13,0,41,0.6,101,4,8,1225,670,1167,12,9,13,1,0,0,0
1662,1,1.2,1,13,1,42,0.6,159,5,7,85,521,3634,15,6,2,1,0,0,3
1111,1,1.8,0,16,1,34,0.4,92,6,18,1394,825,1502,12,12,12,0,0,0,1
1301,1,1.4,1,19,0,35,0.1,176,4,16,1073,650,1059,8,8,18,0,1,0,1
705,0,2.6,0,12,0,64,0.1,103,4,5,1717,1189,3330,19,11,19,0,1,0,2
679,0,0.9,0,11,0,17,0.9,161,2,10,652,1467,3298,6,8,5,1,0,0,2
1362,1,0.8,0,17,0,12,0.3,176,6,19,1814,792,491,18,9,14,0,0,0,0
780,1,1.8,1,13,1,52,0.7,186,1,7,1128,1094,3460,15,8,3,0,1,0,2
1996,1,2.2,0,7,1,60,0.6,115,4,2,408,1308,2626,6,7,7,1,1,0,3
1783,1,2.5,1,12,0,40,0.5,89,4,6,314,975,1299,8,18,17,1,1,1,0
1551,0,2.0,0,10,0,27,0.9,171,7,12,384,1190,2260,10,5,14,0,0,0,2
1602,0,2.4,0,4,1,23,0.7,134,4,20,592,1384,1149,19,15,9,1,1,0,0
1392,1,1.5,1,10,1,31,0.1,194,1,6,1079,1927,887,12,13,20,1,1,0,0
590,0,0.6,1,12,0,5,0.8,102,5,1,1702,964,751,8,10,16,1,0,0,0
1088,1,0.8,0,18,0,35,0.6,149,2,3,1952,632,874,18,6,2,0,1,1,0
1243,0,0.6,0,11,0,18,0.4,94,4,8,1329,1801,2437,6,9,3,1,0,1,2
1872,1,1.3,0,3,0,18,0.8,138,3,1,961,1364,3288,17,16,13,1,1,1,3
829,1,1.7,0,19,1,37,0.7,80,2,0,1202,1207,2076,17,3,18,0,1,1,2
1245,0,1.4,0,11,1,62,0.4,170,8,13,648,1579,313,10,11,4,1,1,0,0
1016,0,1.9,1,5,1,14,1.0,153,3,17,480,1970,1860,5,14,12,0,0,1,1
701,1,1.7,0,15,0,59,0.7,91,5,4,1053,691,3051,18,12,17,1,1,0,2
654,0,2.2,1,7,0,34,0.6,140,7,10,1622,1790,3382,19,2,18,0,1,0,3
1048,1,2.2,1,7,0,63,0.2,131,3,12,126,1454,2998,10,9,14,0,0,0,2
623,1,1.3,1,16,1,26,0.4,161,8,14,217,1377,1638,7,3,20,0,1,1,0
600,1,1.4,1,17,1,64,0.5,140,4,20,347,1795,2687,9,17,19,0,1,0,2
1026,0,2.0,1,10,0,43,0.7,135,8,18,411,955,511,7,6,17,1,0,0,0
802,1,2.0,0,7,1,44,0.6,180,4,6,292,1680,1788,14,8,14,1,1,1,1
1332,0,1.3,0,17,0,37,0.8,142,1,20,255,1355,2265,12,16,20,0,0,0,2
526,1,1.3,1,3,1,30,0.3,178,7,0,54,1901,362,10,8,2,1,1,0,0
952,1,2.2,0,14,0,35,0.7,187,7,20,683,1201,309,14,3,3,0,1,0,0
1179,0,2.1,1,11,1,55,0.8,182,8,2,1416,1580,3257,14,16,11,0,1,1,3
1944,0,0.8,1,17,1,51,0.8,195,1,2,307,1245,1080,5,12,14,1,1,1,1
1451,0,1.6,1,8,0,3,0.8,164,7,2,638,1090,726,11,11,19,0,0,0,0
1821,1,2.7,0,16,0,45,0.9,147,3,2,1908,1062,2472,17,1,14,1,1,0,2
1014,0,0.6,0,0,0,54,0.2,144,7,9,330,1879,1306,16,8,6,0,0,1,0
1174,0,2.6,0,15,0,48,0.7,104,8,13,1936,1755,3921,17,8,19,0,0,1,3
1130,1,0.9,0,1,1,33,1.0,180,2,15,1004,837,3799,19,4,3,0,1,1,3
1831,1,1.8,0,12,1,23,0.6,163,3,0,1420,1797,3340,5,10,3,1,0,0,3
1938,1,1.6,0,3,1,44,0.3,185,3,6,634,1374,1385,9,4,15,0,0,1,1
1943,1,0.5,0,19,0,43,1.0,164,3,2,636,656,3532,11,8,20,1,0,1,3
1627,1,2.8,1,15,1,25,0.3,138,5,3,770,1647,1210,12,15,11,0,1,1,1
1254,1,1.6,1,2,0,27,0.4,115,4,15,250,743,1152,16,13,4,1,1,0,0
1311,0,2.9,1,17,0,25,0.3,199,6,13,618,1807,3899,15,5,2,0,1,0,3
1970,1,1.2,0,5,1,4,0.5,168,6,4,1753,1181,2779,15,3,20,0,1,1,3
926,1,2.7,0,10,0,3,0.5,185,2,6,7,1873,577,7,0,7,1,1,0,0
1020,1,2.8,1,1,1,7,0.5,150,1,19,1121,1224,3574,15,6,14,1,1,1,3
1845,1,1.9,0,2,0,28,0.9,141,6,12,1349,627,857,16,0,8,1,0,0,0
1079,1,1.0,0,4,0,34,0.5,84,2,5,277,1649,2805,16,2,6,0,0,0,2
852,0,2.2,1,10,1,27,0.6,88,2,19,217,1588,1896,13,18,14,1,0,1,0
1340,1,1.9,1,10,1,62,0.9,165,5,4,1083,953,321,6,16,16,0,1,0,0
988,1,2.9,1,17,1,16,0.8,107,3,6,429,805,3204,7,10,10,1,1,1,2
1836,0,1.6,0,3,0,26,0.3,89,2,14,1917,1794,2826,16,14,11,0,0,0,3
1863,1,1.2,0,14,0,17,0.1,173,3,10,373,1667,3566,18,9,11,1,1,0,3
959,0,0.8,0,0,0,20,0.7,155,5,1,256,946,2545,17,11,13,0,0,0,1
1294,1,2.2,1,5,0,38,0.9,93,7,16,649,1550,3084,11,17,17,0,1,1,2
1975,1,2.9,0,3,1,21,0.6,140,8,4,650,860,3647,13,1,15,0,1,0,3
1613,0,0.6,0,2,0,22,0.3,136,6,14,314,771,3909,7,6,7,1,0,0,3
823,0,2.4,0,11,0,44,0.8,80,8,7,1304,1495,2354,13,2,6,1,0,0,1
1386,1,2.8,0,18,0,54,0.7,153,5,15,680,1748,319,7,15,14,0,0,0,0
1429,0,0.7,0,13,0,15,0.6,127,4,18,1033,1877,1550,16,15,14,1,1,0,1
1480,1,0.8,1,17,1,9,0.9,186,7,16,477,1192,2574,16,13,8,0,1,1,2
537,0,2.2,1,11,1,17,0.8,94,3,19,189,714,666,5,11,17,1,1,1,0
949,1,2.1,1,1,1,38,0.7,182,7,11,120,1315,691,19,9,9,1,1,0,0
1781,1,0.7,0,6,1,62,0.7,80,8,1,103,1520,1733,16,0,8,1,0,0,1
862,1,2.6,1,16,0,12,0.7,172,4,11,1707,1956,3663,10,14,12,0,1,0,3
949,0,1.8,1,0,0,4,0.6,174,6,9,518,668,1460,11,16,5,1,1,0,0
983,1,2.8,0,1,1,35,0.5,129,7,15,599,1484,3756,6,18,15,1,1,1,3
766,0,2.7,1,16,0,64,0.7,113,7,5,1135,1267,3261,19,6,19,1,1,1,2
733,0,2.5,0,1,1,36,0.6,97,2,14,186,1382,1390,6,3,19,1,1,1,0
1020,0,1.8,1,19,0,60,0.5,121,8,9,1177,638,1120,18,12,10,1,1,0,0
1811,1,1.1,0,15,0,42,0.2,161,5,14,1022,525,3354,14,0,7,0,1,1,3
502,1,1.8,0,13,0,3,0.7,167,1,8,1552,1409,3085,18,1,11,1,1,1,2
924,0,0.8,0,10,0,28,0.7,101,1,8,241,798,2615,10,15,3,0,1,0,2
590,0,2.1,1,1,1,50,0.4,81,6,4,33,1420,3917,18,18,14,0,0,0,3
1342,1,0.8,0,8,0,34,0.4,147,4,17,1516,539,632,11,7,10,1,1,0,0
875,0,1.8,1,16,0,14,0.3,150,1,1,725,1701,1699,10,9,4,1,0,0,1
1687,0,0.6,0,18,0,13,1.0,198,5,4,120,999,2512,10,10,12,1,1,1,2
1377,1,1.2,1,8,0,43,0.9,172,5,8,1091,1176,524,19,2,15,0,1,1,0
1675,0,1.1,0,16,1,31,0.6,146,1,3,911,1016,3909,11,4,6,1,0,1,3
1452,1,2.1,0,15,1,38,0.5,151,3,19,1864,1127,2396,12,5,9,1,0,0,2
1157,1,2.5,0,1,1,25,0.8,158,4,7,1850,1294,1409,14,15,18,0,1,0,1
1791,0,0.6,0,12,0,23,0.6,134,7,5,1056,1467,1151,13,8,15,1,0,1,1
1214,0,2.6,0,12,0,43,1.0,161,6,5,311,1533,260,13,13,17,1,1,1,0
1924,1,2.7,0,10,0,2,0.1,103,1,4,1466,1984,2474,10,3,10,0,1,1,2
1992,1,1.4,1,15,0,29,0.1,180,5,13,394,768,3912,7,18,11,0,1,1,3
1383,1,2.1,0,17,1,25,0.6,184,8,10,1643,1806,391,19,16,11,0,1,1,1
1511,0,1.5,0,11,1,51,0.3,132,1,4,1177,1401,1805,12,9,10,0,0,1,1
883,1,0.9,0,6,1,47,0.6,135,8,18,695,964,2734,19,4,4,0,0,0,2
1721,1,1.8,1,19,0,28,0.8,140,1,13,1921,1874,1868,11,18,2,1,0,1,2
1507,0,0.7,0,19,0,18,0.2,178,5,8,1008,1559,2692,13,15,17,0,1,1,2
1853,1,2.7,1,13,1,16,0.5,101,3,10,756,777,2923,13,9,12,0,1,0,2
900,1,2.8,0,12,0,15,0.7,121,6,13,370,762,3870,19,5,12,0,1,1,3
1681,0,2.6,1,2,1,19,0.9,154,7,3,1271,1487,2518,6,11,13,0,1,1,2
1205,0,1.9,0,8,0,49,0.5,163,7,16,529,1593,2912,12,7,9,1,0,1,2
777,1,1.9,0,3,1,4,0.3,115,7,5,298,568,1386,7,12,18,0,0,0,0
756,0,3.0,1,10,1,3,0.6,94,7,0,232,1441,820,18,15,10,1,0,1,0
1343,0,1.1,0,16,1,36,0.5,141,3,10,1257,1296,630,12,9,11,1,0,0,0
979,0,0.7,0,4,0,16,0.8,157,4,18,1806,1953,665,18,0,12,0,1,0,1
652,1,1.9,1,19,1,54,0.6,172,6,15,495,1611,3352,9,10,4,1,1,0,2
1140,0,1.3,0,2,1,49,0.4,80,2,6,426,1862,408,7,16,5,0,1,0,0
1479,1,1.3,1,1,1,50,0.8,82,5,8,1202,551,2065,14,4,5,1,1,0,1
978,1,0.5,0,19,0,30,0.6,126,5,12,280,1645,2551,7,18,6,0,0,0,1
1933,1,2.0,0,2,0,29,0.3,148,8,4,173,1000,2773,10,6,5,0,0,1,2
1669,1,1.2,0,14,1,28,0.6,80,1,17,1250,1329,503,9,12,6,1,1,0,0
1269,0,1.0,0,15,0,14,1.0,100,1,6,1029,1816,3476,8,13,19,0,0,1,3
1901,0,0.6,0,6,0,37,0.7,130,1,4,56,1804,1892,6,3,8,1,1,0,2
1149,0,1.4,1,1,0,56,0.4,113,5,1,465,837,322,14,0,17,1,0,0,0
709,1,2.7,1,6,0,18,0.7,165,5,14,389,859,752,16,18,9,0,0,1,0
553,1,1.3,0,1,0,5,0.4,84,5,0,1336,1583,3472,10,13,17,0,0,0,2
1907,0,2.2,1,13,0,37,0.6,187,2,16,1305,1816,3786,9,11,16,0,0,1,3
1939,1,2.4,1,17,0,27,0.6,100,3,20,1466,1417,3069,7,5,17,0,0,1,3
1608,1,1.3,1,19,0,52,0.3,133,4,2,194,581,1503,15,2,7,0,0,0,1
654,0,2.6,0,16,0,55,0.4,199,1,2,1663,745,3799,17,5,3,0,1,0,3
940,0,2.2,1,15,0,61,0.9,160,7,19,410,1623,1288,13,10,7,1,1,0,0
561,0,1.9,0,17,0,26,0.3,200,1,2,1946,1611,1130,11,13,15,1,1,0,0
576,0,0.5,1,15,0,58,0.8,82,6,8,1709,1843,3119,14,6,14,1,0,0,2
869,0,0.6,1,13,0,9,0.7,167,4,18,900,1297,1462,18,4,15,1,0,1,1
1358,1,3.0,0,19,0,25,0.6,89,8,2,1540,1140,2202,19,4,20,0,1,0,1
598,1,2.5,0,6,0,18,0.2,154,6,13,1315,667,2731,7,18,6,0,0,1,1
1976,1,2.8,0,8,0,60,0.3,119,4,8,1517,1672,877,12,11,10,1,1,1,1
1182,0,2.8,1,18,1,39,0.3,174,6,9,36,1923,3721,18,18,11,0,1,1,3
895,1,0.6,1,6,0,25,0.6,95,1,19,164,567,878,14,0,4,0,0,1,0
1274,0,2.5,0,5,1,11,1.0,188,2,13,1774,1237,3971,17,8,14,1,0,0,3
1685,0,1.6,0,3,1,51,0.9,138,4,6,1532,1032,1294,19,8,2,1,1,1,1
968,1,2.5,0,5,1,43,0.1,142,7,19,1207,1616,1815,6,7,19,1,1,1,2
571,1,0.5,0,11,1,55,0.3,149,7,12,612,1644,1204,14,7,3,0,1,0,0
576,0,1.2,1,17,1,29,0.2,84,4,2,826,826,2274,12,1,4,0,0,1,1
1777,0,2.4,0,2,1,11,1.0,117,3,8,770,1927,259,9,0,5,1,0,1,0
667,1,2.5,0,13,1,23,0.3,165,8,5,851,705,894,14,14,18,0,1,1,0
1453,1,2.0,1,15,0,41,0.3,196,5,13,1232,1671,2200,6,8,18,0,1,0,2
1076,0,1.3,0,17,1,17,0.7,199,1,18,1486,1611,2853,12,3,19,1,1,0,3
1666,1,1.3,1,15,0,6,0.6,144,2,0,752,743,3859,11,6,17,1,1,1,3
590,1,2.9,1,3,0,53,0.3,111,7,16,1634,1510,3390,10,17,19,1,0,1,3
1846,0,1.6,0,9,1,35,0.7,137,8,19,177,905,3705,14,8,10,0,0,1,3
1547,1,1.6,1,19,1,26,0.2,136,8,20,1584,910,3245,19,18,2,1,1,1,3
1173,1,1.9,1,18,0,36,0.1,128,1,13,1326,629,3162,19,3,10,1,0,1,3
810,1,1.5,1,12,0,48,0.2,123,7,6,1001,1618,1550,15,2,6,1,1,0,1
1965,0,1.9,0,19,1,2,0.4,185,1,3,735,1710,3643,9,10,6,1,1,1,3
953,0,1.6,0,13,1,29,1.0,127,7,19,727,1256,3861,19,12,15,1,0,0,3
1235,1,2.6,0,1,0,18,0.6,83,8,8,706,1663,2178,19,18,5,1,0,1,1
1091,1,2.8,0,18,1,7,0.8,167,3,7,1854,1022,706,17,8,8,0,1,0,0
845,0,2.8,0,3,0,4,0.4,160,2,15,52,1347,415,18,3,9,0,0,1,0
1124,1,1.9,1,7,0,29,0.7,125,6,15,1243,1679,2104,17,10,3,0,0,1,2
727,1,1.6,1,4,0,36,1.0,156,1,16,1939,1145,2632,16,5,15,1,0,0,1
502,0,2.3,0,14,1,33,0.4,193,5,18,1066,1424,2331,15,3,16,0,0,0,2
934,1,2.6,0,0,0,51,1.0,191,3,18,1253,717,3610,14,1,12,1,1,0,3
668,0,1.9,0,12,0,30,0.7,175,4,3,1173,1260,2264,14,13,2,1,1,1,1
1122,0,2.2,0,17,0,39,0.8,150,7,3,991,1775,2730,10,12,16,1,0,1,2
1794,0,2.4,1,15,0,53,0.3,83,8,4,1235,1658,3092,18,3,10,0,0,0,3
743,0,2.2,0,6,1,43,0.7,141,4,13,1771,949,3605,14,10,7,1,1,1,2
501,1,2.4,0,17,0,59,0.6,179,3,12,1398,1316,2537,14,16,20,0,0,1,2
666,0,1.0,1,7,1,15,1.0,182,7,18,1665,1428,2342,16,15,18,1,1,0,2
1262,1,1.7,0,13,0,51,0.9,173,4,17,1084,1906,544,6,8,10,0,0,0,0
912,0,2.0,0,10,0,45,0.5,199,2,17,1516,1742,2660,18,1,10,0,0,0,3
1234,1,0.5,0,1,0,38,1.0,142,8,1,1716,1726,929,13,12,19,1,1,1,1
543,0,2.6,1,0,0,2,0.9,93,8,14,415,1628,1636,19,9,5,0,0,1,0
999,1,2.0,0,3,1,36,0.6,140,3,17,1685,1036,2248,6,17,9,1,0,1,2
1115,1,0.8,1,18,0,56,0.2,118,2,20,1346,1065,565,8,10,12,0,1,1,0
1146,1,2.5,1,19,1,42,0.2,181,2,7,867,1196,2855,19,14,8,0,0,1,2
1326,0,2.3,0,8,1,2,0.2,174,5,16,1518,1138,1306,15,10,7,0,0,0,1
1670,0,2.4,1,19,0,20,0.2,131,3,8,330,1935,2180,14,10,4,0,1,1,1
1200,0,1.5,1,0,0,37,1.0,126,5,3,1369,1812,1566,11,6,7,1,1,0,1
1761,0,2.6,0,19,1,53,0.3,99,7,7,1130,1841,1586,13,7,8,1,1,1,2
1294,0,1.5,1,4,0,30,0.7,85,1,5,1741,1410,1729,13,5,17,0,1,1,1
890,1,1.9,0,0,0,55,0.7,117,7,19,1217,786,447,7,8,8,0,1,1,0
843,0,0.5,0,15,0,52,0.7,109,1,3,1030,715,987,13,18,5,1,1,1,0
983,0,2.1,1,7,0,18,0.3,112,1,2,1026,911,3197,12,6,18,1,1,0,2
1396,0,2.3,0,5,0,14,0.6,200,6,12,1088,1475,712,9,8,8,0,1,1,1
863,1,1.9,0,15,1,58,0.7,162,5,12,1746,1046,2116,10,17,19,0,0,1,2
1871,1,1.7,0,6,1,39,0.6,146,8,11,1539,1482,780,16,2,4,0,0,1,1
1219,1,2.5,0,15,1,55,0.3,101,5,3,182,1818,2272,15,4,2,1,1,0,1
1794,0,2.2,1,3,0,60,0.8,181,4,10,1044,1001,2665,12,9,19,1,1,0,2
1524,0,1.2,1,1,0,28,0.2,158,6,19,563,1890,2011,14,7,3,0,1,1,2
1000,1,2.9,0,6,1,4,0.6,142,7,1,322,1267,3143,8,6,2,0,0,1,3
842,1,2.3,1,12,0,59,0.5,136,6,16,1697,1702,1249,12,14,14,1,0,1,1
1615,0,3.0,0,4,0,38,0.3,146,3,2,1681,589,2344,13,9,8,0,1,0,2
996,0,2.9,0,2,1,9,0.8,181,8,4,1842,913,1290,8,6,11,0,1,1,0
870,0,2.8,1,14,0,35,0.3,167,3,18,772,1895,2161,7,9,9,0,0,1,1
1895,1,2.4,1,9,1,3,0.9,138,3,6,835,1829,493,12,16,7,0,1,0,0
1223,0,2.0,0,8,0,20,0.9,160,3,10,1525,1355,1263,19,18,11,0,0,0,1
572,1,0.9,0,4,0,23,0.4,192,3,8,377,549,2904,11,4,6,1,0,0,1
1242,1,1.9,1,0,1,30,0.4,119,2,12,106,589,3168,18,0,6,0,0,1,2
1191,1,2.4,1,1,0,37,0.2,188,5,8,824,1133,1273,17,0,6,1,0,1,1
1795,1,1.8,0,13,1,54,0.9,153,6,9,1233,1846,1222,16,8,4,1,1,0,1
1567,0,2.7,1,1,0,24,0.7,102,4,17,894,1066,1373,18,11,11,1,0,0,1
787,1,0.8,1,4,0,48,0.1,197,8,11,414,1825,1301,11,0,12,1,0,0,0
725,0,1.5,1,18,1,61,0.6,163,4,11,1018,1302,3974,16,9,2,1,1,1,3
1405,0,1.8,0,6,1,49,0.2,126,4,16,1848,702,2693,7,7,10,1,0,0,3
571,0,1.6,1,14,1,18,0.6,105,1,8,538,1340,1700,9,17,16,1,0,0,0
978,0,0.8,1,6,1,44,0.6,190,8,17,784,1046,1985,13,11,2,0,1,0,1
707,0,0.9,1,18,1,19,0.2,179,2,15,613,837,2167,5,8,7,1,1,0,1
530,0,2.6,0,16,1,32,0.8,85,2,18,575,1512,2325,16,11,20,1,1,0,1
1878,0,1.7,0,9,0,41,0.3,156,8,9,1285,806,1702,18,2,10,0,0,1,1
634,0,0.6,1,13,1,20,0.6,93,5,11,734,1857,3903,6,9,2,0,0,0,3
513,0,0.5,0,8,1,2,0.7,115,1,2,1219,1704,1342,19,6,12,1,1,0,1
1899,0,1.7,1,18,0,54,1.0,148,4,2,38,1672,1855,6,3,9,0,1,1,1
782,1,0.9,1,7,1,47,0.5,110,5,2,1298,614,277,6,7,6,0,1,0,0
1724,0,2.3,0,16,0,9,0.9,142,1,13,206,1940,2096,16,12,3,1,0,1,2
546,0,2.5,1,12,0,25,0.4,131,7,6,739,1239,3455,15,11,18,0,0,0,3
730,0,1.1,1,12,0,18,0.9,150,6,6,1711,1598,3988,19,18,17,0,0,0,3
665,0,2.0,0,7,1,63,0.3,176,1,12,659,787,2027,11,5,14,1,0,1,0
1559,1,0.9,1,16,0,61,0.7,98,5,8,1368,1651,777,13,13,2,0,1,1,1
1430,1,1.3,1,14,0,45,0.2,176,2,2,689,979,2950,7,10,18,0,1,1,3
1213,1,2.7,0,16,0,29,1.0,106,6,11,1769,1559,2653,15,16,10,0,0,0,3
862,1,1.9,1,16,0,5,1.0,84,4,11,1865,915,3844,19,17,11,0,0,1,3
633,0,2.7,0,3,0,17,0.5,134,2,2,1782,1897,2146,13,13,18,0,0,0,2
1353,1,1.1,0,17,1,7,0.6,116,5,5,775,1562,266,18,8,10,0,0,0,0
846,0,1.3,1,16,1,51,0.6,102,4,4,622,1177,3627,10,10,6,1,1,1,3
1385,1,1.7,0,4,0,7,0.3,131,3,14,1188,1183,2782,19,12,6,1,1,0,3
1531,0,1.7,0,19,1,44,0.7,185,8,5,1601,500,3251,13,15,19,0,1,1,2
1774,1,3.0,0,10,1,62,0.7,150,6,0,1025,948,700,7,4,12,1,1,0,1
1240,0,0.8,1,6,0,21,0.6,168,4,5,1447,1683,1967,10,16,12,0,1,0,2
507,1,2.6,0,4,1,45,0.2,98,2,9,1718,1746,1970,12,15,13,0,1,0,1
921,0,2.7,1,7,1,57,0.9,89,5,16,1474,1998,1257,6,1,6,0,0,1,1
1780,1,1.9,0,0,0,28,0.2,120,1,1,723,628,3425,18,5,9,0,1,0,3
1299,1,1.4,0,13,1,30,0.7,173,8,18,489,875,959,8,4,20,1,1,1,0
1428,1,1.8,0,14,0,14,0.2,187,1,6,851,1648,523,15,11,4,0,1,0,0
1186,0,1.2,0,13,0,28,0.2,92,6,7,1127,1041,1133,18,3,20,0,1,1,1
744,0,2.5,0,10,1,57,0.1,137,3,0,1652,872,3960,11,5,7,0,1,0,3
1845,1,1.7,1,7,0,43,0.4,127,6,5,589,921,680,14,3,7,0,1,0,1
1659,0,2.8,0,14,0,14,0.7,170,3,9,315,1876,2430,12,1,2,0,0,1,2
1992,0,2.1,1,17,1,35,0.6,104,1,13,618,1785,941,16,8,14,1,1,0,0
1783,0,1.8,1,1,1,46,0.7,138,8,16,1165,508,1734,5,6,8,0,1,0,1
936,0,2.3,1,7,0,6,0.7,182,7,10,455,1760,2321,10,9,10,0,0,1,1
881,0,1.8,0,19,0,50,0.2,136,1,2,784,1334,329,14,4,13,1,1,1,0
872,0,2.8,1,17,0,14,0.2,174,1,8,503,1765,1158,6,5,14,0,0,0,0
1878,1,1.0,1,19,0,20,0.7,155,5,15,1933,1432,2452,17,16,20,1,1,0,2
1335,1,2.9,1,3,1,28,0.7,152,8,13,1005,1531,310,14,15,12,0,0,1,0
1181,0,2.5,1,9,1,33,0.6,111,5,12,1414,1365,2108,5,5,5,0,1,1,1
1952,0,2.7,0,2,0,59,0.3,200,1,10,1020,1601,2515,5,3,15,1,1,1,2
1405,0,1.7,1,17,0,16,0.8,110,6,10,20,1721,1061,7,18,3,0,0,1,0
1864,1,2.6,0,10,1,18,0.2,192,4,20,517,1261,863,14,12,18,0,1,0,0
1976,0,1.3,1,4,1,25,0.7,199,6,12,1646,668,2091,12,9,7,0,1,1,2
619,1,2.4,1,1,0,56,0.2,141,3,12,1002,639,2945,12,13,15,1,0,1,2
1042,1,0.9,1,14,1,62,0.7,185,1,7,1378,1122,303,13,4,4,0,1,1,0
1601,1,1.3,0,16,0,30,0.5,166,1,10,1493,1209,1520,12,8,9,1,1,1,2
1719,0,1.6,0,17,0,45,0.7,169,6,14,1100,1794,3997,10,7,15,0,0,0,3
722,1,1.3,1,19,1,59,0.1,88,6,18,1132,549,1512,5,13,13,1,0,1,0
977,1,1.5,1,16,1,55,0.6,96,3,16,463,1832,1499,5,3,2,1,0,0,1
1322,1,2.6,0,15,1,44,0.2,88,1,13,488,582,3017,15,9,2,1,0,1,2
1698,1,1.1,0,16,1,36,0.7,83,7,16,292,1247,2053,16,15,20,1,1,1,1
669,1,2.4,0,19,0,64,0.2,181,2,0,583,1133,1720,8,3,12,1,1,0,0
1401,0,0.7,1,9,1,17,0.2,101,2,5,1232,1336,3193,8,2,18,0,0,1,3
944,1,2.4,0,15,0,24,0.7,80,4,5,1820,563,371,11,15,3,0,0,1,0
824,1,2.5,0,16,0,46,0.2,193,6,13,862,1645,2923,14,16,11,0,1,1,2
1273,0,1.5,1,2,1,3,0.3,113,8,15,1180,701,1680,13,8,12,0,0,0,1
1121,0,2.3,0,13,0,33,0.8,178,6,3,1689,1668,3581,13,0,19,1,1,0,3
1453,1,2.8,1,6,0,55,0.8,196,8,4,1328,1349,2969,5,10,15,0,0,1,2
976,0,2.5,0,2,1,13,0.9,143,6,10,514,1831,3779,11,5,13,1,1,1,3
1734,0,1.5,1,3,1,52,0.4,192,7,20,551,1967,737,16,11,7,1,1,1,0
617,1,1.7,1,2,1,27,0.6,197,2,0,1250,1764,964,13,2,20,0,1,1,0
1792,1,2.4,1,17,0,56,0.8,97,1,18,564,1177,3636,17,15,8,0,0,0,3
544,1,1.2,0,15,1,41,0.2,97,6,4,487,1121,1717,15,13,7,1,0,0,0
1603,0,2.5,0,2,0,11,0.8,124,8,5,1160,1493,3308,18,12,15,0,0,1,3
1019,0,1.3,0,12,1,48,0.2,147,6,13,1247,1473,2826,13,9,20,0,0,0,2
1075,1,2.5,1,13,1,5,0.9,175,3,15,496,1684,2126,13,4,18,0,1,0,1
528,1,0.7,0,10,1,17,0.7,102,4,18,94,1224,424,13,17,5,1,1,1,0
1553,0,0.6,0,12,1,57,0.5,103,1,0,1506,1193,532,8,5,17,0,0,1,1
748,0,3.0,0,18,0,57,0.5,117,3,1,768,676,2939,11,6,8,0,0,1,1
1488,0,2.7,1,10,0,4,0.3,112,6,10,1241,753,620,7,17,6,0,0,0,0
1587,1,2.7,1,13,1,25,0.4,193,2,11,338,1731,274,11,0,19,1,1,0,0
1767,0,2.9,1,11,1,7,0.8,127,4,5,616,1982,1077,7,2,20,1,0,0,1
1562,1,1.6,1,7,0,19,0.6,185,3,13,1188,1402,3677,12,14,9,0,0,0,3
952,0,1.2,1,17,0,62,0.6,86,4,5,243,1015,2600,19,6,2,0,0,0,2
1607,1,0.8,0,8,0,14,0.3,92,7,19,621,586,2944,11,11,5,1,0,1,3
1738,0,1.8,0,15,0,42,0.7,177,8,3,1409,564,2697,16,11,12,0,1,1,2
975,1,1.1,0,12,1,52,0.5,110,4,13,1512,1514,2372,11,15,3,1,1,1,2
686,1,2.8,0,13,0,57,0.3,89,7,11,692,1462,1215,18,11,6,0,1,0,0
1835,0,0.5,0,15,0,24,0.9,151,6,2,224,924,1861,8,8,4,1,1,1,1
721,0,0.9,0,14,1,45,0.6,97,8,12,50,782,2295,17,10,20,1,1,0,1
1390,1,1.1,0,11,0,32,0.6,87,6,3,1090,603,3954,15,14,8,1,1,0,3
854,1,1.0,0,12,0,8,1.0,129,5,11,1360,1522,3621,18,7,9,1,0,0,3
689,1,1.1,1,10,1,16,0.4,146,6,13,1164,1409,3012,6,3,10,0,0,0,2
1664,1,2.1,1,6,0,49,0.9,143,3,1,794,999,3300,18,9,2,1,1,1,3
715,1,1.3,1,14,1,45,0.7,150,6,4,43,1597,3277,18,18,12,1,1,1,2
1505,1,2.0,0,17,1,34,0.7,82,6,6,443,1767,2755,9,2,19,1,1,1,3
1539,0,2.7,0,14,1,51,0.3,115,5,19,70,1275,3345,14,3,17,0,1,0,3
590,1,2.0,1,15,0,45,0.1,121,1,4,906,893,530,13,18,6,1,0,0,0
759,0,2.2,1,16,1,23,0.5,115,5,19,604,508,337,5,15,2,1,1,0,0
1691,0,1.4,0,7,1,20,0.1,147,6,11,139,1692,1918,12,2,16,1,0,1,1
1260,0,0.9,0,1,0,61,0.2,107,2,19,1194,1364,460,14,4,17,0,0,1,0
682,0,1.3,0,6,1,63,0.6,156,7,17,726,1020,1526,8,13,19,0,1,1,0
1987,0,2.9,1,15,1,3,0.8,193,7,6,1887,509,998,10,14,12,0,0,0,1
897,1,2.1,0,16,1,51,0.3,159,5,11,818,1720,3840,13,13,10,1,0,0,3
506,0,1.2,1,10,0,10,0.8,127,8,15,178,1888,2708,18,16,16,0,1,1,1
1886,0,1.6,0,15,1,56,1.0,132,7,1,1382,1221,413,5,9,15,1,1,1,0
524,0,2.6,1,1,0,39,0.8,150,4,13,1378,900,2591,19,16,16,1,1,0,1
1330,1,2.2,1,12,0,45,0.8,167,8,9,1822,1429,2997,17,11,7,1,0,1,3
1989,1,1.9,1,13,0,46,0.7,116,8,0,1358,1805,1473,17,9,19,1,0,1,2
1366,1,2.7,0,10,0,40,0.3,84,1,18,709,1380,3560,5,12,2,1,1,0,2
1376,0,2.2,1,14,0,17,0.4,165,8,5,1312,518,3897,13,8,3,0,0,1,3
1082,1,2.1,1,9,1,52,1.0,160,1,18,1565,792,3926,10,11,14,0,0,0,3
690,1,1.0,0,10,1,36,0.7,92,4,4,1012,645,604,18,15,12,1,1,1,0
1359,0,0.8,0,12,0,36,0.8,155,8,11,1558,1116,1936,16,18,12,1,1,1,1
1845,1,2.9,0,15,0,22,1.0,88,6,7,1895,1176,3163,14,11,19,0,1,1,3
636,0,2.0,0,4,1,2,0.3,157,3,18,1480,1302,1913,5,0,18,1,0,0,2
1820,1,1.5,0,6,1,36,0.4,170,6,20,983,1637,2055,18,11,15,0,1,0,2
1122,1,2.0,1,8,1,23,0.7,81,2,16,966,668,1484,12,4,5,0,1,0,0
1304,0,0.7,1,4,0,43,0.1,167,2,17,1643,1912,1823,7,4,3,0,1,1,2
748,1,2.6,1,6,0,24,0.6,94,8,16,1711,895,2855,18,16,4,0,0,1,2
1432,0,1.0,1,7,0,63,0.8,112,1,6,514,1281,351,18,8,13,1,1,0,0
773,0,2.5,1,6,0,44,0.6,165,8,19,19,816,3248,12,15,15,1,1,0,2
909,1,1.8,1,8,1,30,0.4,122,4,11,1581,1032,2980,14,7,17,1,1,1,3
1582,1,1.2,0,10,0,46,0.8,198,1,7,462,1748,774,14,11,3,0,0,0,0
575,1,0.6,1,13,1,42,0.2,195,7,4,1954,566,3144,9,12,7,1,1,0,3
1170,1,2.5,0,6,1,41,0.9,199,1,14,70,1224,2207,16,16,8,1,1,0,2
1391,0,0.9,0,16,1,38,0.2,92,3,5,1784,1374,1449,19,3,14,0,0,1,1
698,1,0.6,0,9,0,60,0.9,101,2,13,1329,1354,1960,19,10,2,1,0,0,1
942,1,2.4,1,14,0,22,0.5,102,7,1,596,1069,2190,15,7,17,0,1,0,1
1015,1,1.4,0,2,0,29,0.5,150,4,13,68,1066,1044,10,8,3,0,0,0,0
1495,1,1.5,1,3,0,17,0.6,132,6,13,1659,1862,2525,18,16,11,1,1,0,3
1965,1,1.1,1,9,1,37,0.3,170,1,11,234,861,2611,18,2,19,1,0,1,2
1754,1,2.6,0,7,1,64,0.5,114,6,13,186,1219,1632,5,10,5,0,0,0,1
784,0,1.2,0,9,0,40,0.9,104,6,20,1549,1046,1979,10,7,15,0,1,1,0
527,0,1.0,0,3,1,15,0.8,158,3,17,1328,1647,2560,13,17,12,1,0,0,2
577,0,1.3,1,9,1,60,0.2,154,8,9,249,1707,2140,13,4,17,0,1,1,1
1393,1,1.0,0,13,0,51,0.7,163,4,18,670,1771,1880,15,4,13,1,1,0,1
734,1,1.3,1,14,1,29,0.9,117,6,20,1306,627,3835,12,1,18,0,1,0,3
846,0,0.7,0,4,1,11,0.8,143,2,3,1291,647,3542,5,8,9,0,1,0,2
1771,1,0.9,1,6,1,27,0.5,192,8,7,710,1062,1676,7,0,5,0,1,1,2
1810,1,1.5,1,10,1,52,0.1,153,2,15,808,1160,2945,16,9,14,0,0,1,3
1758,0,2.7,1,10,0,38,0.9,192,6,10,156,594,3288,15,4,20,1,1,0,3
880,0,0.6,1,15,1,13,0.5,132,1,2,17,1839,669,14,7,10,1,1,0,0
1429,1,1.0,0,7,1,11,0.4,85,1,9,1897,1844,2471,11,11,17,1,0,0,3
1416,0,2.8,1,13,0,62,0.8,172,2,7,453,1136,3248,9,13,18,1,0,0,3
777,1,2.7,0,17,1,30,0.3,135,8,15,1818,1653,470,9,1,14,0,0,0,0
1330,1,2.2,0,5,1,45,0.9,85,2,10,83,1347,1519,15,2,17,1,0,1,1
1287,1,1.1,0,16,0,24,0.2,96,8,2,1941,1484,3242,12,6,12,1,0,1,3
1094,0,1.5,1,6,0,7,0.8,117,5,1,837,1808,3757,6,9,17,1,0,1,3
1627,1,1.0,1,6,1,27,1.0,103,1,6,1580,637,3970,10,16,8,1,1,0,3
1516,0,0.8,1,13,1,45,1.0,162,4,3,1647,848,2514,17,2,11,0,0,0,2
1298,0,1.4,0,12,0,23,0.9,153,4,18,690,1141,415,13,1,3,0,1,1,0
1588,0,1.9,0,10,0,40,0.9,119,3,5,1447,1840,359,17,11,5,1,0,0,0
1644,0,1.4,1,4,1,29,0.4,90,5,13,655,1387,3292,12,18,13,0,1,0,3
1350,0,2.0,1,1,0,23,1.0,89,7,2,1547,1095,3004,12,15,15,1,1,0,2
901,1,1.2,1,18,0,18,0.9,194,8,9,1880,543,981,19,10,2,1,1,1,0
1637,0,1.4,0,17,0,18,0.6,121,5,19,1582,1388,745,12,0,3,1,1,1,1
1576,1,2.5,0,17,0,18,0.5,92,8,13,1427,904,801,7,10,2,0,0,1,0
1975,0,2.7,0,10,1,47,0.2,166,8,6,729,991,3539,11,8,11,0,1,1,3
724,0,1.3,1,17,0,23,0.6,185,1,15,213,1992,3118,14,8,8,0,0,0,2
1128,1,1.9,0,9,1,48,0.7,94,6,10,992,1290,3805,10,9,3,1,1,1,3
1886,1,1.2,1,1,1,21,0.5,194,7,4,254,707,681,11,10,17,1,1,1,0
1271,1,0.6,0,3,1,22,0.5,167,1,20,997,573,2858,18,13,12,0,1,1,2
1913,1,2.3,0,5,1,60,0.6,110,5,19,1704,1081,3713,11,3,2,0,0,1,3
518,0,0.9,1,7,1,57,0.1,173,8,11,222,597,2250,9,1,15,0,0,1,0
552,0,1.6,0,18,1,27,1.0,130,3,0,1766,1142,3153,6,0,19,1,1,0,2
1694,1,1.7,0,6,1,18,0.4,156,7,8,1172,1121,2509,11,7,9,1,0,1,2
1037,1,1.0,1,12,0,47,0.2,95,8,10,92,1818,282,16,9,20,0,1,0,0
1280,0,0.7,0,5,1,6,0.1,109,6,19,1412,1002,1861,9,14,9,1,0,1,1
1142,0,1.4,1,12,0,30,0.9,173,6,15,0,914,1234,12,8,3,0,0,0,1
1111,1,2.9,0,11,0,39,0.9,177,5,4,1198,1423,568,14,10,4,1,1,1,0
1909,1,2.0,0,3,0,44,0.2,81,4,10,995,1457,2485,18,18,3,0,0,1,3
641,0,1.5,0,9,1,8,0.2,105,4,3,1462,556,3732,17,14,7,1,0,1,3
1658,0,0.6,0,2,1,2,0.5,153,5,9,737,625,457,9,13,9,1,0,0,0
1834,1,2.0,0,17,0,19,0.3,189,4,11,233,751,1488,7,6,10,0,1,1,1
1486,0,0.7,1,14,1,9,0.8,161,7,10,759,1664,2762,15,2,11,1,1,1,2
1092,0,1.9,0,18,0,33,0.2,165,7,8,1493,814,1426,8,17,18,1,1,0,0
740,0,2.4,0,17,0,59,0.6,127,3,9,1870,1988,692,10,10,2,0,1,1,1
1523,1,1.6,1,4,0,20,0.4,86,5,16,408,1160,972,6,1,19,1,1,0,0
1203,0,1.2,0,14,1,30,0.5,172,2,10,689,1899,348,16,9,6,0,0,1,0
724,0,0.6,0,2,0,15,0.5,176,2,0,1719,870,3970,7,1,20,1,0,0,3
1039,0,0.6,1,19,0,4,0.2,133,3,15,613,1135,2095,10,18,4,1,1,0,1
1942,1,1.6,1,15,1,46,0.3,141,1,12,480,706,3784,11,10,3,1,0,0,3
898,0,2.7,0,13,0,18,0.2,108,7,14,1630,1768,2822,5,14,4,1,0,1,2
767,0,1.1,0,19,1,36,0.2,134,2,14,964,1395,1563,16,8,7,1,0,1,0
1522,0,1.9,0,16,1,45,1.0,109,3,3,1143,613,3783,14,0,19,0,1,1,3
799,1,2.2,1,17,0,54,0.4,130,3,20,955,1615,1229,13,12,10,1,1,1,0
1879,1,0.7,0,2,1,13,0.4,96,2,20,1182,1829,932,7,12,5,0,0,0,1
1788,1,0.9,1,0,1,38,0.2,153,3,3,527,1527,3270,5,4,14,0,1,0,3
1975,0,1.3,0,19,0,59,0.8,109,6,4,1435,1711,2327,5,13,11,1,1,1,2
1868,1,2.2,0,5,0,32,0.9,167,8,5,709,913,1837,14,4,15,1,1,0,1
865,0,1.6,1,8,0,4,0.8,142,2,20,1026,1147,2457,16,13,16,1,1,0,2
818,1,2.3,0,0,0,18,0.7,188,2,19,363,1780,3878,16,14,16,0,1,0,3
1013,0,2.7,0,12,0,52,0.8,106,4,5,22,1411,1304,17,2,4,0,0,0,0
1204,1,2.4,1,16,0,51,0.5,113,3,13,1117,1417,3629,10,5,11,0,1,1,3
1819,1,3.0,1,16,1,21,0.9,109,7,5,272,1649,3665,5,3,13,1,1,0,3
1600,0,2.4,0,11,0,14,0.8,156,2,0,1790,1421,3098,8,13,12,1,0,1,3
1466,1,2.6,1,13,0,20,0.1,92,4,4,1881,689,844,16,4,20,1,0,1,0
1817,0,2.6,1,10,0,17,0.5,163,5,1,620,819,592,16,12,20,1,0,0,0
1468,0,2.3,1,8,1,48,0.3,179,4,17,566,1666,706,12,7,17,1,1,0,0
1068,0,2.5,0,11,0,55,0.2,161,5,16,996,863,2884,5,1,6,1,0,0,3
1119,1,2.8,1,18,0,4,0.9,96,7,3,400,1497,1753,16,16,12,1,1,0,1
1275,0,1.7,0,5,0,48,0.1,139,5,11,1690,1211,3951,17,13,17,0,0,1,3
633,1,2.1,1,9,0,49,0.8,144,4,4,199,1429,279,8,4,7,0,1,1,0
1612,1,1.8,1,12,0,40,1.0,127,8,11,887,856,1653,17,16,15,0,0,1,2
1479,1,2.6,0,11,1,56,0.5,136,8,18,370,965,1244,14,13,6,0,0,0,0
1596,1,1.6,1,0,1,4,0.4,172,8,18,1630,1531,3555,18,15,4,1,1,1,3
1300,0,2.5,0,5,0,46,0.6,180,1,17,282,757,709,14,3,6,1,0,1,0
1674,1,2.5,0,12,0,10,0.8,116,7,5,875,962,1783,6,0,19,1,0,0,1
1924,0,2.9,1,13,0,58,0.3,119,8,4,1634,1996,3499,14,1,20,1,1,1,3
1354,1,1.1,1,14,0,33,0.3,105,7,3,863,727,3891,6,10,18,1,0,0,3
1166,0,2.3,1,19,0,7,0.6,128,6,2,361,1365,3685,8,14,7,1,0,1,3
656,1,2.4,1,13,1,49,0.9,146,3,12,308,727,2702,18,17,16,1,0,1,1
1668,1,2.8,1,11,0,49,0.4,166,6,13,1186,1560,865,19,18,6,1,1,1,1
1855,1,2.8,0,6,0,31,0.4,112,5,18,245,690,617,12,11,4,0,0,0,0
1549,0,1.9,1,7,0,21,1.0,106,7,1,696,1360,1794,9,11,6,1,1,0,2
1798,1,1.9,0,16,1,3,0.3,84,3,5,1199,1159,2049,10,5,4,1,0,1,2
1791,0,0.9,0,9,1,59,0.2,91,6,15,744,1536,2180,8,0,14,0,1,0,2
1697,0,2.9,0,14,0,13,0.6,86,7,14,1622,504,442,13,3,14,0,0,1,0
1254,0,1.1,0,2,0,55,0.1,105,7,8,1348,1273,2783,11,1,2,0,0,1,3
649,1,2.3,0,2,1,39,0.3,164,2,3,265,1313,1734,5,13,4,1,0,0,0
504,1,2.5,1,4,1,45,0.7,173,7,10,1602,860,662,14,9,11,0,1,0,0
806,1,1.6,1,3,1,45,0.7,197,2,3,1784,947,3682,14,14,4,1,1,0,2
1146,0,1.0,0,12,1,56,0.6,145,8,11,396,1558,1591,15,2,17,0,1,0,1
1615,0,1.0,0,12,1,4,0.4,135,1,18,703,1328,1125,19,17,9,0,0,1,1
1183,1,2.6,1,11,0,64,0.6,188,2,4,775,1367,2099,15,13,9,0,0,0,1
534,0,1.8,0,5,1,4,0.7,97,5,2,833,1902,3813,15,17,2,1,0,1,2
815,0,0.7,1,11,0,64,0.8,156,5,15,909,1107,3342,8,12,15,0,0,1,2
1968,1,2.3,1,2,0,18,0.8,178,6,0,1754,1802,630,11,6,15,1,0,0,1
1982,0,1.1,0,9,0,55,0.7,140,4,20,1277,1960,2826,11,11,16,0,1,0,3
1065,1,2.7,1,3,0,7,0.9,111,1,16,1757,1364,2744,19,11,12,0,0,1,2
1707,1,1.3,1,1,0,31,0.9,155,5,8,687,817,3572,12,3,7,0,0,0,3
1578,1,1.0,1,3,0,36,0.2,200,5,7,1029,1126,3870,15,1,3,0,1,0,3
1896,1,0.7,0,2,0,62,1.0,108,5,8,208,569,3047,13,12,7,0,0,0,3
1831,1,1.8,1,9,1,9,0.9,148,4,8,542,1546,2704,5,1,12,1,0,1,2
1443,1,1.6,1,10,1,4,0.4,86,8,17,1145,910,1579,19,1,4,1,1,1,2
1091,0,2.4,0,12,0,42,0.1,108,7,16,337,1883,3620,15,1,3,1,1,1,3
1439,0,1.7,1,8,1,5,0.6,172,2,4,1883,1478,3785,8,11,6,0,1,1,3
978,0,1.4,1,3,0,50,0.5,140,1,3,532,1233,3965,5,17,3,1,1,0,3
1022,1,1.2,0,0,1,4,0.8,104,2,11,316,779,3829,19,9,2,0,0,1,3
1413,1,1.2,0,14,1,63,0.6,120,1,13,1530,648,2658,9,2,11,0,1,1,2
1357,0,2.8,1,19,1,35,0.2,94,6,15,176,1508,3835,5,9,16,1,1,1,3
1371,1,0.9,0,5,0,61,0.3,174,5,6,636,1648,3184,14,9,11,1,0,1,3
1077,0,3.0,1,4,1,9,0.9,194,4,10,389,898,1155,5,11,3,1,1,0,0
1113,1,1.3,0,6,0,19,0.1,92,5,2,1362,515,375,8,8,8,0,0,1,0
515,1,0.7,1,4,1,30,0.8,108,7,9,1653,979,3926,18,10,2,1,1,1,3
1402,1,1.1,1,4,1,3,0.4,183,7,14,382,1646,1855,5,6,13,0,0,0,1
1363,0,0.6,1,9,0,8,0.5,186,4,6,815,1369,3525,16,17,6,0,1,0,3
1903,0,2.5,1,15,0,22,0.6,172,5,6,938,627,1334,14,10,9,0,1,1,1
1256,1,1.8,0,14,0,48,0.3,166,5,9,1354,672,1605,9,5,19,0,1,1,1
1201,1,1.3,0,19,1,46,0.7,184,8,18,690,659,3340,9,0,13,0,0,1,2
601,1,2.2,1,7,1,7,0.7,125,7,12,1025,1636,2222,12,12,16,0,0,1,1
795,0,2.1,1,9,1,5,0.2,188,3,19,987,1671,2792,12,7,8,0,1,0,2
1007,0,2.8,0,7,1,43,0.4,187,8,1,22,1111,1454,18,4,19,1,0,1,0
1065,0,2.9,1,0,1,24,0.8,107,4,17,1117,1533,2555,8,9,15,0,0,0,2
1044,1,2.2,1,7,1,51,0.7,88,7,0,1113,531,2078,13,9,11,1,1,1,1
1091,0,2.5,0,5,0,20,0.6,143,8,6,1943,1342,3742,15,15,13,0,0,1,3
1653,0,2.5,0,9,1,24,0.8,171,7,8,1000,907,2097,5,10,13,1,0,1,1
696,0,1.7,1,3,0,15,0.2,182,1,4,1764,1730,588,18,13,5,1,0,1,0
998,1,2.3,1,14,1,18,0.2,97,2,20,684,1232,3013,19,12,6,1,1,1,2
744,1,0.7,0,16,1,46,0.7,125,7,18,1364,1776,3826,6,16,15,0,0,0,3
961,1,2.4,1,19,0,31,0.7,172,1,11,1768,1343,3560,8,0,10,0,0,1,3
1526,0,2.9,1,1,1,43,0.8,87,1,9,301,1185,633,16,7,16,0,1,1,0
570,0,0.7,0,2,0,6,0.3,167,3,15,1111,1919,3993,17,13,11,0,0,0,3
1009,0,2.6,0,19,1,35,0.6,115,4,14,1802,1993,1554,7,2,3,1,1,0,1
535,0,2.8,1,16,0,30,0.7,82,2,10,1090,1182,3377,18,8,14,1,1,1,2
1932,1,1.1,0,11,0,59,0.3,109,2,17,1750,1036,2615,9,7,13,1,0,1,3
1590,1,1.8,0,6,1,28,0.6,169,3,4,823,1468,3898,9,15,8,1,1,0,3
865,1,2.8,0,10,0,8,0.7,185,5,5,1738,757,1534,10,18,17,1,0,0,1
797,0,2.9,1,10,1,45,0.3,89,5,0,1233,1079,2531,15,2,8,0,1,1,2
648,0,0.8,0,16,0,11,0.4,136,7,2,939,1768,2810,8,4,4,0,1,0,2
1209,1,1.4,1,10,0,59,0.3,104,8,4,421,1844,834,13,14,4,1,0,1,0
1630,0,2.2,1,0,0,26,0.9,162,1,13,334,1122,3158,6,3,19,1,0,1,2
1376,0,1.1,0,13,0,51,0.3,174,6,17,566,1085,792,7,9,9,0,0,0,0
1821,0,1.3,0,15,0,43,0.2,196,2,12,1479,1810,3357,16,17,9,1,1,1,3
1015,0,0.6,0,5,1,31,0.1,122,3,9,917,803,728,10,18,7,0,0,0,0
917,1,0.9,0,2,1,38,0.1,116,3,5,761,591,927,16,18,16,1,0,0,0
1217,1,1.9,1,2,1,13,0.3,117,6,2,915,609,2108,16,2,13,1,1,1,1
803,0,2.1,1,16,0,6,0.6,172,3,12,675,666,937,19,2,19,1,1,1,0
1963,1,2.1,1,8,1,50,0.1,133,8,2,1582,1818,543,7,3,18,1,1,1,1
778,0,2.4,1,10,1,62,0.4,82,4,16,766,560,451,19,14,20,0,1,1,0
1218,0,1.5,1,19,1,56,0.2,194,7,8,925,998,1327,18,3,8,1,0,1,0
1283,0,1.2,1,1,1,21,0.5,92,8,7,1096,1402,2093,11,8,13,0,0,1,1
585,1,0.5,1,4,0,24,0.1,192,5,0,1267,1413,420,7,15,8,1,0,0,0
1202,1,1.0,0,16,0,24,0.6,99,1,5,654,1746,770,7,9,15,0,1,0,0
1182,1,1.3,1,10,1,46,0.7,145,6,0,143,1970,2545,12,17,16,0,1,1,2
889,0,0.9,0,0,1,41,0.8,117,4,15,1352,1103,1448,5,9,6,0,1,0,1
691,0,0.6,1,14,1,52,0.3,163,3,10,1098,849,3092,6,7,18,1,1,1,2
567,1,0.9,0,2,1,61,0.9,128,4,16,1270,635,3401,12,18,7,1,0,1,2
512,0,2.2,1,15,1,26,0.7,124,3,11,1066,1836,369,13,10,20,0,1,0,0
1222,0,2.1,1,15,0,43,0.2,137,3,20,997,1059,3806,17,3,18,0,1,1,3
634,1,2.8,0,16,0,33,0.5,197,8,16,1860,1846,2814,19,12,2,1,1,0,2
1938,1,2.5,1,9,0,62,0.8,109,3,3,105,1021,3333,9,14,9,1,0,0,3
867,0,1.9,1,5,1,24,0.4,106,4,2,181,1633,2045,9,15,9,0,0,0,0
1478,0,0.8,1,17,1,13,0.4,88,6,18,1836,1464,258,7,0,17,1,0,0,1
1510,1,1.9,0,11,0,25,0.7,169,2,5,1739,1569,3569,8,2,15,0,0,0,3
1243,0,0.7,1,12,1,40,0.1,161,5,16,807,1477,2382,11,11,2,1,1,0,2
1825,0,1.6,1,2,1,62,1.0,153,8,13,1060,960,394,19,14,17,1,1,0,0
666,0,1.5,0,12,1,54,0.3,82,7,14,881,654,879,18,12,6,0,1,0,0
851,0,1.6,0,11,1,3,0.1,175,1,5,1955,516,1027,18,7,9,1,1,0,0
878,1,1.2,1,5,1,34,0.1,177,4,6,894,1129,1662,11,14,5,1,0,1,0
703,1,2.2,0,15,1,12,0.5,194,1,11,1490,1836,1911,14,11,4,0,1,1,1
942,1,2.6,0,2,0,24,0.9,192,5,0,715,1463,1857,15,17,12,0,1,0,1
969,0,2.4,1,14,0,61,0.8,111,3,6,747,1510,3505,8,6,3,0,0,0,3
1647,0,2.1,0,19,1,64,0.9,165,8,10,1322,888,3785,11,14,3,0,0,1,3
952,1,1.8,0,11,0,11,0.6,128,2,4,782,1228,2796,13,2,16,1,1,0,2
1815,0,0.6,0,2,1,10,0.5,152,7,6,27,1110,2628,10,13,8,0,1,1,2
1659,1,2.3,0,11,1,45,0.4,120,3,20,339,704,3490,12,13,14,1,0,0,3
1852,1,1.9,0,10,1,27,0.1,159,8,6,1712,1419,1257,11,4,20,0,0,0,2
657,0,1.2,1,11,0,29,0.9,195,2,18,719,1044,2345,5,1,2,0,1,1,1
1976,1,1.3,1,5,1,57,0.5,158,3,19,200,1103,2661,16,18,17,1,1,1,2
1420,1,2.8,1,12,0,59,0.5,191,3,14,1841,1394,1324,18,1,4,1,1,0,1
1973,0,2.1,0,5,1,58,0.6,192,8,3,1960,546,3818,16,8,16,0,0,0,3
1032,1,1.7,0,11,1,51,0.8,94,6,4,979,1903,1137,19,0,7,0,0,1,0
1929,0,2.1,1,11,1,63,0.3,196,7,19,1231,833,477,11,7,4,1,0,0,0
1382,1,1.5,0,12,1,47,0.7,179,5,0,1480,1518,1466,5,15,6,0,1,0,1
607,1,1.7,1,15,0,57,0.7,131,7,10,129,1663,3310,9,9,8,0,1,0,1
1115,0,1.2,0,17,0,36,0.9,152,6,12,581,730,1658,17,4,15,0,1,0,1
706,1,1.6,1,15,1,5,0.1,154,6,17,1102,872,1067,7,7,14,1,0,1,0
1911,0,2.2,1,15,0,53,0.3,175,7,18,1078,1118,3520,13,1,15,1,1,0,3
956,1,0.6,1,17,0,60,0.5,177,8,5,649,1725,829,5,11,2,0,0,0,0
833,1,2.5,0,4,1,21,0.9,92,5,10,3,1453,850,9,0,20,1,1,0,0
1329,1,1.2,0,5,1,28,1.0,80,4,13,1868,1199,3620,6,6,10,1,0,1,3
1137,1,2.2,1,10,1,38,0.6,109,6,20,1204,1773,1458,6,1,4,1,1,1,1
645,0,2.1,0,9,1,43,0.3,143,6,11,1481,1208,262,7,4,19,0,1,0,0
1724,1,2.1,1,14,0,44,0.3,182,8,2,857,1828,1878,13,1,17,0,1,0,2
1768,0,2.0,0,0,1,26,0.7,158,6,19,994,1655,3029,15,17,3,1,0,0,3
1614,1,2.9,1,2,1,55,0.3,96,8,10,871,758,3089,9,14,10,1,1,1,2
1425,0,1.8,0,14,0,53,0.6,166,6,3,842,1074,582,17,17,19,1,1,1,0
1103,1,2.3,1,16,0,61,0.9,136,8,3,1315,537,1308,10,12,14,0,1,1,0
1313,0,2.3,1,6,1,38,0.5,124,7,4,1952,857,2569,16,9,5,1,0,1,2
1281,1,1.1,1,6,1,6,0.4,173,8,15,1524,533,2727,12,3,15,0,0,0,2
747,0,1.2,0,11,0,55,0.1,115,2,19,1308,657,2580,15,18,5,0,1,1,1
622,1,1.6,0,9,0,7,0.3,154,8,9,23,506,1520,19,17,8,0,0,1,0
879,0,1.2,0,3,0,14,0.7,102,3,2,1007,1507,3485,19,7,5,1,1,0,3
1181,0,1.4,1,10,0,19,0.4,126,7,18,1874,1114,548,13,4,15,0,1,0,0
740,0,1.5,0,16,0,13,0.2,147,4,13,780,1204,3335,19,7,19,1,0,0,2
660,0,2.0,1,14,1,47,0.2,155,4,11,1077,1645,3773,15,7,2,0,0,0,2
1777,1,1.0,0,16,1,29,0.2,191,6,1,636,1713,2820,9,17,13,1,1,0,2
1062,0,2.5,0,12,0,15,0.7,115,5,20,374,1298,1863,19,1,6,1,1,1,1
1376,0,1.6,1,17,0,2,0.7,188,6,1,1383,1186,1680,7,12,16,1,0,1,1
1286,0,2.3,0,4,0,15,0.6,178,1,12,614,1474,1887,12,14,4,1,1,0,1
1602,0,0.7,0,0,1,45,0.6,123,7,12,1152,1121,878,7,14,8,1,0,1,1
1609,1,1.7,1,2,1,52,0.2,96,4,10,1163,1163,1086,16,3,5,1,0,1,0
944,1,0.6,1,19,0,20,0.6,111,7,11,1663,947,2635,18,7,18,1,1,0,2
1771,0,2.2,1,12,0,6,0.2,159,3,8,1839,784,2315,17,6,3,0,0,0,3
1056,1,1.4,1,4,1,37,0.9,175,5,12,1085,798,2116,6,7,13,1,1,1,1
1752,1,2.9,1,17,1,51,0.2,154,5,7,98,1482,2033,9,1,4,0,0,1,2
1107,1,1.3,1,6,1,6,0.5,167,2,9,1141,1744,547,10,1,13,0,1,1,0
666,1,1.9,0,11,0,52,0.1,92,4,14,1734,1135,3503,6,0,16,0,1,0,3
1640,1,1.1,0,4,1,12,0.8,141,6,15,936,642,3832,12,18,16,0,1,0,3
545,0,2.1,0,1,1,18,0.2,185,7,3,1107,1414,1173,5,7,2,0,1,0,0
1658,1,1.7,1,5,1,41,0.9,127,8,20,1495,1852,1432,14,4,16,1,0,0,2
564,0,1.4,1,4,0,5,0.1,188,4,2,860,1290,2615,13,15,7,1,0,0,1
810,0,1.0,0,11,1,21,0.8,94,6,5,813,540,264,13,9,14,1,1,1,0
1405,1,0.8,1,0,0,10,0.7,198,2,7,945,622,638,18,6,20,0,1,1,1
1912,0,0.8,0,4,1,15,0.3,175,8,6,1670,1282,3631,16,2,4,0,0,0,3
1112,1,3.0,1,11,1,50,0.3,155,7,7,956,1791,901,8,7,8,0,1,1,0
680,1,1.5,1,7,1,16,0.4,154,8,6,641,587,2415,13,12,18,0,1,0,1
849,1,0.5,1,12,1,4,0.8,193,4,9,1170,1629,3558,17,11,4,0,1,1,3
1844,0,2.9,1,13,0,15,0.9,125,3,16,1358,1668,2999,17,7,6,0,1,0,3
1590,0,0.5,1,19,1,7,0.3,99,7,17,1789,577,1273,14,11,12,1,1,1,1
650,0,1.5,0,16,0,41,0.4,191,6,7,1751,817,827,6,14,20,0,0,1,0
1077,1,2.3,0,4,0,63,0.3,92,2,5,1535,505,2943,11,17,7,0,1,1,2
896,0,2.8,1,13,1,12,0.2,159,5,14,1508,1348,1770,17,10,9,1,1,1,1
766,1,2.3,0,12,1,47,0.7,112,6,1,881,761,3877,6,4,17,0,1,0,2
1769,0,1.7,0,11,0,24,0.4,192,4,9,671,1873,2670,13,2,4,1,1,1,2
1426,0,2.9,0,15,1,6,0.3,197,3,4,1103,636,297,13,2,8,1,0,1,0
769,0,0.6,1,2,1,45,0.9,137,2,12,1385,1473,1195,8,0,8,0,1,0,0
1476,0,3.0,1,7,0,15,0.8,144,4,1,1016,1679,3042,10,10,9,1,1,1,3
1120,0,2.6,1,16,1,34,0.8,135,2,17,405,767,2881,19,4,12,0,1,1,2
592,0,2.8,1,17,1,33,0.1,131,3,5,28,878,3032,13,4,6,0,1,1,2
1174,1,1.1,1,0,0,39,0.9,193,2,10,114,1694,1130,19,13,9,0,1,0,0
777,1,0.9,1,9,1,10,0.6,114,4,12,835,639,1189,12,6,19,1,0,1,0
867,1,2.2,1,5,1,17,0.6,196,6,9,1551,1161,1038,17,15,17,1,1,1,0
1818,0,1.8,0,3,1,48,0.1,158,4,9,1548,874,2860,14,2,20,1,1,1,3
1565,0,1.8,1,1,1,60,0.9,196,2,5,1584,519,299,18,6,14,1,1,1,0
701,1,2.8,0,10,1,2,0.6,154,7,16,1390,1176,3303,9,0,13,1,0,0,3
1777,1,2.1,1,13,1,28,0.8,179,4,10,44,1229,1311,10,10,6,0,1,1,1
1361,1,1.3,1,10,1,57,0.7,139,5,4,1732,1020,2082,5,2,5,0,0,0,2
1811,0,1.5,1,7,1,20,0.8,135,5,5,1858,1717,1179,8,4,12,0,0,0,2
1620,0,0.8,1,15,1,30,0.7,111,5,9,1666,643,1847,7,13,9,1,0,0,1
1008,1,1.0,1,13,1,58,0.9,105,4,17,874,1144,3116,7,16,16,1,0,1,2
1302,1,0.9,1,18,1,63,0.3,84,7,20,421,770,998,9,10,2,1,1,1,0
1296,1,2.5,0,6,1,43,0.3,126,7,8,1775,1636,2388,18,18,18,1,1,0,2
1579,1,2.3,0,4,1,45,0.7,199,8,8,363,1334,470,10,14,5,0,0,1,0
872,0,1.8,1,9,1,40,0.6,193,4,2,1545,1557,921,17,14,9,1,1,0,1
999,1,1.4,1,10,0,19,0.6,163,3,11,1893,661,2817,17,18,8,0,1,1,3
867,1,2.2,0,9,0,57,0.7,123,1,5,1766,1184,2382,19,1,19,0,1,1,1
944,1,2.5,1,16,1,4,0.6,142,4,17,1021,575,2544,12,4,15,0,0,1,2
741,1,2.7,1,0,1,5,0.8,171,8,11,1634,984,1099,17,8,2,1,0,0,1
554,0,1.9,1,10,0,39,0.4,80,3,4,1629,1916,1027,11,11,18,0,1,0,0
1910,1,2.5,0,8,1,54,0.9,191,7,19,1910,1589,1848,14,18,14,1,0,0,3
611,0,1.8,1,4,0,53,0.2,185,7,17,706,617,738,17,1,3,0,1,1,0
1831,1,1.7,0,12,0,44,0.7,197,6,6,1233,1053,3580,7,4,16,1,1,1,3
504,0,2.7,0,16,0,25,0.9,91,5,2,1602,1805,1258,5,5,2,1,0,0,1
1666,1,1.5,1,10,0,24,0.3,194,7,5,445,754,2948,7,12,10,0,0,1,2
992,1,1.5,1,1,1,28,0.4,154,1,7,442,1634,842,15,18,5,0,1,1,0
1276,0,1.3,0,1,1,18,0.4,147,2,8,763,980,2693,12,17,2,0,0,1,3
923,0,1.8,0,8,0,28,0.6,101,2,17,705,1215,1019,9,14,12,0,0,1,0
1235,1,1.9,0,13,0,8,0.5,139,7,20,1474,1814,1309,16,14,15,0,0,0,1
1177,0,2.2,1,6,0,22,0.2,123,4,15,1835,1508,1798,5,7,11,1,1,0,1
1294,1,1.6,1,6,1,61,0.9,199,2,17,307,924,722,7,11,8,1,1,1,0
1089,1,1.0,0,17,0,46,0.3,121,1,2,637,513,722,12,3,11,1,0,1,0
1304,1,2.7,0,0,0,10,0.6,106,4,3,1823,852,3074,18,9,4,1,1,0,3
1738,0,1.4,1,1,0,20,0.6,194,4,19,1166,1126,1549,16,5,2,0,0,1,1
1151,0,2.8,0,3,0,18,0.1,102,2,12,402,699,2381,15,17,4,0,0,1,1
1042,1,1.0,0,19,1,19,0.2,189,1,4,1183,1822,2675,15,6,3,0,0,1,2
697,1,1.9,0,9,1,45,1.0,196,7,16,1717,582,2586,9,7,16,1,1,0,2
1039,1,1.8,1,3,0,58,0.7,117,7,3,733,1310,2604,11,7,13,1,1,1,2
688,0,2.6,0,6,0,46,0.1,163,2,16,948,1964,3905,18,17,5,1,0,0,3
773,1,0.8,0,19,1,32,0.8,176,4,18,1203,1002,2616,15,17,12,1,0,0,2
1928,1,2.8,0,13,0,12,0.6,144,3,10,1648,1304,1559,13,8,11,0,1,1,2
634,1,1.8,0,4,1,11,0.2,164,4,13,1107,610,1321,6,18,4,1,0,0,0
1223,0,2.0,0,4,1,53,0.7,95,1,15,1879,1593,3253,15,14,20,1,1,0,3
1751,1,1.8,0,1,0,44,0.5,142,8,18,1480,1965,1834,10,16,19,1,0,1,2
1929,1,0.6,0,15,1,34,0.3,142,6,12,827,1658,2348,10,17,16,1,1,1,3
720,0,1.7,0,2,1,38,0.9,148,8,6,955,724,3306,15,6,17,0,1,0,2
745,1,1.2,0,5,0,55,0.4,194,3,4,1366,1028,1136,10,10,12,0,0,0,0
1058,1,1.4,1,6,1,53,0.4,179,7,7,138,1584,1088,13,5,17,1,1,0,0
1331,0,2.1,0,12,1,7,0.3,152,5,1,444,1697,453,5,5,12,1,0,0,0
1939,1,1.7,1,12,1,26,0.8,128,2,14,467,1104,526,7,8,5,1,0,1,1
811,1,0.7,1,15,1,4,0.7,128,3,7,1570,1941,2561,13,0,5,0,0,0,2
746,1,0.7,1,5,1,26,0.9,82,7,14,1612,805,2140,19,4,18,0,0,1,1
879,0,1.0,1,7,1,42,0.3,146,7,1,1607,1611,1369,16,15,10,1,1,0,1
1811,1,1.0,1,7,1,15,0.8,110,6,6,206,1244,1047,11,3,15,1,0,0,0
545,1,2.0,0,0,0,11,0.6,187,2,8,578,1566,2859,19,11,4,1,0,0,1
1070,0,0.9,0,14,1,32,0.4,173,6,1,612,1393,575,9,14,10,0,1,1,0
678,1,2.7,0,10,0,35,0.1,190,8,17,47,1147,2878,18,4,3,1,0,0,1
735,0,1.0,1,9,1,46,0.8,200,1,12,505,1722,3642,11,8,6,0,1,0,2
1875,0,0.7,1,19,1,2,0.3,128,3,17,845,1761,1960,6,16,4,1,0,0,2
502,1,2.7,1,3,0,17,0.7,131,1,16,1736,1725,2107,5,15,5,0,1,1,1
982,0,1.2,1,19,1,51,0.6,153,1,0,333,633,2263,19,17,13,0,1,1,1
1873,0,1.6,0,13,1,44,0.1,132,8,18,1687,1134,612,14,11,2,1,1,0,0
1412,0,2.9,0,4,0,58,1.0,113,2,1,1605,1623,2601,7,16,5,0,1,1,2
607,1,2.9,0,13,1,53,0.8,165,2,18,310,1799,1623,19,7,15,0,1,0,0
1197,0,2.3,0,15,1,54,0.5,134,1,14,512,1042,2009,5,11,4,1,0,0,2
1956,1,0.7,1,7,1,34,0.7,193,8,17,898,1610,341,10,12,12,1,0,1,0
1100,1,2.0,0,6,0,62,0.5,106,4,10,1850,1348,3539,16,18,18,0,1,0,3
1292,1,3.0,1,16,1,28,0.8,133,7,3,1539,830,1503,5,6,16,1,0,1,1
1297,1,2.9,1,3,1,58,0.2,144,3,3,1905,1838,540,18,16,4,1,0,0,1
1490,0,0.8,0,0,0,26,0.5,189,6,2,612,1166,3183,15,9,4,0,0,0,3
780,0,1.5,1,13,1,29,0.4,149,8,16,1782,1406,3923,19,1,15,0,1,0,3
1759,1,1.3,0,18,1,45,0.5,88,6,11,1874,932,2202,17,12,8,1,1,0,2
1982,1,0.8,1,10,1,27,0.5,120,5,4,1175,538,381,17,18,9,0,1,0,0
713,1,2.2,1,2,0,11,0.2,187,2,2,302,1178,3968,8,8,11,1,0,1,3
1727,0,1.2,0,10,1,58,1.0,112,2,1,524,1583,1034,8,10,13,1,1,0,1
1725,0,1.4,1,5,1,30,0.1,121,5,5,252,990,1155,8,17,10,1,1,1,1
1612,1,0.7,0,16,0,60,0.1,98,4,15,1583,1892,2907,7,17,2,1,1,1,3
1056,1,1.7,1,12,0,27,0.4,167,1,18,613,1624,1498,14,7,3,1,0,0,1
1203,0,0.9,0,6,1,63,0.7,96,2,12,1375,1462,574,5,14,2,1,1,1,0
1758,1,1.6,0,12,1,39,0.3,124,4,20,524,1709,2811,11,11,7,1,0,0,3
729,1,0.9,0,13,0,50,0.6,166,2,8,1916,1791,1237,13,12,17,1,0,0,1
1743,0,2.9,0,13,1,49,0.8,188,5,6,1517,1581,3481,13,13,20,1,0,0,3
1880,1,0.9,0,7,1,14,0.2,106,3,14,739,1737,832,12,6,11,0,1,0,1
1522,0,1.8,1,11,0,53,1.0,120,3,2,934,1569,3647,8,5,2,0,0,1,3
1012,0,1.0,1,0,1,61,0.4,94,1,19,115,1791,2964,6,0,3,1,1,0,2
1338,0,0.7,1,8,1,43,0.7,132,5,16,268,655,1152,19,16,17,1,1,1,1
575,1,1.0,0,7,0,61,0.2,200,2,0,1957,1015,2422,11,5,8,1,0,0,1
1897,1,0.6,0,10,0,55,0.7,116,6,3,1599,1830,3768,13,12,18,0,0,0,3
1013,1,0.8,1,19,0,43,0.9,111,8,13,1643,1210,497,13,13,11,1,1,1,0
585,1,1.7,0,19,1,32,0.2,128,8,15,1261,522,3324,10,13,18,1,1,0,2
1691,0,2.1,0,9,0,56,0.2,188,6,4,434,1771,1978,15,16,4,0,0,0,2
1486,0,0.7,0,12,1,13,0.4,146,7,15,206,1482,3808,10,16,18,0,0,1,3
1434,0,1.6,0,2,0,37,0.1,153,8,9,1422,1864,1036,11,0,12,1,0,0,1
581,1,2.0,0,9,0,53,1.0,174,6,14,650,524,2948,17,15,10,0,1,1,1
1626,1,1.1,1,13,0,61,0.6,166,3,8,1,720,3878,9,3,12,0,1,0,3
1455,1,1.4,0,13,1,18,0.6,152,5,9,44,1265,1542,15,12,8,1,0,0,1
1690,0,0.7,1,19,1,7,1.0,147,7,8,1093,772,659,14,12,13,1,0,1,0
1740,0,1.1,0,9,0,23,0.8,144,6,3,1647,1280,1723,5,1,16,0,0,0,2
817,0,1.7,0,18,1,56,0.8,101,3,3,711,1019,2494,15,5,17,0,1,0,1
815,0,3.0,1,19,1,35,0.4,130,2,3,1960,815,2614,17,17,20,1,1,1,2
1885,0,3.0,1,11,1,5,0.4,182,2,16,747,1654,2059,9,2,9,1,0,1,2
1296,1,2.9,0,1,0,9,0.4,84,4,8,1438,558,3746,18,4,16,0,0,1,3
1156,1,1.6,0,7,1,23,0.4,180,7,7,479,1811,2419,5,1,18,1,1,0,2
930,0,0.7,1,15,1,23,0.4,148,5,17,1190,730,2654,7,3,2,0,1,1,2
1458,0,1.3,0,11,1,10,0.2,122,1,18,538,1369,3836,19,12,11,1,1,0,3
1630,1,1.1,1,18,1,33,0.4,93,8,4,1526,1986,3771,17,15,15,1,0,1,3
503,0,0.5,0,16,0,32,0.5,172,4,7,891,669,1533,16,11,10,1,1,0,0
1328,0,0.7,1,1,1,14,0.4,80,4,8,81,1889,1326,14,5,3,0,1,1,0
1990,1,1.6,0,17,1,16,0.2,145,7,17,486,955,3058,8,16,14,1,1,1,3
920,1,1.3,1,7,1,43,0.4,99,4,14,690,1610,2221,12,6,9,0,0,0,1
921,1,1.0,1,16,1,61,0.5,189,5,11,914,1784,1930,13,5,13,0,0,0,1
